REFCODE,W sigma,W sigma_11,W sigma_22,W sigma_33,P sigma,P sigma_11,P sigma_22,P sigma_33,W Distortion zeta,W Distortion delta,W Distortion sigma,W Distortion theta,C1-W-C2 angle,C1-W dist,C1-O dist,W-C1-O angle,C1 sigma,C1 sigma_11,C1 sigma_22,C1 sigma_33,C2-W dist,C2-O dist,W-C2-O angle,C2 sigma,C2 sigma_11,C2 sigma_22,C2 sigma_33,C3-W-C4 angle,C3-W dist,C3-O dist,W-C3-O angle,C3 sigma,C3 sigma_11,C3 sigma_22,C3 sigma_33,C4-W dist,C4-O dist,W-C4-O angle,C4 sigma,C4 sigma_11,C4 sigma_22,C4 sigma_33,C5-W-P angle,C5-W dist,C5-O dist,W-C5-O angle,C5 sigma,C5 sigma_11,C5 sigma_22,C5 sigma_33,P Distortion zeta,P Distortion delta,P Distortion sigma,P bonds,P-W dist,?1 atomic number,?1 bonds,W-P-?1 angle,P-?1 dist,?2 atomic number,?2 bonds,W-P-?2 angle,P-?2 dist,?3 atomic number,?3 bonds,W-P-?3 angle,P-?3 dist
ABAHOE_#[2],2864.74,2251.37,3035.23,3307.63,-549.73,-1543.48,-216.25,110.55,0.5915118975071807,0.0039479600222733,31.57684194056229,116.50049387942178,173.84623589317653,2.0612326627530417,1.1362301043362653,172.443118121306,-30.72,-165.51,-172.31,245.67,2.044566332990936,1.1395980738839464,177.5902112762505,-28.91,-165.47,-175.46,254.19,177.52932936670328,2.048662737006753,1.1352887253910349,178.59506275103513,-32.57,-168.89,-174.03,245.21,2.0665719730994128,1.1282190212897494,178.34149097688953,-27.11,-162.49,-172.89,254.04,170.94119713166364,2.037368989653077,1.1396007239379935,178.43453577379864,-51.56,-174.86,-185.94,206.12,0.4599818380473359,0.0050079951933557,41.105743398543765,3,2.4065876776049526,74,6,132.12113694341005,2.4238734806090863,16,2,123.16879492618584,2.0702442005715174,0,0,0.0,0.0
ABAHOE_#[4],2904.77,2432.16,3094.52,3187.62,-549.73,-1543.48,-216.25,110.55,0.6286689537727446,0.0044489126691295,25.94439470428317,105.09707970303968,175.85955350807407,2.0550868667771685,1.1372447186072137,178.4060864294015,-32.41,-169.54,-175.55,247.86,2.050625109570249,1.1403291586204394,177.34206228837084,-32.58,-168.45,-177.33,248.05,175.17740942103666,2.0483527869973965,1.1410636090946027,176.6540843317738,-32.12,-167.79,-177.33,248.77,2.0354785825451467,1.143429009602258,177.06355539567585,-35.19,-171.65,-180.63,246.71,173.94338405634525,2.0438171958372395,1.137325542665776,178.69175768274317,-51.12,-173.9,-185.75,206.28,0.4599818380473359,0.0050079951933557,41.105743398543765,3,2.4238734806090863,74,6,132.12113694341005,2.4065876776049526,16,2,104.68418847105212,2.0702442005715174,0,0,0.0,0.0
ABAHOE_#[6],2874.25,2284.59,3059.52,3278.63,-529.27,-1521.62,-189.17,122.97,0.5915618662599185,0.0039455239813815,39.01864094789228,136.33069976309153,174.9517912629079,2.0617724268211566,1.131310960788411,178.3993172789984,-28.76,-163.15,-174.77,251.63,2.0555560537236635,1.1295264405935783,178.55436275050567,-33.08,-170.02,-171.91,242.68,175.713732346895,2.060739182914713,1.137371583960141,173.86546341382055,-31.41,-167.68,-174.29,247.76,2.0416344138949065,1.138308279860952,178.41825658974287,-28.87,-165.42,-175.44,254.25,168.50178914722926,2.0381220890810257,1.140962830244702,176.43634311810328,-51.28,-174.42,-185.27,205.85,0.4684376605859843,0.0052044886099088,42.77687802620609,3,2.406501953043045,74,6,133.10682111992563,2.4228893536437046,16,2,122.98784026838788,2.0633674079038866,0,0,0.0,0.0
ABAHOE_#[8],2897.02,2412.62,3097.06,3181.38,-529.27,-1521.62,-189.17,122.97,0.6173225653280552,0.004268563353321,18.46337055518813,77.02111686752535,177.0483646406496,2.0488946141761417,1.141081193430161,177.47477930700651,-31.92,-169.48,-177.18,250.91,2.051083074865569,1.1379913663995855,177.99243814239622,-33.26,-170.88,-178.63,249.74,178.77201222358187,2.06344494716966,1.134138025109819,179.3852624117613,-31.75,-168.76,-175.22,248.73,2.0482540223321912,1.1350402856286643,178.9472577256343,-31.28,-167.35,-174.97,248.49,176.2365230024403,2.050802413690797,1.11963399823335,178.25453955315243,-43.67,-167.96,-176.97,213.93,0.4684376605859843,0.0052044886099088,42.77687802620609,3,2.4228893536437046,74,6,133.10682111992563,2.406501953043045,16,2,103.8177833621074,2.0633674079038866,0,0,0.0,0.0
ABAJAS_#[4],2743.01,2392.75,2818.05,3018.21,-608.9,-1559.16,-395.3,127.75,0.6061583511080864,0.0040967988915932,23.34900075495161,99.00136487393604,172.68288604629694,2.048370952732928,1.1322816875671873,177.08588293691892,-29.37,-166.75,-172.62,251.27,2.061407853870747,1.1304266274287769,174.22236492069936,-29.99,-164.69,-172.59,247.31,177.84283273966997,2.058182773710829,1.1288781067945286,177.88993103068947,-30.25,-163.1,-171.56,243.9,2.070867808432011,1.124616250104897,176.9853462515886,-28.59,-160.52,-170.84,245.59,176.89825182154794,2.058650142690594,1.1279501983687046,179.0555858105807,-48.64,-168.39,-180.57,203.05,0.2833242888268845,0.0018228162631383,42.110646268915104,3,2.4231909169522736,74,6,132.95566653810516,2.41410942171228,34,2,104.18659999795943,2.2061569527121137,0,0,0.0,0.0
ABAJAS_#[8],2886.36,2287.89,3085.3,3285.9,-608.9,-1559.16,-395.3,127.75,0.6066560788783009,0.0041525780040574,24.351466069949566,94.8052860230492,178.52595466968577,2.0570308723983697,1.1337747483517184,178.70216678412183,-31.1,-168.71,-173.89,249.31,2.056236020013268,1.1368638396923345,178.72074032490164,-29.14,-164.16,-177.53,254.28,177.40565427432162,2.0630898332355763,1.1438361202549954,175.0143729853145,-33.12,-168.61,-178.0,247.24,2.038982086728572,1.1454018421497325,179.8121043483521,-32.15,-168.93,-179.37,251.86,174.30410461228624,2.0352400595507154,1.146513576020799,177.53445158796467,-56.92,-178.01,-189.82,197.07,0.2833242888268845,0.0018228162631383,42.110646268915104,3,2.41410942171228,74,6,132.95566653810516,2.4231909169522736,34,2,122.84157972876936,2.2061569527121137,0,0,0.0,0.0
ABAJEW_#[2],2840.96,2366.49,3050.56,3105.82,-606.47,-1566.19,-402.4,149.19,0.6444334323547793,0.0046434452420941,16.42772412437877,72.88142695916042,177.84598851290718,2.048936243517597,1.1366762995681745,178.86072502063757,-33.82,-167.63,-178.7,244.88,2.058082335573579,1.1403076295456414,178.39343890931474,-34.52,-173.06,-177.7,247.2,176.46497777235996,2.0552527095226027,1.1330047705106985,176.87911870425862,-29.38,-165.33,-173.23,250.41,2.0485699548709584,1.1375053318556358,177.68113458869578,-32.16,-167.84,-178.43,249.79,177.79580397810383,2.045096643193176,1.1363179880649616,178.840891908984,-53.6,-173.33,-186.15,198.68,0.2903902654217951,0.001926314016942,46.04100490958861,3,2.4378476367484505,74,6,134.9078991664907,2.4114728010077147,34,2,102.2151041775404,2.206867519811736,0,0,0.0,0.0
ABAJEW_#[4],2795.11,2189.59,3038.82,3156.93,-606.47,-1566.19,-402.4,149.19,0.5945836076733713,0.0039809630502714,35.06149789207208,123.52672400341116,171.918795062066,2.039452813869445,1.133062774077412,176.9078272701554,-28.52,-163.76,-172.66,250.87,2.057138920928774,1.1356361168966052,170.93861635064718,-30.87,-164.53,-171.64,243.57,176.96202852928727,2.0740371790303094,1.1237433069878544,177.7326814425035,-28.16,-162.35,-170.94,248.82,2.0574878614465746,1.1435320765068195,177.8154671381472,-32.17,-167.26,-178.79,249.55,172.67958718161532,2.04549640674336,1.1353176251604675,178.92943463724887,-52.57,-172.49,-185.9,200.69,0.2903902654217951,0.001926314016942,46.04100490958861,3,2.4114728010077147,74,6,134.9078991664907,2.4378476367484505,34,2,122.84820992063835,2.206867519811736,0,0,0.0,0.0
ABAJEW_#[6],2841.38,2347.0,3024.88,3152.27,-600.45,-1534.28,-418.6,151.52,0.6423567453444528,0.0046392377326069,22.655021119562804,90.06969315091845,177.30400463391564,2.072697387463978,1.1253676554797547,177.32459866559847,-29.32,-163.13,-172.2,247.37,2.0484400625842096,1.1334623946121891,178.16077244818712,-32.31,-170.32,-175.49,248.88,179.26155636279535,2.049859443961951,1.1425896113653409,179.04566557282124,-32.53,-169.88,-178.38,250.67,2.043188637889317,1.1464560785307034,179.41039849574696,-35.52,-171.97,-181.82,247.24,174.10129772033986,2.0383765746299183,1.1395989952610528,177.7174279524609,-55.48,-176.51,-185.95,196.0,0.3030163300104109,0.0020953460997739,43.50674523850861,3,2.4359264685125464,74,6,133.23457755593213,2.4134907851491785,34,2,103.49426733455908,2.197446379323054,0,0,0.0,0.0
ABAJEW_#[8],2852.69,2385.76,3011.05,3161.26,-600.45,-1534.28,-418.6,151.52,0.5988432564930912,0.004038624246979,40.189682171977935,145.49996804582574,173.8629916866579,2.052122951969497,1.1310792766203437,177.92970893410543,-28.64,-166.86,-172.32,253.24,2.063692033710456,1.1438718503398897,172.0041525193833,-33.03,-170.71,-175.05,246.68,174.4503553298085,2.056577362999018,1.1290121168526046,177.25956772030264,-29.96,-164.78,-170.32,245.22,2.066087483626964,1.136167263214357,179.0877662216842,-31.21,-165.16,-175.04,246.58,169.31151011706564,2.032444323960682,1.1448412160644823,177.01567690884156,-56.98,-176.45,-189.1,194.61,0.3030163300104109,0.0020953460997739,43.50674523850861,3,2.4134907851491785,74,6,133.23457755593213,2.4359264685125464,34,2,123.26643501713556,2.197446379323054,0,0,0.0,0.0
ADOBUT_#[4],3672.6,3588.3,3633.64,3795.86,448.45,360.78,477.57,506.98,0.835861123898868,0.0078911361633403,17.194332033169815,83.41936276366788,178.11871439728174,2.0340974239204965,1.1470080252552726,178.71435163638972,-35.68,-177.79,-181.18,251.93,2.05017760450162,1.139889161278411,176.27729281252587,-33.96,-175.67,-180.28,254.08,177.16996483478593,2.057785882933402,1.113641100175456,178.3804107230303,-26.71,-165.88,-169.79,255.55,2.068444877196393,1.1286029461241005,176.17920936590923,-30.78,-171.38,-176.13,255.15,176.6120096473417,1.988773473777243,1.140782174650358,177.83622813775605,-36.25,-170.48,-175.54,237.25,1.6458461096280086,0.0639142765520949,34.20693429144265,4,2.541372526805151,5,4,113.3351753405361,1.9424177974884809,1,1,113.54103550108108,1.4187007929792663,1,1,117.81561687840644,1.419243421686357
ADOCAA_#[2],3693.49,3591.15,3648.42,3840.9,426.95,333.16,470.16,477.52,0.8336356874015383,0.007862581907445,22.68495172691001,90.6901415940225,179.15643939823642,2.038795149101547,1.145231356538931,179.6548115954917,-36.88,-178.6,-181.97,249.94,2.05949391113448,1.1257120990732934,178.82862661539974,-30.8,-170.24,-174.66,252.5,173.7785928110182,2.0336590692640684,1.1372091848028665,177.4347571377431,-35.3,-175.26,-180.82,250.2,2.0349873365699365,1.143265476606374,176.99039822997307,-36.99,-176.52,-184.27,249.8,177.48532072526976,1.990684419992281,1.1613297077057827,178.75464379181244,-43.66,-180.55,-184.79,234.36,1.6503711571046935,0.06294152003809,33.099566487889305,4,2.5317053896533857,5,4,119.62158153382178,1.9582688732653648,1,1,112.08871998209976,1.419023502271897,1,1,111.88052114994332,1.4205796035421592
ADOCEE_#[4],3628.77,3491.67,3624.8,3769.84,423.03,323.78,467.04,478.26,0.8302550496772361,0.0077540543139583,17.63291459857311,87.066641978671,179.20141697391117,2.0451223361940967,1.1399468803413602,177.98468348159537,-34.43,-174.06,-180.41,251.17,2.0519396531087355,1.1355249490874255,177.99146464066231,-31.6,-173.02,-178.08,256.32,177.0434947040563,2.048430262420471,1.1428136943526714,179.28708101973035,-35.04,-175.48,-182.74,253.09,2.038959259033883,1.138186755326207,176.51185344021968,-34.02,-174.34,-179.29,251.57,177.28238890622032,1.9957746491024484,1.154933634456976,178.62671042871878,-41.81,-178.04,-181.91,234.52,1.6378043382130385,0.0631191791531595,35.97979110309046,4,2.534198261778269,5,4,115.97593244982605,1.94359825838572,1,1,116.05756458571318,1.418661319695437,1,1,113.30449145646418,1.4213308622555128
ADOCII_#[2],3683.63,3593.36,3624.84,3832.68,421.56,326.89,461.31,476.49,0.823515257265667,0.0075727125125957,23.883870201755272,91.59127249147993,179.10631718954872,2.056125742750185,1.120440600835224,178.13002579743642,-28.44,-167.56,-171.92,254.17,2.0457878115777306,1.1284014267981053,179.46654523568205,-31.65,-171.74,-175.35,252.13,173.68001398946942,2.0469028824055133,1.135404918960632,177.30849158762268,-34.5,-173.75,-181.42,251.69,2.0440486833732696,1.1358877541377062,177.60737366263626,-35.03,-174.98,-180.66,250.57,176.8067065687834,2.0093670296887027,1.1412771179691636,178.5934037138267,-38.39,-174.12,-178.22,237.16,1.6422652109994071,0.0632374810014419,34.0094522378877,4,2.5345555843184817,5,4,118.9894514639448,1.9465921272829605,1,1,113.27862012621148,1.4203696596309003,1,1,111.86692911934546,1.4185128409711345
ADOCOO_#[4],3635.96,3572.22,3599.58,3736.08,416.32,322.41,449.86,476.69,0.8140469940832573,0.0074527695583413,25.27140436403016,77.96191832376296,175.91121071565416,2.047358698420968,1.1392709862012638,176.9086549895861,-37.43,-176.98,-180.85,245.55,2.0603769703624635,1.1320865779612437,179.59690965464978,-33.02,-175.5,-179.3,255.76,174.7626131383173,2.0367069966001483,1.1560421142847692,177.29050022768573,-41.97,-184.46,-186.8,245.35,2.0480551994514222,1.1401795735760225,175.79201616352395,-34.98,-176.63,-183.12,254.83,178.7830540662303,1.999820806972465,1.15106662274605,179.7484662482569,-42.39,-176.92,-180.62,230.38,1.6231608995612117,0.0622861612741809,34.65910154605736,4,2.526891930811447,5,4,118.61661581138668,1.9387148139940544,1,1,113.16083944064168,1.4209795846527842,1,1,112.71189605142102,1.4214662605915056
AFIRUC_#[2],3484.77,3226.9,3566.77,3660.62,95.51,-74.21,114.43,246.3,0.7930723122204653,0.0071228004869267,39.03051909255292,131.90403129784792,176.86763149639572,2.0284761595838403,1.150360786883836,176.94896310694892,-40.69,-177.91,-187.63,243.48,2.0728850161067784,1.1302712108162358,179.28843764618577,-31.46,-172.07,-176.45,254.14,175.6079547534432,2.064533085227747,1.132884910306427,178.80776361606908,-29.46,-169.05,-175.14,255.81,2.0414220876634013,1.144971693973262,175.6656294812632,-35.29,-177.04,-178.68,249.85,170.9598326878497,1.9990047048468893,1.159437303177709,179.15318936303768,-46.41,-184.28,-186.44,231.5,1.0547248991618488,0.024902668281032,36.32644724780896,4,2.517107598018011,7,2,107.52386774377231,1.6930509620209304,6,4,118.64764585782748,1.902912593893897,6,4,117.10850180763828,1.845909439815508
AGUMUM_#[4],3417.61,3256.19,3331.79,3664.85,278.79,238.31,280.46,317.61,0.8253178502435294,0.0077546286732109,18.13447991066127,90.06897683235846,177.30432858859058,2.0357201330241828,1.1426704993129035,177.2597784838167,-33.59,-175.12,-177.78,252.12,2.062470979189768,1.1297149419211912,177.14182450266782,-26.14,-166.51,-172.09,260.19,177.76264194636764,2.0348295800877287,1.143606357100204,177.7642267818894,-34.44,-175.29,-180.63,252.58,2.0492545961885744,1.1382574313396767,178.03841168675046,-31.38,-173.61,-175.17,254.64,175.3497134314996,1.981181016464674,1.1598610390904591,176.41902271348633,-45.0,-182.84,-185.05,232.9,1.0387750934781976,0.0223383759372084,27.76179200734775,4,2.5278819711371026,6,4,106.46973671227904,1.83508049959668,6,3,115.5452175782028,1.815863249256397,6,4,116.83024760274142,1.855151977601836
AGUNAT_#[2],3486.95,3358.98,3432.21,3669.66,268.65,205.57,277.88,322.5,0.8415293982293239,0.0079723669077396,42.488148272243066,162.85362084095482,174.1201976665857,2.065947080638805,1.124106445137648,178.8461605576365,-30.56,-170.01,-174.51,252.83,2.054907572130678,1.1335971330238976,178.66465272269036,-30.2,-171.97,-174.44,255.8,168.23238344935814,2.0358289147175417,1.144241381877093,173.6951203104919,-36.25,-175.25,-180.0,246.49,2.034342999594709,1.1554505311782066,171.4970720536772,-40.05,-179.9,-180.75,240.5,174.86078903202153,1.9959720589226684,1.1464691404481853,176.2208566713477,-40.53,-175.34,-182.65,236.41,1.0702557212046953,0.0236987134986296,31.105028402110506,4,2.542317364138474,6,3,116.3770386697583,1.8271845062828231,6,3,116.9062318169876,1.8228946733149447,6,4,110.00534312766172,1.836361470408264
AGUNAT_#[4],3585.15,3533.09,3594.67,3627.69,259.09,194.96,249.92,332.39,0.8045562180885764,0.007260799553776,24.095706275144394,111.2949547343036,173.16467501172642,2.047605110855117,1.1357694220219172,174.4249643236682,-33.18,-173.62,-177.82,251.9,2.0439743516003333,1.1363533825355556,175.72672127849964,-30.57,-171.88,-174.82,254.99,176.34791873345495,2.037221053297852,1.1386785455079051,177.8666875420202,-33.75,-174.81,-181.38,254.94,2.0554570148752807,1.1349901981955617,177.80822690239424,-31.93,-173.49,-179.49,257.18,179.12390834625154,2.0072854555344146,1.13836512156689,178.25383403733244,-37.39,-173.9,-177.83,239.57,1.0308030208170964,0.0220151310276237,40.21485997145979,4,2.5210423280857457,6,4,117.35614292014996,1.8354069031144025,6,3,117.70663137666308,1.8377043124507275,6,3,112.37720280407108,1.8284097270579147
AKUGAQ_#[4],3437.52,3015.84,3543.1,3753.62,418.19,192.97,230.42,831.18,0.8371124841217583,0.0079487071882014,30.384184496042693,115.78856468197554,172.3588957187953,2.0417097247160285,1.146352659524982,174.9783714518121,-32.66,-172.23,-176.7,250.96,2.02267388622091,1.1494158777396462,175.87644480780355,-36.26,-176.76,-179.75,247.74,177.9019928774991,2.0461083084724514,1.1414153012817032,176.85589881051337,-34.27,-174.03,-177.95,249.17,2.0435039760176643,1.134982563742721,177.66963236172342,-32.27,-171.18,-176.44,250.81,175.92160859975527,1.9868151851644376,1.1515109769342204,177.56885182555948,-39.89,-176.36,-182.56,239.25,1.0449490459363575,0.0194876266971917,101.91952452604046,4,2.530429706591353,15,2,123.37037588588544,2.1675934904866274,6,3,119.84472842238448,1.8045585277291512,6,4,118.03083920007845,1.848515623412472
ALODUB_#[4],3626.08,3502.17,3670.85,3705.22,121.66,-57.33,169.46,252.85,0.7103773644945162,0.0057021491646252,29.85212248521921,121.8799022165821,176.11981204864236,2.048390770824747,1.1366839754302869,178.94459637498383,-31.2,-175.97,-179.56,261.94,2.0503998195473963,1.1395219743383642,178.23710567934347,-33.66,-175.4,-181.96,256.37,172.56921389659612,2.033037382833872,1.1433140294774662,175.96877781492918,-34.07,-177.61,-178.13,253.53,2.059266211542354,1.1385171628043205,174.0242339751733,-31.16,-170.63,-174.5,251.64,171.95379072200296,2.014527589783769,1.1411421690569497,175.28612927394968,-37.61,-174.01,-177.84,239.03,1.0163917111109717,0.0241597223191658,60.42291417705701,4,2.467350773603137,8,2,113.12986655852714,1.6607667686945082,6,4,127.92020968414276,1.8827092473348088,6,4,115.5017726691088,1.8257928825581493
ALOFAJ_#[2],3701.93,3643.95,3710.65,3751.19,144.98,-82.74,202.75,314.93,0.6230387664341017,0.0044101661030931,18.68725242458449,79.56266810242427,176.72646158895813,2.047562895248886,1.1333178989145103,177.1807769277268,-29.27,-171.24,-175.31,258.75,2.057992356642755,1.1378992705859334,178.19304167651578,-29.25,-173.91,-178.28,264.44,176.71791927479535,2.040472736892116,1.140597615287705,177.83062374115042,-31.08,-173.96,-178.44,259.16,2.050408176437072,1.140395536645071,176.86147433541908,-31.3,-174.02,-179.1,259.21,176.56709903656835,2.01961601795985,1.1429675804676165,178.6821103317802,-37.02,-172.92,-179.85,241.72,0.9396795016354064,0.0214855867605913,91.70465110623326,4,2.417033696496597,8,2,116.22378457111355,1.6474902427632157,6,4,124.45448558861708,1.8822641100546968,6,3,128.50646656804557,1.8419877334010664
APAZUO_#[4],3480.74,3286.02,3464.75,3691.47,75.41,-173.96,155.16,245.03,0.7127406863233423,0.0057583095338671,20.06450442141489,83.10212781865756,177.69941239290338,2.056031714249564,1.1396063794135236,178.68757338720906,-30.75,-174.7,-176.13,258.59,2.025327432787104,1.1488304531130786,179.22873610566222,-36.38,-177.59,-181.64,250.08,177.92315910393663,2.027540717223701,1.1527787211776597,178.6839623152254,-36.19,-178.82,-183.45,253.71,2.055923845865892,1.1396282902771415,179.6591571401943,-33.69,-174.76,-176.85,250.55,174.96123297711458,2.0211599862455225,1.141592576184691,176.91793476927256,-42.19,-177.85,-181.41,232.7,1.0409020858627869,0.0248509397841016,55.159770552275305,4,2.4648411510683608,8,2,113.91905023861368,1.672789759653017,6,4,119.20992756912824,1.8302540288167657,6,4,118.70541309905748,1.8096754930097263
APEFIM_#[4],3518.41,3338.26,3476.03,3740.93,120.69,-50.3,159.1,253.27,0.7680777983176545,0.0066525002742689,20.48486270353682,87.65820064096299,174.86985774276508,2.0457710184671214,1.1463051426212818,178.7872754645975,-35.62,-177.45,-181.76,252.36,2.031926283111668,1.1371950668201112,178.9497251124038,-32.58,-172.55,-176.19,250.99,177.27888817855833,2.022488529015678,1.152910967941584,178.16071977726946,-35.73,-177.46,-181.88,252.15,2.0459992106547844,1.1374472515242189,178.79924572095288,-30.53,-172.38,-175.99,256.77,178.37525857115205,2.018093062769902,1.1474863746467765,178.7360814503059,-43.07,-180.71,-182.01,233.52,1.095894652558909,0.0279564206891403,40.27657992700583,4,2.493702299794424,8,2,110.67413767860758,1.6396199407179686,6,4,119.8118932288188,1.8339677314500389,6,4,116.48956515211674,1.8157299220974457
ATAPUH_#[4],3323.14,3044.34,3384.62,3540.46,284.98,224.5,293.48,336.96,0.987864933148739,0.0108356978784122,30.741457783356424,126.05643094694857,173.240918535961,2.0459009409059856,1.1472182006924396,175.17452226457945,-36.44,-176.64,-178.67,245.97,2.065963777514021,1.123158808895696,174.02429933779186,-23.08,-163.27,-165.27,259.31,174.58161782713472,2.042266645176384,1.1428117124006034,174.454552657557,-34.53,-172.79,-183.47,252.67,2.0429340885109344,1.137509160402675,175.89234221073465,-32.92,-171.36,-178.61,251.21,174.04230068759736,1.9852642594878904,1.1500801580759492,178.46826582270796,-41.27,-178.46,-182.11,236.77,1.1437714018766925,0.025776317634735,66.34439740478093,4,2.629184902208287,6,4,124.5751268272509,1.8691475356429208,6,4,124.7669954952736,1.877897869959919,6,3,102.00215441863986,1.8529664972686373
AXENOI_#[4],3637.29,3429.68,3681.37,3800.81,173.25,184.16,298.07,37.53,0.7053346363318918,0.0056271766789526,14.04806937154001,68.57279865734662,176.65130311247114,2.033326980591169,1.140729634926699,178.67863608875496,-30.41,-173.91,-175.27,257.94,2.0591435622607768,1.1377186031703974,178.83402324060256,-32.08,-174.82,-177.59,256.16,178.28991589760025,2.0444664878642547,1.1427061783328205,178.77913216973064,-35.2,-176.34,-184.44,255.18,2.0435513108312207,1.1371018468017715,178.61966232392825,-32.26,-174.63,-179.45,257.3,177.67411101192937,2.0156513686647304,1.140515466795607,179.02126031857384,-39.04,-177.16,-177.62,237.65,1.065906750996914,0.0272375125061809,51.19796418613561,4,2.4624287238415654,8,2,112.2789383477314,1.6203644466600715,6,3,122.02705297772404,1.7955785112325218,6,4,118.19613030916548,1.839529711638275
AXOFEY_#[4],3547.64,3344.92,3513.22,3784.77,487.18,347.17,532.65,581.73,0.9310264831010966,0.009802685581713,25.481890250232865,94.16077090068823,172.83493691035792,2.034949028845688,1.1672715065484978,178.72044787377976,-44.5,-187.43,-189.7,243.64,2.043838645783957,1.1351279839736137,178.1372719097281,-35.1,-172.11,-182.34,249.15,177.19076837377924,2.021971013639908,1.1658268310516793,177.57728784481478,-41.48,-182.15,-185.95,243.66,2.0265349861278,1.1734534247254984,178.79913129562746,-43.2,-187.51,-192.31,250.23,177.22475871070287,1.9761845080862268,1.188547201418605,177.26922502129207,-52.68,-188.81,-193.3,224.06,2.3131465028945444,0.0834811548524856,39.3777811061852,4,2.5793115263573734,74,6,126.79316584221446,2.580201734361094,1,1,107.16296044177167,1.4226356666413218,1,1,109.06164123073104,1.423731091182601
AXOFEY_#[8],3575.12,3418.65,3521.42,3785.3,487.18,347.17,532.65,581.73,0.9398145498886348,0.0099873303037004,30.05698139554052,111.66269534869326,175.02485554001083,2.022986823980819,1.1519914062179453,178.44241904347123,-39.52,-177.97,-187.01,246.43,2.038204243936313,1.1624360154434312,178.47169674690625,-42.14,-184.94,-188.34,246.87,175.6608665163256,2.0184989819170087,1.1686705053179016,176.6838216993639,-42.7,-186.51,-191.02,249.41,2.0219761769120823,1.1660071569248625,176.35921191308182,-43.38,-182.11,-187.47,239.44,174.50054430853086,1.979898795393341,1.1695883036350867,177.0139634453991,-45.99,-181.94,-184.86,228.84,2.3131465028945444,0.0834811548524856,39.3777811061852,4,2.580201734361094,74,6,126.79316584221446,2.5793115263573734,1,1,107.6596496972655,1.4226356666413218,1,1,106.60726975448584,1.423731091182601
AXURUG_#[4],3686.9,3636.45,3667.35,3756.91,316.26,233.46,329.51,385.83,0.7572231699247414,0.0065064091006182,16.598730989060485,82.04474845077208,179.20248065044274,1.9990158253500645,1.1803106921484696,179.05384246586218,-44.1,-189.14,-194.44,251.27,2.032173646615859,1.1419425817439346,177.01794078578573,-31.88,-174.17,-180.07,258.6,177.2552834193008,2.0524352608547725,1.1497931727054218,179.00644824355308,-35.38,-178.25,-184.71,256.81,2.0397962667874454,1.1464466363507728,178.36735168975827,-34.56,-176.02,-182.83,255.16,176.05950809674286,2.050155018529087,1.137439536854597,177.2682013836855,-38.99,-175.95,-178.53,237.51,0.964858366125234,0.0192705832433108,53.35442506304413,4,2.48904910558229,6,4,119.4384665002709,1.8505850966653767,6,4,113.73719992903008,1.8400757728963224,6,4,120.2533822035027,1.8467697149347024
AYETIH_#[8],3600.0,3473.46,3579.26,3747.28,255.49,215.51,241.35,309.62,0.8511334310502949,0.0081423976794514,34.39052376591715,119.94074661721528,174.7782523922753,2.037781681142512,1.1359908714421971,176.59104192919918,-30.4,-169.89,-176.93,255.61,2.037379748598675,1.1391024931936549,175.36315681805542,-31.54,-170.36,-179.26,254.99,177.47285860635714,2.059089483242533,1.130803541734814,177.78181519233843,-29.71,-167.77,-177.88,256.52,2.038227136508589,1.135649254831791,176.3868748611981,-34.15,-172.97,-182.5,253.01,175.41219223932825,1.9970394437767125,1.1463880712917418,178.32845013832852,-40.46,-178.49,-181.82,238.92,1.079727478257968,0.0241965520935565,39.99177335785964,4,2.544583557283981,6,4,116.21160898309073,1.809407043757704,6,3,110.53854535208173,1.8353272569217745,6,3,120.47962934714684,1.8295614146565284
AYUMAK_#[2],3497.84,3352.0,3505.0,3636.53,160.41,-79.96,259.96,301.22,0.7084837763580554,0.0056402006131278,16.119266469371567,76.25407507940514,176.88854697307804,2.0629058073503983,1.126733783996912,177.61235805059908,-28.11,-169.31,-171.74,256.72,2.038277983985502,1.1359801318685112,179.77519206616952,-30.14,-172.67,-174.66,256.9,177.69964918990976,2.045252351178211,1.1386019190217451,177.04651576144903,-31.82,-172.1,-177.54,254.18,2.051713929864493,1.1337145716625503,177.45020434451175,-32.47,-174.24,-180.14,256.98,175.90664924309783,2.024229774506837,1.1357902711328356,178.23295176664865,-37.73,-174.34,-177.18,238.34,1.2654163880280231,0.0448333190920283,51.27969214962505,4,2.4695662351919214,8,2,121.78031599013136,1.655894601114455,6,4,119.1486955356834,1.798034988536096,1,1,111.4193828630005,1.423936339869167
BARHAG_#[4],3466.65,3235.82,3501.6,3662.52,56.86,-100.14,-2.31,273.02,0.7249841511586772,0.0059461703769362,33.72835675725348,115.81641714702296,172.72054845040708,2.044688587536009,1.1426455312125452,176.02667528813984,-32.82,-172.71,-180.09,254.35,2.0286564765874,1.1553352976517242,173.2647343917294,-33.36,-174.52,-180.85,255.28,175.73105562391376,2.037608721025703,1.1548010954272598,177.3817758371318,-35.09,-179.59,-184.6,258.93,2.0481661895461505,1.1444997771952603,174.7224885713368,-32.56,-174.2,-179.97,256.49,175.0321245105474,2.0144288371645187,1.139910421919197,179.523480437264,-37.2,-176.8,-179.5,244.7,0.9588133494720984,0.0215097269837487,59.07851178983766,4,2.469700253067162,17,1,110.22872196765016,2.059597720429891,8,2,119.54308968237726,1.6458300550178315,6,4,126.09220726404736,1.9246545690071228
BARHAG_#[8],3483.62,3269.98,3511.53,3669.36,57.8,-111.78,280.46,4.72,0.7103022335212925,0.0056809334740104,37.942187978571056,125.31870398107723,169.3299767694366,2.036370420625874,1.1446218109052435,172.42169660405975,-30.73,-170.14,-175.44,253.38,2.052266517779796,1.1361147873344468,173.90562878607923,-31.42,-170.51,-178.03,254.28,176.89032275058557,2.037617319321761,1.1476812100927674,176.41052499134838,-33.9,-174.72,-182.76,255.79,2.0559225325872568,1.1298763295157574,178.4790846373849,-25.82,-169.39,-172.48,264.42,177.2648595310085,2.0232396546133646,1.120357621476286,178.87924473876873,-29.89,-167.43,-171.76,249.51,0.942831707250759,0.0210374728791832,57.518532432858905,4,2.467264629098386,17,1,111.34612056661273,2.053880756032346,8,2,119.81154416519296,1.6525094069323778,6,4,124.05962929540738,1.925804270947595
BARHEK_#[4],3548.44,3310.32,3608.18,3726.82,69.52,-56.55,238.21,26.89,0.7266301644511439,0.0059327837075302,28.9543420040734,107.0569724209782,176.00823705130233,2.050582134419395,1.13908460616409,173.38036311752035,-31.64,-172.98,-177.5,255.54,2.0564735373935634,1.1427809238869893,178.1312122607682,-31.51,-175.38,-178.25,259.1,173.15294129056454,2.0472053756279567,1.1378575877498904,175.03791682862817,-33.73,-171.92,-180.23,250.96,2.0470757802289583,1.1374654676076987,175.92019022396977,-29.55,-171.46,-174.52,257.32,175.4342835407785,2.015956976227419,1.145745512755778,179.05033157725612,-38.1,-176.27,-183.17,245.15,1.035493141342759,0.0227635083190765,59.44071659221565,4,2.479436859450145,17,1,110.41297345227431,2.074807795917492,8,2,120.25405802406036,1.65698141812152,6,4,125.25232872758428,1.8617700959033583
BARHIO_#[4],3570.99,3467.09,3579.08,3666.81,144.71,-10.87,163.45,281.55,0.7251766784179794,0.0059342748517293,26.119260247682163,101.86694729344646,179.0006061534634,2.0492895232250614,1.1349527963752497,179.51628868743464,-30.71,-173.96,-177.56,259.39,2.0311311479074914,1.1432636572549657,177.59312062841872,-33.93,-176.52,-181.54,256.25,172.20557794265594,2.050739732389266,1.1313434005641256,174.44502047937408,-29.58,-171.39,-174.32,256.98,2.0586711952130674,1.127998785460339,175.8210022106003,-29.81,-170.23,-175.62,256.41,176.9729116359547,2.014632812698136,1.1343364800622426,179.62577974152003,-35.08,-173.91,-176.07,244.74,1.0323610784771209,0.0264418991210369,64.74554232880244,4,2.4759988893373923,8,2,117.49496425927408,1.6249689750884468,6,4,119.11359327435164,1.7942043194686608,6,4,121.70706142853274,1.944101216500828
BAVJAK_#[2],3626.9,3514.37,3657.83,3708.49,269.77,196.28,264.34,348.7,0.80025448765388,0.0072732019776218,22.32211600191212,97.64867830257566,177.47157903017057,2.048813071024295,1.132500092715227,178.7542760869156,-28.3,-170.92,-174.5,260.52,2.0688428190657704,1.1183904729565612,175.76320298931833,-28.42,-166.7,-174.02,255.46,175.96171476548943,2.058551556313321,1.131928950950544,173.39221975276843,-25.99,-166.53,-169.33,257.91,2.025764277994852,1.1412705638892122,175.5297374081494,-34.47,-175.33,-180.68,252.6,174.41493177519197,1.99170597729685,1.1519864756150568,178.72681719641602,-40.54,-178.57,-181.82,238.78,1.543557343641131,0.0440429857439959,54.438070091742674,4,2.518888232931346,15,4,123.2433803420111,2.258648456488969,6,3,117.17106421536944,1.813475480948115,1,1,113.065212963642,1.4205038648310686
BAVJAK_#[4],3527.96,3351.38,3576.96,3655.53,201.58,104.76,182.83,317.16,0.793040944528892,0.0070554410722692,27.922326139242884,102.29065839089508,175.5268966232704,2.040767750137188,1.1425568563533284,178.50429406265997,-34.25,-175.75,-180.35,253.36,2.036523137604873,1.1470502560916855,178.67561904495312,-32.28,-175.9,-180.51,259.59,172.86901539063788,2.036264508849476,1.1487954604715331,176.19260250146914,-36.43,-177.77,-184.39,252.86,2.05113781350742,1.138992120253692,173.51879396230723,-32.08,-170.16,-176.14,250.07,177.00754088208498,2.0144938545451057,1.136558955795958,177.74472204299371,-35.85,-174.39,-177.1,243.93,1.272391744171029,0.0268200138506189,54.10995416195075,4,2.511661979646147,15,4,115.64696760292296,2.258648456488969,7,2,122.14669379581674,1.644975808332754,6,3,115.72398340168988,1.8529428836313329
BEHQIP_#[8],3740.26,3672.94,3730.36,3817.46,266.36,157.63,567.98,73.47,0.6939709960076388,0.00546374845924,28.30582959006492,110.6122936175395,176.30109651027192,2.0417337265177355,1.1337832861706865,178.55848511262235,-30.25,-171.04,-177.35,257.65,2.0524504110940174,1.137611396743193,176.784946971999,-30.42,-171.34,-179.17,259.25,177.8154746478375,2.0453721666239617,1.1332117057284572,178.6849621120183,-29.61,-169.52,-177.84,258.53,2.0400901793793333,1.1408331911370742,178.73212745960316,-30.9,-174.2,-177.85,259.34,172.98919959630882,2.009557297018426,1.1379380914619208,177.29576157889144,-36.44,-174.41,-176.17,241.25,0.9484240479385472,0.0191728379261871,122.3254532026111,4,2.454223353731278,6,4,122.50783790309715,1.842479291606828,6,4,128.56617551152848,1.801786893614226,6,4,127.94120552347016,1.8215557800956856
BENQES_#[4],3685.75,3576.87,3660.59,3819.81,102.63,-64.81,331.87,40.82,0.6085315419270256,0.0042297452303779,22.56237285543092,73.98746157442226,178.5443184959374,2.0282992752550104,1.116192590908934,176.40659572959564,-24.15,-164.93,-168.93,261.4,2.0406404337854327,1.1244813426642528,177.63663010993545,-22.32,-162.39,-169.71,265.15,179.06197278260845,2.067926640381617,1.09484728158771,177.95164949325175,-16.76,-156.4,-159.74,265.87,2.0325535810895614,1.137133110062318,176.54770234021893,-27.9,-171.85,-176.14,264.3,175.33246314389308,2.0344823887170915,1.1118138873030865,176.73238714406446,-29.08,-168.09,-169.58,250.42,1.228272935838148,0.0305294526714171,52.16033022405554,4,2.405899389001958,17,1,119.7637474307286,2.033480496587071,8,2,122.99300674848767,1.6158079526973503,8,2,110.26287003428304,1.5952989970535307
BENQIW_#[4],3765.64,3678.38,3697.22,3921.27,143.45,303.14,46.61,80.62,0.7546314470893645,0.0064944297811449,19.52899243020765,71.17245085446491,178.4699275717163,2.036598625159116,1.1235907706990127,177.83632498073425,-28.33,-166.19,-173.28,254.49,2.021309456763116,1.133024262758746,179.34757042141953,-29.55,-171.48,-175.71,258.54,175.23800024903187,2.0232417972155474,1.1435499857898652,178.51559699746147,-34.76,-176.38,-180.76,252.85,2.031342538815156,1.1310046640045293,177.38647638556805,-30.35,-171.7,-175.44,256.1,177.6412605537187,2.0015244640023773,1.1421995666257267,179.23966275020402,-40.98,-178.45,-181.77,237.26,1.3125896145785545,0.0447056158043655,34.53880895130361,4,2.47558224464468,8,2,114.13515182282332,1.6593547511005604,8,2,111.94284165518523,1.6497790700575643,8,1,118.5461632111842,1.4924336836188064
BENQOC_#[4],3783.76,3694.3,3734.32,3922.67,154.1,312.63,53.27,96.41,0.7493932244255328,0.0063405892186593,20.86008096231504,87.900880235454,178.7645280558654,2.046557778319488,1.1396782396799543,177.61954946437663,-34.3,-175.78,-179.05,251.93,2.047236080670717,1.0993195440817027,177.45972327999732,-20.37,-158.77,-163.88,261.53,175.58988544259842,2.0421995617470885,1.1125321478501191,178.01761042562345,-24.28,-160.46,-170.17,257.79,2.026335463342633,1.1396784897505077,176.3451687805503,-32.02,-174.2,-177.88,256.01,175.7850670637655,2.012958168964273,1.1147484245335355,179.64283956597092,-30.78,-167.43,-170.26,245.33,1.348697767140424,0.0475790720922084,35.528970491606046,4,2.48469334526416,8,2,115.3308457870874,1.6441243170758109,8,2,108.96994637173286,1.634573032935512,8,1,120.22515093377206,1.4779871515003091
BENQUI_#[4],3662.03,3568.02,3656.51,3761.55,99.62,-62.53,323.32,38.08,0.61880621845418,0.0044546968470586,7.429861037361903,55.75514687721712,179.1014627334114,2.031781654115422,1.129632949236167,178.9960356569647,-27.67,-169.89,-172.95,259.83,2.057133658759197,1.1238855680183817,179.20701024289295,-25.01,-165.78,-172.08,262.82,179.2838988156631,2.046199076336416,1.133677564389452,179.15792949135988,-28.69,-171.94,-175.15,261.01,2.0482190825202267,1.1247740439750555,179.36020297784222,-25.19,-168.13,-170.59,263.15,178.61515851386943,1.991971450598627,1.1456601372134765,178.0701933518456,-38.85,-178.92,-182.11,244.46,1.2332066263040633,0.030838834619224,52.22569189888621,4,2.4063447155384865,17,1,118.57932852702596,2.031969610993236,8,2,120.924829147615,1.6108552045419844,8,2,113.46402065057876,1.594252495685674
BIMGOV_#[2],3588.21,3502.23,3598.3,3664.08,170.96,-64.58,256.21,321.26,0.737577730663709,0.0061201941178837,18.61324265349376,78.59053939727417,176.53122684510765,2.037918082259442,1.1421737564836625,178.73062685958232,-33.74,-177.03,-178.57,254.37,2.051706709059557,1.141713926515745,177.90715393617327,-34.61,-177.8,-182.05,256.02,179.2334408413652,2.043620441765056,1.1371581816088732,178.064313066768,-33.0,-174.88,-178.01,253.89,2.045129797836802,1.1387438078865677,179.89699303319114,-32.12,-174.12,-179.62,257.39,175.64931733428494,2.016817197963167,1.144289884600926,177.63487956695033,-41.47,-177.69,-182.04,235.32,1.2895101037783538,0.0464116627762023,47.978929796601136,4,2.481585084175032,8,2,121.32887216724367,1.6260165743312711,6,4,120.10529013589463,1.8096715972794624,1,1,109.01072138155293,1.4300468733576532
BIMGUB_#[4],3640.73,3498.53,3638.57,3785.08,172.07,-66.48,273.21,309.48,0.7320852237384821,0.0060669858763969,19.606178020518712,81.80728014939764,176.4509687855277,2.0310919501588303,1.1421489570104242,177.91822769616604,-32.64,-174.65,-176.74,253.46,2.0564203193899835,1.1362642166327337,178.3797680712036,-30.54,-173.58,-177.51,259.46,176.7467106953084,2.034307140035644,1.1337073740608743,177.99603564921102,-32.86,-171.95,-177.97,251.32,2.0451530309490287,1.126912552064267,177.46341001151373,-28.84,-169.58,-175.68,258.75,176.65406470609793,2.011698160758716,1.1400271795005592,178.7178038083543,-40.14,-176.36,-180.61,236.56,1.2817988568420162,0.0458737072395817,45.55790954546231,4,2.4749852545015294,8,2,119.14515786446792,1.6256376748833052,6,4,120.371816233878,1.8043315493556047,1,1,110.30975066297243,1.431388825581645
BIMHAI_#[2],3692.98,3537.0,3673.66,3868.28,129.92,-25.79,176.22,239.32,0.7306704016565977,0.0060074452039822,31.595193343218867,126.39116307648914,175.90004785201904,2.0540028140194937,1.13629513771731,173.83135780721273,-35.01,-170.21,-182.02,247.2,2.0382001152978084,1.1415311997488289,178.38281501527092,-33.51,-175.36,-181.6,256.41,174.4660728200077,2.044119443672507,1.133492320221006,177.721538032536,-31.79,-172.12,-178.09,254.85,2.042602824829145,1.1332171062951708,177.41722490194527,-30.82,-171.51,-176.08,255.14,171.22681014912587,2.0182912971124862,1.135453851990471,177.02852873695213,-38.28,-174.46,-177.84,237.48,1.2683074163707326,0.0454253536103111,53.9769788868463,4,2.4778455399802466,8,2,116.15049269298542,1.6281803984816916,6,4,125.31526667358028,1.8490191832428349,1,1,112.03298467513842,1.4303769083706572
BIMHEM_#[4],3630.88,3466.22,3637.56,3788.87,149.1,-30.59,228.06,249.84,0.770124529394614,0.0067407393718124,45.14580362928847,162.89225116960296,174.59260193232697,2.057869786939883,1.141902141166221,174.80022269770677,-34.06,-173.74,-182.72,254.27,2.0294477524686365,1.1526309470077578,177.9708235203291,-36.22,-179.04,-185.45,255.83,174.9220948427375,2.054065515021369,1.1313882313335242,176.44649703890283,-30.28,-167.06,-177.29,253.52,2.0344009560556144,1.1377702799774656,178.40583859736677,-31.74,-172.41,-177.42,254.6,167.7734925600373,1.996613578036572,1.1524967765681595,175.71280446828334,-44.2,-181.41,-184.76,233.58,1.3482608405049326,0.0470096145298372,49.67993106565692,4,2.496554235341183,8,2,111.92790615212728,1.6183538457333733,6,4,125.55032279545118,1.8989035283552456,1,1,114.1040850416132,1.4288430774581231
BIMHIQ_#[4],3506.54,3301.38,3568.38,3649.85,121.78,-45.21,158.67,251.88,0.7710498056346822,0.00668615452752,22.94666300037348,95.84316327593233,178.68324334397494,2.035696173302882,1.1463335683822584,178.8047054359448,-32.71,-176.4,-178.67,256.93,2.0445945930672904,1.144634557402493,176.73868746673915,-31.82,-171.43,-177.07,253.03,176.04200794455147,2.042890670104497,1.1389445377190237,176.81243560438858,-33.09,-173.38,-181.0,255.1,2.048672985129642,1.1364533690389589,176.41488352433117,-30.19,-171.52,-175.43,256.38,177.3807383207915,2.011393452311109,1.1431400395402136,177.79233342709526,-39.37,-176.34,-181.33,239.56,1.365211621978011,0.0471690758536893,48.98182863790275,4,2.4992794581638926,8,2,106.66998684920684,1.6220453908568655,6,4,126.3087846665444,1.9139501560908008,1,1,115.7359179703277,1.4259726014198166
BIMJAK_#[4],3583.72,3478.88,3572.37,3699.91,152.66,-54.35,210.23,302.12,0.747236753459775,0.0063468795856469,25.398119594305527,94.37110200440604,174.379239112795,2.028365995080769,1.1519638362379263,176.84747902318298,-36.37,-179.29,-180.55,250.73,2.0433892482833524,1.1584145458340886,176.4295949196604,-39.57,-183.22,-187.68,252.21,176.52280920536762,2.0259946347411684,1.1627371887060292,178.4389193780864,-40.35,-185.06,-186.26,250.28,2.036472538484131,1.1525858406209926,177.9071451228398,-38.9,-180.85,-185.9,250.04,176.87133762269005,2.005013349082744,1.154490411393701,179.5671456728081,-44.72,-179.87,-185.72,231.42,1.2868327878428585,0.0462758477299774,48.757605812665474,4,2.4761892052102974,8,2,119.22552782727192,1.6121960488724694,6,4,122.50193163585952,1.808084417277025,1,1,108.84217733139474,1.4346215737956816
BIPGOX_#[4],3760.89,3719.14,3764.42,3799.11,283.1,195.25,294.8,359.26,0.716789376821553,0.0058498854622748,18.02584809924604,77.79836568568572,179.14879619491245,2.048830800725136,1.1326809833311406,179.37333255725534,-29.79,-169.66,-175.19,255.48,2.039594020877685,1.1339123158339883,178.02933215226568,-30.0,-171.25,-174.87,256.1,174.1394626963637,2.0305415730784726,1.1423298560398394,177.86883206533338,-34.52,-174.55,-181.13,252.13,2.049976304741106,1.1247338662990451,176.59807502654652,-28.42,-167.05,-176.6,258.38,177.56798329938994,2.002258489805949,1.1360088115855442,179.19149323571105,-35.56,-166.01,-177.02,236.34,1.1974428568278546,0.0228902326196195,196.91302746030388,4,2.4643138639386013,26,10,143.0977334220738,2.234793534087656,6,4,134.86460025841558,1.7558382898205631,6,4,132.6565136163661,1.7458262513778398
BIQRAW_#[2],3707.91,3635.01,3698.74,3789.99,239.16,171.06,252.92,293.51,0.7339083004514624,0.0060839236153349,16.36179025199415,76.57834052776991,177.67007510049638,2.0546663597771784,1.1420067031326917,178.69903914573814,-32.96,-175.35,-177.43,253.89,2.0515083450963587,1.133106972002203,177.75027421992075,-28.91,-171.58,-172.05,256.9,175.4438632179643,2.0434163501352334,1.1394403450817423,178.32248602969722,-34.29,-175.89,-179.26,252.29,2.055452565738261,1.1336435506807243,178.51310410830445,-29.9,-174.16,-175.53,259.99,177.93147437899268,2.0053726711013096,1.1461480270889963,177.6643946644882,-41.15,-169.23,-182.01,227.79,0.9945442568515444,0.0315198800301395,66.72234048656361,3,2.4824282386405456,6,3,131.98135503910916,1.7658927345679851,6,3,135.57018225622463,1.7071473574357894,0,0,0.0,0.0
BIQRAW_#[4],3708.71,3616.51,3713.62,3796.01,229.8,164.41,238.31,286.67,0.7319350178038553,0.0060844016531477,19.713367250937694,78.23234188228052,174.77149699167947,2.041002307691003,1.1431421302707727,177.8483659119047,-33.31,-176.32,-179.75,256.14,2.0563233306073245,1.1385142028099606,177.93975090730643,-31.68,-173.73,-177.43,256.11,177.09770142461318,2.0409282863442315,1.1392625202296431,178.08937114411438,-32.9,-173.7,-176.34,251.34,2.058001265791641,1.1387837591044228,177.0905300087926,-30.85,-173.99,-175.05,256.49,177.83193338627524,2.000011112469127,1.1503467172987452,178.43741862639038,-42.82,-171.71,-182.19,225.45,0.995011804542728,0.031664064233662,66.31752938142549,3,2.478414271262978,6,3,130.0640819511716,1.759367426093822,6,3,137.35893425819592,1.7049434096180434,0,0,0.0,0.0
BIQXII_#[2],3641.82,3555.7,3657.9,3711.86,259.54,133.1,293.65,351.85,0.7569575040427157,0.0064780592975203,25.570706945724385,110.12837252090704,174.65789340081787,2.0431727508950384,1.1327428172361107,174.4400685203945,-32.9,-169.39,-179.73,250.41,2.054909813106162,1.129117332255598,175.67737519328892,-28.28,-169.13,-173.87,258.14,176.59448369061963,2.057886787459408,1.1284196515481286,178.4180701732232,-29.11,-170.01,-174.84,257.51,2.0590326102322907,1.1185787276718613,178.0050271888303,-26.65,-165.84,-172.68,258.56,172.5598097465912,1.999079240550509,1.1482189599549388,178.46603074409032,-39.27,-177.55,-179.53,239.28,1.0207521017804229,0.0167930486714987,84.61140947186107,4,2.49699074287431,15,4,132.3130125136232,2.2241789968435546,6,4,111.68145258754193,1.8555507484302336,6,3,123.52489201937078,1.844866889507208
BIQXII_#[4],3602.33,3457.35,3649.27,3700.38,256.69,140.99,290.35,338.73,0.747600545269711,0.006333846882447,33.187987840083736,122.11802613522872,171.64602011473323,2.053871213099789,1.1273760597067868,175.00206305357045,-29.46,-169.43,-173.75,254.82,2.033278224936273,1.146951760101531,173.3612754222692,-36.8,-176.9,-181.09,247.58,177.40295317903258,2.0318348579547503,1.150077784325913,176.2469939498892,-37.24,-179.19,-186.48,253.96,2.0405691117921,1.1444291895962806,178.73997442316085,-35.09,-176.57,-180.35,251.65,174.215941957635,2.0065011587337795,1.153075383485399,177.34558736784393,-43.23,-179.55,-183.25,233.1,1.0352274666259529,0.017165103012048,80.40120851598049,4,2.4817712404651644,15,4,126.44916077078535,2.2241789968435546,6,4,114.47435506022651,1.837828204702496,6,3,124.21046074501584,1.83289456598027
BISHOD_#[4],3629.16,3486.98,3674.4,3726.11,160.8,-10.18,195.27,297.31,0.7397638884049362,0.0061668664819758,19.347569548877487,78.47432025969862,178.48283170901271,2.038271863613881,1.1468757343321885,179.51101906908673,-36.18,-177.99,-183.83,253.27,2.056250383586591,1.135101973392697,177.6740260766788,-29.66,-171.62,-177.27,259.92,174.89596119297832,2.036059412197983,1.149874936677898,176.5528518417389,-35.16,-178.58,-184.26,257.35,2.0283582351251463,1.1489538067302791,178.00626246583653,-37.14,-177.95,-183.68,250.22,178.43611811652556,2.02347078308534,1.1473329420878673,178.96788292025582,-40.16,-178.74,-180.97,239.22,1.080628419198835,0.0276627254742937,39.68656593156357,4,2.4803404685647497,8,2,110.69512580051796,1.6252953977662028,6,3,119.54073324199712,1.8302449398919247,6,3,116.9929924121976,1.824224229638452
BISHUJ_#[2],3497.09,3295.17,3415.35,3780.76,209.75,198.08,374.77,56.39,0.8815148076058517,0.0086486743650074,24.128450851985164,97.74560110069667,177.21239633229547,2.046259204011065,1.1371087283105343,175.96251140620714,-34.97,-174.52,-180.73,250.34,2.049825131566105,1.1490411567911747,178.05682374903074,-37.84,-178.57,-182.18,247.24,177.9339308231262,2.047020009672597,1.1401140732400428,178.20025489860538,-37.01,-177.2,-181.53,247.7,2.04951090019058,1.1364902155320118,179.36089363874262,-34.05,-173.2,-178.0,249.04,175.97138427942946,2.0024368304643216,1.1459279034913152,177.5290756539514,-42.63,-176.84,-182.87,231.84,1.2412500122537244,0.0381667883788407,33.50141867032134,4,2.5679192997444447,8,1,115.20749978922896,1.5317514354489763,6,3,115.44623846121274,1.84112160380568,6,3,113.71456358426032,1.848384835471229
BOCTAR_#[2],3681.09,3615.08,3665.94,3762.25,198.99,218.23,328.0,50.74,0.6802434394965582,0.0052495990253008,16.61938080964947,73.49596088249139,177.03428821159218,2.043957959450243,1.1408718508228688,178.88880627751817,-33.6,-175.07,-181.06,255.32,2.0342645575244145,1.137262704919141,178.16478977599706,-30.24,-171.39,-180.27,260.95,178.21881711760966,2.037107719292232,1.1393867692754736,178.016770325664,-31.06,-173.65,-177.27,257.76,2.054529695575121,1.135131203870284,178.12839049291912,-29.48,-170.87,-178.16,260.58,176.98766402908464,2.016448526494044,1.1414656762250892,179.47552814785277,-39.48,-176.82,-179.23,237.62,0.9746990310244414,0.0207445902021535,93.2910540305704,4,2.445407755365146,7,3,119.92078791535069,1.765825090432231,6,3,125.90845604134664,1.8024872981521936,6,4,124.46194736682904,1.81851281546213
BOGZUW_#[4],3574.11,3348.45,3661.81,3712.05,143.55,-85.13,156.44,359.35,0.6771347564058354,0.0052429092547231,23.42944562310485,88.98981457255914,179.51824423465564,2.063590562587453,1.1105116523476912,178.73455785439268,-21.96,-158.98,-165.76,258.84,2.0699949082062985,1.118435398223786,178.80228573281784,-25.15,-165.0,-171.11,260.66,176.81851127513752,2.0538935561513405,1.131658614600711,176.62133685951633,-29.16,-171.34,-173.5,257.37,2.0431210757074574,1.1242888463379863,177.63544842517493,-27.21,-168.09,-174.0,260.47,175.47442189253596,2.000540959340748,1.1437699462741624,178.79591230278226,-40.09,-177.18,-182.9,239.81,1.251259970368776,0.0410337603075232,62.813130009338295,4,2.4525090662421616,8,2,106.6065247258878,1.6955639209419382,6,4,130.5845041761073,1.9142049158854444,1,1,117.06517625783098,1.4198900908168917
BOHBUZ_#[2],3423.28,3295.07,3434.9,3539.88,150.85,-17.04,156.56,313.03,0.7433627712791475,0.0061811899635758,25.77382072122934,108.9467200314765,175.99150053443407,2.046479020170986,1.118960303138588,177.87914502695085,-24.17,-165.27,-166.78,259.53,2.0823146928358365,1.1088413682759115,176.15019098343697,-20.94,-158.83,-163.16,259.18,178.7595004439486,2.0678004400811987,1.119609239868982,178.81274416634182,-27.61,-167.48,-172.13,256.76,2.049673483752961,1.1276454850705524,178.66400214870117,-28.44,-170.4,-175.79,260.87,172.71926623613595,2.02120552146485,1.1167685212254157,178.776621795323,-33.78,-169.31,-171.66,239.63,0.957367895215183,0.0194169983250684,37.33276752548025,4,2.499512294428655,7,3,109.4336550733834,1.8003907159280736,6,4,111.53472452678685,1.8364792892924229,6,4,124.27282049401111,1.9469310876351025
BOHZON_#[2],3489.06,3260.94,3486.13,3720.12,135.16,124.12,238.07,43.29,0.7796670175334817,0.0068454024037853,15.547486620190952,75.11321494124837,178.92937657716104,2.039197678009663,1.1389329216420088,179.59511337137937,-30.97,-172.01,-175.9,254.99,2.042834799977717,1.14077424585235,178.29640657663407,-32.95,-175.74,-178.85,255.73,178.86921779153522,2.056855182068003,1.13887412386093,178.6406921972323,-30.22,-173.53,-178.77,261.62,2.032117511365916,1.1461397733260985,177.42373736776744,-35.25,-178.77,-179.15,252.18,176.8358793472338,2.0096039236625707,1.1466082504499957,179.66630688636874,-39.66,-179.11,-179.79,239.93,1.060541262661276,0.0250185704106283,41.58392945128389,4,2.503922029536863,7,2,109.04573633899028,1.7007831284440709,6,3,109.6436093765812,1.8678337318937148,6,4,121.98503857515809,1.8220667029502504
BOQQEH_#[2],3626.47,3458.97,3660.04,3760.39,307.98,134.75,393.99,395.21,0.8813205160460529,0.0086912778251058,26.92570817272677,113.59991343431692,177.9072429987403,2.0377151174783985,1.1474530665783231,176.8038202788258,-35.15,-175.03,-182.07,251.65,2.050989587979422,1.1415366397974267,178.36181899335722,-34.5,-175.74,-182.52,254.76,177.15644480097154,2.046490364013475,1.1324254235930944,178.78206972530506,-32.95,-172.55,-181.19,254.88,2.050993793262183,1.1370763782613729,175.46090122898448,-34.56,-171.22,-179.87,247.43,173.5061605956844,1.994381676109164,1.1489851435070864,179.55608800748254,-40.65,-176.39,-182.91,237.36,1.2223894271715547,0.0427505077973024,49.61692658283002,4,2.564906417396159,6,4,123.10134799342494,1.9179217554425936,5,4,118.2003237513284,1.990419581394837,1,1,104.97052649450988,1.4150148161768483
BORFAT_#[2],3382.5,3261.69,3273.85,3611.97,104.43,-54.21,154.55,212.95,0.8826919472318793,0.0087207763213386,37.26841346413151,128.3877853341552,177.89180556049556,2.059002073821199,1.1325338891176722,178.14897084857623,-29.81,-169.16,-174.04,253.77,2.045903978685217,1.1373856689795252,175.5843295040936,-30.7,-169.54,-175.97,253.42,174.34605130043207,2.063316483237606,1.1382002635740345,175.0434034138687,-31.75,-172.4,-177.95,255.11,2.0329314867943773,1.1403589347218706,175.9921522474613,-35.91,-173.61,-180.34,246.21,172.78313056914214,1.9944029357178552,1.147940921824813,178.9251533524166,-42.54,-179.1,-182.55,234.03,0.9897372372887194,0.0197690549282401,35.655491244671666,4,2.568726559990378,7,3,107.17262008758458,1.8138266344940468,6,4,121.14057146809787,1.9539538582064824,5,4,111.89882059487358,1.9589247126931653
CAFWOW_#[2],3558.94,3310.98,3607.91,3757.92,166.16,165.64,272.58,60.27,0.7908737407454272,0.0070405632061414,14.367640505290026,76.85402937509906,178.63914324644583,2.039932812619082,1.1462827966954752,179.0673429730707,-34.85,-176.13,-180.87,252.44,2.039990423997132,1.1409976906199235,178.80141579547347,-33.26,-174.63,-178.75,253.6,176.7986107346576,2.056257162905457,1.1343402179240585,178.74097080478663,-31.91,-173.02,-178.04,255.32,2.031746133255825,1.1420916294238397,178.62670598112908,-34.0,-175.69,-178.54,252.21,178.18939734626088,2.008565610080985,1.1485357417163822,178.66322702448252,-40.36,-177.33,-180.87,237.12,1.0979495916824304,0.0266629300009176,42.196281637827454,4,2.5098226730189523,7,2,118.05972567948676,1.7042931614015238,6,3,108.18143422163804,1.806911259580835,6,4,117.41969822583214,1.8223644147096385
CAGJOJ_#[4],3653.38,3534.08,3646.7,3779.35,224.74,127.14,202.67,344.41,0.7405559045158085,0.0062012465618194,38.53667024470113,144.1551178760498,175.6449368144014,2.063496879086567,1.115249581932224,175.30093205341896,-26.51,-167.14,-168.22,255.84,2.043414869770698,1.1464080687085203,177.5109522177772,-36.01,-176.11,-184.33,252.42,172.09461064587475,2.022320909252536,1.1439860401246165,175.23558099195765,-33.33,-173.87,-179.48,253.36,2.045249662021729,1.1376741229367924,174.33466873816727,-34.08,-173.47,-181.08,252.31,171.04899276070384,2.015989074871192,1.1415069206973727,175.21493915301343,-39.87,-175.97,-178.14,234.51,1.1058339294356998,0.0185910436327602,72.30426461399996,4,2.482427821710029,15,4,118.7147836195496,2.2711154131835745,6,3,120.44435271426322,1.824155848605048,6,3,120.80422291815078,1.8235534568528555
CAGJOJ_#[8],3530.02,3433.53,3540.11,3616.41,212.82,253.08,322.92,62.47,0.7428881780012215,0.0062366261012695,33.497207085604714,131.09983975215897,177.01002260246344,2.050943441443473,1.1330996911128344,177.78517899554956,-35.08,-171.87,-180.38,247.02,2.037876701373271,1.1437592972299726,176.2800544300137,-31.23,-173.16,-181.03,260.5,178.37972644084414,2.028887039733854,1.1212539453665251,179.11050053920596,-27.16,-165.74,-171.59,255.84,2.0495575351768,1.134102645266292,175.3918930606907,-29.36,-172.03,-177.02,260.96,170.9108436209725,2.0117871880494715,1.1321534436638874,177.53621230120257,-37.84,-173.84,-177.0,237.31,1.115843734309419,0.0189719017645677,79.1007134767611,4,2.481543287956107,15,4,133.78784052915992,2.2711154131835745,6,3,113.74644784227128,1.8041008674683352,6,3,116.63110186973688,1.832714099361927
CAJFOL_#[4],3606.72,3503.19,3614.87,3702.1,130.18,-78.72,170.63,298.64,0.8168320009048888,0.0075562446999732,34.89836804216468,132.55790608669383,179.47939221831703,2.0371826354060647,1.1439510041955478,178.23772194057057,-32.89,-174.81,-180.08,256.23,2.0317151325911813,1.143483891447534,177.62287390777655,-35.83,-175.93,-184.67,253.1,172.0716467874468,2.0297960242349475,1.1444786105471785,176.6596170849151,-37.85,-176.02,-184.63,247.1,2.0536934070108908,1.139701118714902,171.0375041068977,-37.08,-174.27,-188.67,251.7,174.1151231182604,1.9943954823454653,1.1541803325304056,178.08183088509637,-44.07,-180.21,-187.9,235.9,1.1290636445610969,0.0293937919059051,54.551693768294925,4,2.5194557368606434,8,2,121.66041204995534,1.6391754299037062,6,3,112.5841440334352,1.8309762805672825,6,3,119.4036399158741,1.830088210988748
CAKCIC_#[2],3717.23,3637.77,3685.16,3828.76,263.28,170.4,278.46,340.99,0.7609605196259008,0.0065590896105108,18.33138104928595,92.518449629622,174.3776612701799,2.036301475715224,1.126875507764722,176.34268947380642,-25.39,-167.1,-170.75,261.67,2.0381810125697863,1.133641080765866,175.95211668947485,-28.98,-169.8,-173.44,256.29,178.45472906908554,2.023382697365973,1.1397695775901373,179.65938271785774,-30.61,-174.08,-175.59,257.83,2.036499423029626,1.1250908852177233,179.5501237137432,-23.94,-163.47,-171.97,263.61,178.8547394111054,2.009006505713707,1.1267849573010815,178.28255922528567,-32.53,-168.23,-170.67,241.31,0.9722796931188058,0.0197260066083928,79.75404906736321,4,2.485250534654404,6,4,117.08911348301308,1.8406252089982904,6,3,127.5545300043195,1.84546184463402,6,3,119.85212425808665,1.825105164093291
CAKCOI_#[4],3638.9,3499.83,3591.33,3825.53,299.44,252.23,279.7,366.39,0.8159504900319403,0.0075308625274244,9.879913656898538,73.64365349859813,178.8401709418309,2.0572109323061647,1.1107158142387277,179.07252432282866,-23.84,-162.37,-169.96,260.8,2.040702744154572,1.165823082633038,179.30122126180112,-40.45,-183.42,-188.4,250.47,178.50004075287364,2.0258738707037027,1.1258628424457398,177.14486326756747,-26.39,-167.84,-171.12,259.79,2.020070379962045,1.1481825377525994,178.2884476587776,-33.05,-175.23,-179.55,255.63,178.5889926978974,2.0038525295041048,1.168311131505645,178.56508842577017,-46.51,-186.02,-188.08,234.57,1.0378365474333866,0.0224433366025493,42.67356540305634,4,2.5191123853452817,6,4,117.22642814428032,1.824500865990477,6,4,115.20497026995308,1.8362331306236688,6,3,116.15696246889873,1.820930064554925
CAKCUO_#[4],3702.29,3612.12,3654.15,3840.61,164.15,-4.25,206.39,290.32,0.7174541534738226,0.0058189570828435,19.651845930253373,77.50177124128585,177.02908490529634,2.029704296196861,1.134729381835159,179.15557113027197,-29.32,-171.55,-176.83,260.4,2.043630421578228,1.1328063250176523,178.4562097019088,-28.95,-170.64,-175.11,258.89,178.07901033389751,2.0476753307104123,1.1274826694898683,178.02664522913275,-28.29,-170.21,-175.83,261.17,2.040229692951262,1.12607245770421,177.4739926269118,-25.82,-166.0,-171.68,260.21,178.3051914646605,2.016685315065292,1.1374803207088906,178.7286307393933,-36.38,-174.04,-176.07,240.98,1.0747342641248332,0.0279250911875651,37.05986996880712,4,2.4660575033847048,8,2,109.6919652335646,1.6070104977877395,6,4,117.63709910913072,1.8190657492240347,6,3,118.88876324734156,1.8226277348926736
CAQCOM_#[4],3666.82,3511.12,3732.98,3756.36,420.42,169.77,243.46,848.02,0.7481270699982234,0.0063430351939944,28.335158273603625,101.04745050286346,177.44043332983986,2.048138054428949,1.138113144638968,179.68293379077693,-30.52,-172.67,-177.01,258.12,2.030936084666377,1.1580549814235952,177.63326640646738,-37.62,-182.35,-185.64,255.11,176.70473774001027,2.0505802520262404,1.1359242096196382,177.65548255399355,-32.0,-173.17,-178.17,255.34,2.0397141907630103,1.1425423449483167,178.54859828781653,-33.43,-176.01,-181.58,257.29,175.88964893686585,2.0036405740551366,1.149664685897588,176.6707164612707,-38.84,-174.35,-183.04,240.89,0.9020179036037604,0.0246581010324443,27.0514495054493,3,2.4834780731868764,6,3,123.4355101193408,1.791649457901852,6,3,121.4911651523957,1.82227983306626,0,0,0.0,0.0
CAQCOM_#[8],3620.03,3478.6,3647.45,3734.02,431.99,166.46,258.06,871.45,0.7688313369357695,0.0067020996414737,17.252689098254223,83.1891067890909,178.4532809066652,2.053646644386516,1.13115988701863,179.72613730185094,-30.91,-173.41,-176.84,257.52,2.060542076736121,1.130204915048593,178.1563582211523,-30.07,-172.26,-174.13,256.17,178.84970486903435,2.043043291269181,1.1475669784374236,176.3078916510884,-33.87,-177.91,-178.79,255.08,2.0459208244699982,1.1390305131997112,179.49324582028115,-28.91,-172.24,-177.68,263.18,176.17517212893722,1.993950894580907,1.1541798213450103,179.73682535798494,-39.34,-176.29,-183.8,242.07,0.9251120793067796,0.0257853456323334,28.46563001775453,3,2.500719548450006,6,3,121.75147215608467,1.7925958161281073,6,3,122.69073366944464,1.8211751618117349,0,0,0.0,0.0
CEPJUD_#[3],3622.75,3523.14,3598.43,3746.67,517.63,508.47,515.91,528.5,1.0121072208617448,0.0115162446549298,36.433781738785015,138.51070012276156,172.28425846814304,2.0377019139216617,1.148934327975276,172.32212065017228,-36.3,-174.72,-181.62,247.45,2.0391392154534227,1.148332020802345,176.41363915639715,-37.75,-177.66,-183.1,247.49,172.2263726159543,2.058358426027888,1.1261531245794238,175.43530506509117,-30.38,-167.9,-174.63,251.4,2.0328980323666013,1.137543427742432,172.9778020399867,-37.24,-171.39,-182.32,241.98,175.54558146041097,1.962724764198996,1.170655055940903,179.13708710424004,-41.43,-182.64,-183.55,241.91,0.5226191634836361,0.0040462505765325,22.88639902378856,4,2.6334288029107604,14,4,113.25460236765046,2.289380765622005,14,4,111.92946556528142,2.2827358016205026,14,4,114.31678948059586,2.2829315145225006
CEYSIL_#[2],3692.24,3543.57,3668.55,3864.59,234.36,-47.74,153.6,597.21,0.7243362931907247,0.0059335930635679,23.63891660952397,94.66159129247946,175.49654837619784,2.0567048038063214,1.140280711053204,176.14890597701535,-34.85,-175.02,-182.63,253.11,2.0404696910270435,1.1471461502354443,177.64159092039043,-34.8,-177.32,-183.76,256.68,178.48718966041105,2.039517751822719,1.1383332596388458,178.06721603852404,-33.45,-175.71,-180.79,256.16,2.0646559107996665,1.1326844132413938,178.3545930665249,-28.67,-172.15,-176.81,262.96,175.05604025957513,2.009489639187025,1.1474908365647196,177.8757222928979,-38.89,-174.46,-183.38,241.18,1.058970856007631,0.0259534383258112,104.01565689332222,4,2.4767693352429894,8,2,117.26640112015735,1.6638796200446713,6,4,127.5749280450602,1.7874865957539374,6,4,123.68937562869225,1.861000077915098
CEYSOR_#[2],3651.86,3542.36,3603.55,3809.67,234.24,-45.9,143.23,605.4,0.7068279245971301,0.0059926038557066,21.806250744194955,98.05276263405324,174.76275369695304,2.0098558281628067,1.1897824212855057,176.25943581998212,-48.05,-193.53,-200.06,249.43,1.9710589285965043,1.2237869258984588,174.6080745812864,-54.49,-204.82,-211.22,252.58,178.21809288048954,2.0749801083383907,1.1105181898555287,177.25742761614976,-26.98,-163.59,-172.3,254.95,2.098366862586236,1.1059011257793347,176.63658916999233,-21.45,-160.54,-167.33,263.53,175.8345271233201,2.047136365755833,1.1145965234110506,177.2821219148819,-29.52,-162.47,-172.52,246.43,1.018555268999808,0.0240498337488645,107.44844625054594,4,2.464376373446232,8,2,117.71937910654158,1.6730014943209106,6,4,127.12371420563056,1.8030028646677183,6,4,124.95263977157272,1.8800142233504509
CIWRAD_#[8],3695.69,3531.24,3725.46,3830.38,255.02,170.75,584.83,9.46,0.7177668852908723,0.0058505324345495,26.401800000318246,88.32057657512985,175.6352157257088,2.0537237545492824,1.1384366209851149,178.18345607256026,-31.27,-172.34,-179.24,257.75,2.03196053849478,1.141340391820074,177.90289717422766,-33.34,-176.47,-180.91,257.37,179.00995066846033,2.048667715858285,1.1396156062462477,177.1444661600116,-29.93,-172.23,-178.73,261.18,2.0547564405544496,1.130801534310952,179.22014368920497,-30.91,-171.49,-176.6,255.34,172.64399765856044,2.0044791767439243,1.1484066875458372,177.42118472924884,-41.09,-174.69,-182.06,233.48,1.0112528274857873,0.0236422248134611,131.73655793483238,4,2.469377656414669,7,2,119.84068234582004,1.6692284475169954,6,4,126.20662590843662,1.859563542877737,6,4,135.87222803209187,1.856835323877699
CIWREH_#[2],3701.82,3436.53,3819.11,3849.83,380.49,182.59,306.83,652.05,0.7296209013584916,0.0061712835362284,17.561400971579772,72.39779768208187,176.83567887925773,2.043031142689704,1.1351168662300808,178.1696410782441,-33.0,-173.69,-177.9,252.61,2.020145207652164,1.1581412867176444,177.1374254660364,-38.21,-181.88,-185.35,252.62,177.38946814302858,2.020767727869781,1.1560666503277397,178.88044128759788,-36.71,-179.46,-182.81,252.15,2.0484445708878725,1.1317564269753455,178.45954142221493,-28.89,-171.47,-176.04,260.84,177.00773656448837,1.9802564202648096,1.1614503045761366,178.3175788524356,-43.3,-177.33,-186.62,234.07,1.0220096624159003,0.0246414569885973,103.79304902019436,4,2.460301554687962,7,2,120.54431252194269,1.6475934844493654,6,4,126.27398949305336,1.8292851800635133,6,4,122.67522713295548,1.8600066747192063
CIWREH_#[4],3671.07,3400.01,3779.2,3833.99,378.21,192.37,292.6,649.66,0.7417433653671575,0.0062391410742902,17.878976095617986,81.13238393341058,176.64868937202195,2.041615215950352,1.1464687959120388,179.454564212944,-32.64,-177.55,-180.93,260.56,2.032995489419492,1.1446118512404102,178.65846213179705,-33.47,-174.01,-180.72,254.32,177.62506248586416,2.036654855394011,1.1436345089231963,178.00129980163982,-34.53,-176.58,-178.43,251.43,2.03026432023025,1.1465283685980037,179.0263246703139,-33.61,-175.25,-179.34,253.78,176.20720676958376,2.007964646103113,1.140645909123423,177.83985135601887,-38.8,-171.29,-181.82,236.71,1.037494102771888,0.0254231853586419,104.9247362616444,4,2.4749449246397384,7,2,118.63185282866272,1.6423426743527063,6,4,127.3528103214334,1.8704060441519104,6,4,125.37200198863368,1.8370978498708224
COHHAK_#[2],3491.94,3361.01,3469.54,3645.26,43.32,-121.93,247.02,4.88,0.7661811160827736,0.0065770678179376,27.749438955313536,102.38328337100924,175.57873804662128,2.0527640755819943,1.1319526845235182,175.26732054489878,-30.03,-170.32,-175.74,255.96,2.051517499316056,1.140019499833225,177.21517977545824,-32.48,-176.67,-178.69,257.91,173.97430658699295,2.0619968598424188,1.1340010758372332,173.9957939648962,-34.84,-174.83,-183.7,254.01,2.035501839841959,1.1371960868733233,175.62780471613362,-33.73,-174.63,-178.69,252.15,178.20360185047292,2.016379587280133,1.1407129612658915,179.31514609680957,-38.98,-179.07,-181.03,243.17,1.2358637827409271,0.0377423744739062,52.29890251667234,4,2.503340642022177,9,1,108.64458679498117,1.5987663024970222,8,2,123.78939932178254,1.6254740539301136,6,4,119.13391324826722,1.81405400415754
COHHAK_#[4],3471.27,3288.24,3468.36,3657.21,49.11,-104.57,245.6,6.28,0.7741984516868072,0.0067466456053297,24.39838082049617,96.83651907880244,175.3062726608235,2.0613621782695057,1.1328131222756914,177.49150856069886,-28.4,-172.18,-174.93,261.92,2.0423334424133586,1.1399668240786656,175.17540276819958,-34.27,-174.64,-178.42,250.26,175.67137966385798,2.033411923344604,1.1471305897760729,177.93461407076188,-34.98,-176.91,-181.31,253.27,2.065309141508845,1.1347852131570977,175.7205767650337,-34.7,-175.54,-183.73,255.16,177.2358112048387,2.009137372107741,1.145097257878124,177.83037090878528,-40.68,-181.24,-181.75,240.96,1.2442027326909768,0.0382352330491982,63.03243270281874,4,2.5068298825408952,9,1,103.4926595747716,1.5970297868230257,8,2,126.86330848619266,1.6237620915639075,6,4,121.19476729338356,1.811292303853799
COKGUE_#[2],3551.97,3343.53,3495.51,3816.88,211.95,196.88,375.52,63.45,0.876645578484345,0.008665944771984,30.595660844608005,119.7964535161792,177.12184469682813,2.050136451556335,1.1363878695234302,176.2865048836921,-35.66,-174.64,-179.41,247.07,2.050097678160726,1.136433618826898,178.06993286091762,-32.35,-175.05,-175.6,253.61,178.03271771740717,2.027885060845412,1.140795362893802,177.29684276253812,-36.48,-176.82,-180.31,247.69,2.024364043347935,1.1367780478176024,179.2381833544839,-31.93,-173.15,-174.03,251.38,171.08859065417084,1.9911892602161143,1.1556393295488,178.56509119048854,-44.88,-181.97,-185.29,232.61,1.2230139182908124,0.0377456917546381,32.47255865114721,4,2.554721845915912,8,1,113.32940166611732,1.521485251325165,6,3,115.33246005015876,1.8356916979710944,6,3,115.2956744084674,1.8609607518698497
COLJEU_#[4],3650.5,3534.59,3625.56,3790.2,438.12,220.99,333.07,760.33,0.7848399705576949,0.0069435534260696,21.956479449744336,104.47976127924662,177.51478069564473,2.053317827322405,1.1385023320134222,177.35130588740455,-30.87,-173.07,-178.2,258.65,2.032888427828739,1.142401995796575,177.3637306460832,-33.8,-173.49,-179.4,251.08,176.28187442552172,2.050006909744451,1.1435312544919796,178.24107107518142,-31.94,-175.08,-178.72,257.99,2.044062684948776,1.1409122840954973,175.77483897626186,-36.62,-175.03,-185.19,250.34,174.48171080320716,2.0036348819083782,1.1347962856830296,178.13427644289095,-33.78,-167.84,-174.85,241.34,1.015351763135871,0.0215515163900374,124.58980413526112,4,2.507686128685166,6,3,116.83016670321229,1.803130280928141,6,4,132.25416318294987,1.8404756613440991,6,4,132.33777668861234,1.848748917511516
COLJIY_#[8],3695.68,3549.7,3691.17,3846.17,386.18,200.24,252.01,706.29,0.7766891672296348,0.0068244768475469,21.091005584881515,104.70959254658132,175.01074766857715,2.0295055777208386,1.1414311061119715,177.38093258695352,-33.87,-173.81,-181.88,254.07,2.0501222744021885,1.1390943859048726,174.33846802423875,-33.39,-172.86,-180.01,252.69,177.06087588987398,2.058006047124255,1.1295765135660352,176.6718535802488,-27.87,-168.14,-173.96,258.5,2.036887633130508,1.1428615926699095,177.96479165467974,-33.38,-174.8,-179.23,253.91,178.28652896478596,2.002400671693855,1.1346820215373097,178.13954772146317,-32.79,-170.16,-175.33,247.13,1.01183202600177,0.0215174562098117,106.1181313123019,4,2.501397941152109,6,4,125.78796236898611,1.8490933724395828,6,4,121.33343815292162,1.8346253404987056,6,4,123.07219033960908,1.7968110585144998
COPJIB_#[4],3604.7,3499.6,3639.34,3675.16,268.27,131.47,261.58,411.78,0.7786421755233413,0.0068274433294937,39.93435282503143,155.1746209668847,172.68373405411526,2.045637370112307,1.1378171162361734,177.61307586220877,-32.21,-175.63,-176.11,255.11,2.0368465381564724,1.1497071844604598,174.39911671883826,-36.74,-177.55,-183.01,250.33,169.96562330281023,2.036722020797144,1.1360917304513751,173.55583641083908,-35.43,-171.55,-179.09,244.34,2.0584964561543453,1.133706813951472,174.17181904627648,-33.39,-173.03,-175.42,248.26,177.9692204426459,2.0081922816304214,1.1449390595136488,177.68743616970116,-36.73,-172.34,-176.66,238.8,0.6105197006686061,0.0089355835127606,86.37448306524061,4,2.504364238684142,15,3,120.5827197934016,2.196798511470727,15,3,126.24663266000437,2.217286102423411,6,4,120.34399651122712,1.91433212896822
COPJIB_#[8],3351.8,3083.27,3404.31,3567.82,-26.34,-313.5,225.39,9.09,0.6820016425647473,0.0052965044179886,31.73990471580325,124.4108354221554,177.95662657825773,2.063790207361204,1.1290864670165874,177.85586889380832,-29.28,-171.76,-172.77,256.7,2.0299361295370844,1.144043220337413,179.3710331919993,-32.83,-174.03,-177.12,252.65,176.81162074491496,2.059070443185468,1.1379223787236108,178.89201853677775,-29.31,-169.66,-174.65,256.37,2.049274657043316,1.1408119301620236,177.741172060441,-34.8,-172.84,-177.44,245.88,170.34059375962755,2.009563793463646,1.144904725293768,177.94367726014718,-42.84,-177.01,-179.06,227.56,0.8455344844338504,0.0224427040789509,72.04698094921977,3,2.4515280316569914,15,4,125.91980411962004,2.196798511470727,6,3,144.64603143168898,1.6900124082384715,0,0,0.0,0.0
COWFIE_#[2],3564.88,3483.19,3592.79,3618.65,217.34,124.6,189.84,337.57,0.7364999030122492,0.0061847641240338,41.83324015604707,153.21146344104775,175.83170108482622,2.0353379424557487,1.1502806657507545,177.5947608127353,-34.22,-176.75,-181.0,255.08,2.0372346624775464,1.1467344984781789,178.90405517650478,-33.75,-175.84,-178.93,253.52,170.18011677517944,2.040949203189536,1.1168548965734086,175.2115909597548,-26.53,-161.78,-169.62,251.82,2.073489353722368,1.1209601063374202,173.77251129143477,-30.27,-166.52,-175.31,251.01,172.91000909580612,2.000679587040364,1.147518509654637,176.4907745917163,-40.19,-175.69,-179.75,234.86,0.8157994855424617,0.011762678721099,61.65142861214429,4,2.4794380915844623,33,3,117.09634116548128,2.3149566086646205,33,3,116.20822205329624,2.3471388412277614,6,3,123.71432149838364,1.8366448567973068
COWFIE_#[4],3594.18,3512.2,3590.38,3679.96,193.29,103.08,169.23,307.56,0.7620678829266829,0.0064691232248798,27.1008477811871,99.11507940271076,174.2075302702824,2.0478028835803506,1.140827318221299,176.33173634871932,-33.35,-171.24,-184.77,255.97,2.0525168184451013,1.1345517000119476,177.30835293020152,-28.13,-167.78,-175.41,258.81,175.67983430587236,2.043946736096613,1.1414974069177732,176.63865110056858,-28.64,-173.23,-174.72,262.01,2.043411652115158,1.1392967172778123,177.4223781489883,-34.27,-174.28,-180.41,251.89,176.82666268431848,2.031704722640572,1.111557380435216,175.85471053092036,-27.73,-162.25,-167.44,246.5,0.8152024700836078,0.0127666325168053,62.973771381591646,4,2.501117292331569,33,3,113.22993786052488,2.312432074678086,15,4,120.23096782253153,2.265813944259325,6,3,124.13077699895236,1.8163194570339216
COWFIE_#[6],3451.12,3351.07,3446.18,3556.12,173.84,126.82,170.25,224.44,0.7710899020663504,0.0067181323023315,32.16415080373082,116.65502197973284,176.62544169821518,2.030693029485254,1.151289021054227,177.22541978093452,-37.66,-178.42,-185.74,251.17,2.029329507497489,1.1628245740437373,177.06362569474507,-37.07,-181.91,-185.95,256.64,175.1139388856455,2.042237050393513,1.1428538751739008,176.70234094512807,-34.44,-173.35,-180.25,250.28,2.0619731011824576,1.1345091493681303,178.08832406708908,-26.19,-167.03,-169.84,258.29,172.2996582424339,2.010453622941847,1.1503416188245996,177.70877908003507,-41.64,-177.33,-181.36,233.77,0.8057945321633762,0.0122676148941454,46.40261821340185,4,2.4975912035399226,33,3,107.51281987054624,2.337430659934108,15,4,119.2003590369482,2.265813944259325,6,3,121.48050392051292,1.829748914468868
COWFIE_#[8],3469.67,3304.97,3487.76,3616.28,282.67,169.22,306.04,372.75,0.7362864775338851,0.0061410743025488,25.21654604630558,96.74653420567834,176.99665870582638,2.05230029966377,1.1286065789281927,176.45335390139178,-27.39,-167.7,-173.03,258.57,2.038918453494401,1.1380844476575545,178.0782744136399,-33.41,-174.6,-179.56,253.92,174.07805088327112,2.042143807374985,1.1305161431841653,177.22248034999646,-28.69,-170.55,-172.53,257.0,2.046216007659015,1.113268251590784,176.9509791753234,-23.0,-161.91,-164.66,257.57,177.24316720252872,2.0037466431662465,1.1440391863917942,179.81162606298213,-39.0,-174.94,-178.74,236.68,1.5555804200090666,0.0429054942796237,43.898772617587085,4,2.478436928792015,33,3,113.54084057020084,2.33728302308471,6,3,113.74867171915072,1.8357989160036023,1,1,121.70148008059564,1.424340615864056
CUFDAJ_#[4],3664.43,3582.84,3653.97,3756.46,277.18,253.25,284.24,294.05,0.8432162402708432,0.0079695742076028,18.631778867843025,92.4661233769339,174.87092262228043,2.0411581565376067,1.1448262968677825,177.05305294772273,-35.92,-175.13,-183.55,250.91,2.038830292103784,1.14277706487311,177.1678047516606,-35.84,-175.38,-184.48,252.34,178.77277237042736,2.055799080649662,1.1370478529947636,177.34695875952562,-32.42,-172.03,-179.36,254.14,2.0318250121504065,1.1446842577759162,178.80299156331245,-34.71,-174.0,-182.17,252.04,176.98945041984862,2.005219145131025,1.1412929378560095,178.90555846599594,-36.94,-174.42,-176.36,239.96,1.0646170070943324,0.01680621273871,37.47526339290749,4,2.5404960814770026,33,3,116.22510082473288,2.3008955843323275,6,4,115.07038461509534,1.8898937562730875,6,4,114.48648693663348,1.8868809024419104
CUGZOU_#[4],3515.35,3408.54,3486.35,3651.15,207.4,153.11,385.88,83.2,0.926693452403593,0.0095910591379285,51.67850129429488,162.11484976200893,171.54082982737847,2.051370990337925,1.1365243024238414,172.64692148622717,-32.54,-169.83,-178.49,250.71,2.0436629981481795,1.1460244194605966,175.2963631387874,-36.7,-176.58,-178.9,245.39,169.69806568764093,2.060080005727933,1.1379054310442505,173.50083048806945,-35.68,-172.36,-181.38,246.69,2.0320405064860294,1.1433386681119475,173.09589511255058,-36.62,-175.44,-180.27,245.85,172.9462359460972,1.990118604505772,1.1494059030647092,178.47035404263798,-39.3,-176.15,-183.02,241.26,0.9461500705017488,0.0163427259378981,56.56138838000588,4,2.591470692483324,15,4,106.56977305658172,2.192954947097637,6,4,117.97477120559256,1.902300060453136,6,4,116.7912775073666,1.935975508626077
CUGZOU_#[8],3556.22,3492.66,3513.04,3662.97,363.11,180.19,270.77,638.37,0.794242790981567,0.0070666114841161,31.56911514511708,135.70300265480125,173.92390844670538,2.042577756169884,1.1426123795933594,178.3115424868615,-36.92,-177.51,-180.93,247.68,2.05052362093198,1.1375787049694637,175.84586558410555,-31.9,-172.93,-178.92,256.14,172.12098960199452,2.041070922334645,1.146870097264724,174.56998507088895,-34.3,-175.74,-179.75,252.6,2.051231776274929,1.1427412699294626,175.12692181172946,-35.03,-174.43,-181.64,250.96,172.99478102509468,2.011013368926225,1.1409554329595877,176.35818930606715,-35.57,-173.02,-177.6,243.9,0.9199313975886853,0.0146306544457206,171.32732198375402,4,2.5158291635164725,15,4,135.92124065578284,2.192954947097637,6,4,136.48773914885388,1.8798155813802595,6,4,123.82021146765328,1.9090371316451653
CUTFAZ_#[2],3725.81,3602.38,3713.01,3862.05,361.57,200.49,233.05,651.16,0.767556122272943,0.0067087946734187,23.07667011526702,100.0381110575117,179.4071669497021,2.0541666777552403,1.1162893307740611,178.77391147662823,-24.32,-163.43,-169.55,260.03,2.0292945794043784,1.1200075981885136,177.2371666502534,-24.08,-166.16,-168.41,262.33,175.61149411766445,2.05520525738915,1.119215019556117,177.75283865386209,-25.16,-166.44,-169.15,260.11,2.044341316903809,1.1254615319947632,178.66024907804135,-29.57,-168.61,-175.9,255.79,174.79330681594254,1.9918267670658507,1.1371224780119331,178.37682158346857,-34.74,-171.15,-175.9,242.81,1.0012781777318047,0.0212996812362877,112.7412250772799,4,2.4955005930674514,6,3,121.57617170586975,1.8182836027418825,6,4,128.9408807690769,1.881405065370029,6,3,123.1115781809156,1.7842567556268345
CUTHOP_#[2],3710.18,3500.92,3790.8,3838.82,422.6,206.11,299.2,762.5,0.7786827781743648,0.0068829247729269,26.66508245018386,101.1881765511842,174.31498820962605,2.05164199118657,1.1241875154973036,177.36890363982786,-26.99,-167.65,-172.86,259.54,2.045522187608828,1.1294255221129,176.35727835594892,-29.42,-169.34,-174.76,255.84,176.33920405239752,2.018646023947736,1.139770656755121,175.92494987433008,-33.09,-174.49,-177.98,253.21,2.060123299708053,1.123457093083666,177.7753085722193,-25.59,-167.69,-169.9,260.81,176.2744248777874,2.00020531196175,1.1404986760185214,178.0986253159228,-36.22,-171.41,-179.54,242.3,1.029662888217792,0.0223683194371086,108.8137777873627,4,2.5024374297872067,6,3,124.53026917770708,1.8150513766833145,6,3,124.02534209739804,1.8106409942338089,6,3,122.6154232108074,1.822294142008913
CUTTAN_#[4],3710.38,3524.43,3775.43,3831.27,388.46,198.48,272.04,694.84,0.7623265850837715,0.0065731115897194,13.565924260839694,80.04420718878312,178.86211439728024,2.042184029415566,1.1301679609686337,177.5248371700169,-28.88,-171.86,-175.02,260.23,2.022889302458244,1.1466662417634863,179.01015582087155,-33.28,-176.22,-179.67,256.05,177.8334352869251,2.037892023636189,1.14031699540084,176.98310506979186,-32.65,-175.31,-178.09,255.45,2.039813609131971,1.126036522498272,176.976567450692,-28.0,-168.91,-172.9,257.8,178.74598837912822,2.010647433042402,1.1291289076097557,177.29563991723418,-31.48,-167.08,-173.19,245.82,1.0049312770725771,0.0214890495754569,105.61409172102304,4,2.4880812305871367,6,3,122.33927968182336,1.809047080647709,6,3,124.73058986491164,1.7899238112277287,6,4,123.24949140936155,1.8554102457408173
CUWDON_#[4],3711.15,3626.2,3718.84,3788.41,413.69,212.52,282.58,745.98,0.7647483674024484,0.006621765888514,19.848896791011583,88.37260736316884,179.70620213150406,2.0437945200043948,1.134147865139286,179.4361257173825,-29.37,-170.92,-177.06,259.88,2.0381900549261847,1.135734493620758,178.09953250813166,-32.36,-174.48,-178.19,255.57,176.35696799660516,2.0391140870485893,1.1383221556308214,179.7269759397209,-32.19,-175.33,-178.57,257.32,2.0434938463327943,1.1300373666388204,177.64730814507553,-31.79,-171.0,-178.46,254.09,177.25951932086716,2.000495778550908,1.145513832304089,176.8266048429602,-38.1,-174.89,-180.2,240.8,1.0217143422125274,0.0221873888846121,105.03597277777044,4,2.4918666778140435,6,3,121.5880837475935,1.8073309713497407,6,3,123.13331313626772,1.8000784260692635,6,3,124.07752957274944,1.8247619515980704
CUWJOT_#[2],3550.23,3395.27,3601.29,3654.13,209.0,244.23,325.64,57.13,0.7423939087927081,0.0062224489338284,24.41891479844442,101.78217312816732,176.03079912771892,2.0397002353287106,1.1346261454770017,175.6658292176129,-32.53,-171.79,-176.47,250.69,2.0400206616600736,1.134714858455638,177.80174514814627,-29.4,-170.85,-175.13,257.79,178.3062149906353,2.039546552545442,1.1438094858847785,177.95069575957527,-35.2,-177.09,-184.98,256.46,2.03899178517227,1.1508733509817664,177.5608095487783,-35.77,-179.52,-183.39,255.6,174.3402116339269,2.0120575265135936,1.1358466665884075,178.94184774093958,-39.61,-175.22,-178.58,234.97,1.119996703381076,0.0188523474350014,88.57127578551979,4,2.4794996975196426,15,4,127.58869887896232,2.283781508813836,6,3,128.08954001489104,1.83438048670389,6,3,113.24334939197408,1.808904016248512
CUWJOT_#[4],3610.68,3541.74,3586.3,3704.0,240.58,171.53,238.23,311.99,0.7959223975796317,0.0072081613654048,21.15522412956166,96.90006144282442,176.45686663985217,2.0327084665539217,1.1496064065583491,177.89151503221348,-33.98,-176.62,-180.52,255.2,2.042814492312017,1.1354586121915664,174.59169723878995,-32.25,-172.82,-176.85,252.91,176.23322137083125,2.0465450349308214,1.1351285874296353,174.68692842592932,-31.01,-170.46,-177.31,254.75,2.033027378074383,1.1349200852923524,177.90559653371724,-31.62,-171.67,-179.29,256.11,178.238332207515,1.988291452478735,1.140394848287207,178.74089318460062,-36.05,-172.67,-176.13,240.65,1.160157607950404,0.0203844905208508,61.51486238484921,4,2.5062308034177545,15,4,122.22643867360982,2.283781508813836,6,3,112.8449085979703,1.8200299448086013,6,3,119.81034049863794,1.8098247594725847
CUWQAM_#[2],3612.39,3475.41,3657.46,3704.32,190.28,206.23,327.7,36.91,0.7534322019069584,0.006511572323457,24.104485892615457,92.84929333891816,177.28488867903158,2.0589381486581866,1.1270063486955169,176.6373772527204,-26.74,-167.56,-173.59,260.94,2.0389862628276822,1.143379206562723,178.00626356364305,-31.55,-173.58,-177.53,256.45,175.4648207014916,2.02122611550514,1.1460988875310896,177.71466021704296,-36.11,-178.55,-183.31,253.54,2.0498318418836208,1.1396837148963748,178.16889248111042,-30.62,-173.69,-177.53,259.35,175.47573325583363,1.988308200455855,1.1599821938288537,179.4133214602959,-44.65,-182.58,-185.06,233.68,1.116703763403719,0.0186429895951307,86.67447525838752,4,2.483517435010272,15,4,128.3280581148155,2.2887104622472463,6,3,118.47198330707997,1.815368048082812,6,3,120.5507549113921,1.8401560857709869
CUWQAM_#[4],3629.89,3469.45,3686.35,3733.88,197.54,226.0,311.36,55.26,0.7541441582374562,0.0064795267428002,28.88991807695983,129.06677323834458,177.61340899400756,2.0376553584941703,1.1336498798129857,176.0305040118747,-31.26,-171.21,-176.26,253.69,2.045789945228982,1.132722936114564,179.4615372881323,-28.42,-170.85,-172.63,258.22,174.38534223916113,2.0319270213272915,1.1441054627961535,177.6562090575703,-33.79,-174.41,-181.71,254.77,2.0372435593222527,1.144709613832259,177.8628307669814,-33.88,-174.94,-181.51,254.8,171.56989233148806,1.9945353970285915,1.144141966715669,177.97703854040654,-41.03,-175.22,-180.75,232.88,1.1199718951317286,0.0187399786964709,86.43073094132721,4,2.481916751222732,15,4,132.89083744287964,2.2887104622472463,6,3,119.3518858886998,1.824365021041568,6,3,115.28456676705017,1.826290297296682
CUWSUK_#[4],3740.22,3642.65,3754.2,3823.8,239.05,171.51,229.11,316.53,0.8171330062194848,0.0075919158653027,24.572091430198,103.67822342647474,177.73611426954596,2.039027057201547,1.133894461579207,179.24317951349383,-27.14,-169.7,-174.21,262.49,2.021396081919623,1.143781001765635,176.84231704108836,-31.45,-172.83,-181.85,260.33,177.3276026972496,2.045476147502092,1.125473735810836,178.70353219825353,-27.24,-167.62,-172.59,258.49,2.041203578774052,1.1333525929736072,176.66989419859755,-29.08,-169.31,-176.13,258.2,176.0822045789421,1.98796193625532,1.1487989989549956,179.44554310982377,-38.09,-177.73,-178.7,242.15,1.0428214785398755,0.0227721092181931,54.395458200318416,4,2.517292764062218,6,3,116.35997642458138,1.807495715070993,6,3,114.05099700960264,1.824695604751653,6,3,122.63906463454668,1.834044015284257
CUZWIF_#[8],3422.55,3239.22,3344.08,3684.34,386.27,220.99,369.28,568.55,1.0394345666071487,0.0119043350805698,35.428001594295466,145.11516703175755,171.28263903392124,2.0450936922302607,1.147110979809713,176.17301499615752,-35.39,-172.85,-176.45,243.13,2.040577107094951,1.15010473436118,173.0620172079579,-43.05,-178.0,-179.42,228.26,175.06235743127093,2.047256657090166,1.1415738346686124,178.9010420769925,-41.42,-180.38,-181.87,238.0,2.0439081902081613,1.139618567767303,178.76835671470553,-35.77,-175.26,-179.54,247.48,173.67651516687303,1.991504727586656,1.1492823282379312,178.58092948388844,-43.71,-175.02,-180.98,224.88,1.0633937521117065,0.0313568373825606,34.01210097469608,3,2.6573288148063274,6,3,98.1931308899848,1.8375631172833224,6,4,125.09394419701226,1.8820038841617728,0,0,0.0,0.0
DAFNAA_#[2],3570.95,3379.74,3510.86,3822.25,278.3,195.62,287.85,351.43,0.8546680875032875,0.0082742489580295,13.53538668868636,77.28909802178771,179.33858916407922,2.037025134847385,1.1341554787594157,178.95689634955025,-30.63,-171.28,-176.35,255.75,2.03101921950532,1.1456843631646545,177.86979351101368,-34.75,-175.76,-179.11,250.62,178.92030194795714,2.039104600063469,1.1361183917180464,178.73387429614945,-35.49,-172.35,-182.49,248.38,2.021729682722198,1.1586260570175348,178.5577566885825,-43.03,-181.11,-185.83,237.86,177.89474607383852,1.988886909806588,1.1505587425246917,178.33317525402944,-41.75,-179.75,-181.51,236.01,1.0612034976800693,0.0234840305536479,41.18612101507564,4,2.536353961890965,6,3,122.13630896521282,1.7922500746268657,6,4,116.14548456363345,1.8631945765271007,6,4,109.8321447121111,1.8312102391587912
DAFNAA_#[4],3573.74,3376.46,3520.33,3824.43,277.91,193.44,283.92,356.35,0.8467081948067394,0.0081146812354207,14.197972632695013,75.12577501045486,179.57177602263258,2.025529555449637,1.1417732743412758,178.29741874750349,-33.34,-174.07,-177.45,251.49,2.0425737367351022,1.1388042017836075,178.2671892070467,-31.77,-172.69,-177.78,255.17,178.98288983830736,2.026561864340686,1.149411679947616,178.4542999885668,-40.99,-177.65,-182.66,237.33,2.041879658549936,1.139919751561486,178.48662182126506,-36.76,-174.14,-184.04,247.9,177.25720081896458,1.991222305519904,1.1488191546105069,178.24140981932885,-41.45,-179.0,-181.05,235.7,1.059314264929452,0.0234629149443945,40.67725908354191,4,2.533578341003096,6,4,116.751902547418,1.8659645119883703,6,3,121.30189618543778,1.7907969343284014,6,4,109.8063440878396,1.8253450468336123
DAFNEE_#[4],3625.1,3495.93,3669.96,3709.39,238.4,252.36,366.69,96.15,0.819103304469623,0.0076071961360726,27.266825001977185,112.5055811138568,174.47127320686053,2.0414871491145865,1.1373953973882596,175.42419354148885,-32.05,-171.76,-178.22,253.83,2.0497906356503828,1.134837935566132,177.52810072462816,-30.3,-172.36,-175.34,256.81,176.57728964037554,2.057141968849015,1.1345306077845585,175.62496138139895,-33.84,-173.79,-179.27,251.53,2.0439088262444587,1.1403878901496634,177.29967109858768,-33.04,-173.49,-178.92,253.28,175.26176514732836,1.9848372477359448,1.1446351121645708,178.5081074620553,-38.5,-174.61,-176.77,235.87,1.139510729508512,0.0191792817811376,81.82881298296165,4,2.5268951482006528,14,4,125.8760660655557,2.307363547428103,6,3,119.50769789655098,1.8412110525412344,6,3,118.93930711510843,1.8535369135790087
DAHKUT_#[8],3649.54,3498.23,3672.04,3778.35,249.51,146.42,183.43,418.69,0.8138832484157834,0.0076237573188669,17.664187684871123,95.62743924771468,179.53020079014897,2.020816322677546,1.1547338611125948,177.36628938641553,-37.15,-177.6,-183.56,249.72,2.0948093039701727,1.08766736183449,177.8147710617982,-14.85,-151.48,-159.07,265.99,175.55813453588485,1.9670143975070435,1.2131882953606183,176.35764058611218,-49.76,-200.04,-203.71,254.47,1.983393589280755,1.217579521017005,176.48311657458007,-55.17,-205.96,-210.61,251.06,177.7436483334318,1.927985347454696,1.2269353365194102,177.74802291989135,-60.72,-206.7,-208.9,233.45,0.9003662889851702,0.0167513750710215,46.34928401864487,4,2.4652079608016844,6,3,121.728015654236,1.830977752459052,6,4,112.90570966679624,1.889430617937584,6,4,115.06028044896608,1.8744829340380773
DANRAN_#[2],3544.45,3447.21,3567.49,3618.65,243.75,300.73,337.21,93.31,0.8154419969925812,0.0074422047637518,31.10569082785291,112.38915404343516,176.34601093078496,2.053227371724817,1.134096226076077,175.31487736080896,-33.09,-174.05,-181.43,256.22,2.0477181178082104,1.1371475541898686,177.86019835849876,-32.9,-174.03,-179.3,254.62,174.3526578219669,2.041359375514267,1.137021292676615,175.49383299472305,-32.2,-171.94,-176.0,251.33,2.0581495110899986,1.1310710764580627,173.35575764188863,-27.18,-165.46,-170.74,254.65,174.9518753091987,2.005729156690903,1.1388685349942722,178.5426751199089,-37.2,-174.96,-177.98,241.34,1.3144493715172203,0.0468780234704541,44.55606678437961,4,2.530501904761188,7,3,118.11678224999692,1.716183434251712,6,4,121.57187259607106,1.8185616459169045,1,1,107.45153499447832,1.4278618910805063
DANRIV_#[4],3615.91,3429.72,3658.85,3759.17,278.93,149.4,330.33,357.06,0.8127944350764966,0.0075064520876165,19.842619948613542,89.39893962901188,177.15304684872473,2.0282979613459164,1.160850184132302,177.28478476832532,-39.92,-183.34,-189.64,253.22,2.0401020023518432,1.1323512175999098,177.0261222737715,-31.77,-172.02,-176.87,253.57,175.76392140974892,2.02908066374898,1.1454931558067023,176.4680649675195,-35.64,-178.03,-181.88,252.99,2.0567634890769524,1.1374455986991203,177.32808120293592,-33.59,-173.03,-178.77,251.03,176.00974660801975,1.990560946065204,1.1629492035338431,177.3059254756514,-42.74,-180.64,-187.36,239.79,1.3047303856615358,0.0471772239972567,40.514188963803264,4,2.516637673563677,7,3,108.27037644453428,1.6858646920794085,6,4,127.12579559336191,1.834817892871116,1,1,110.29719310330528,1.4197696644174365
DANROB_#[4],3440.51,3358.85,3451.67,3511.0,-58.93,-36.58,-378.62,238.42,0.810030441715198,0.007429764997882,38.64920179089262,137.96534206920154,168.9020897541903,2.018899868740399,1.1631481676897393,173.4098267559552,-42.19,-182.94,-186.59,242.96,2.028838921649524,1.1426653447094637,174.0132543298083,-33.99,-175.31,-175.45,248.77,178.37897138337695,2.047430882838295,1.136859929806658,174.30485077211057,-30.99,-171.18,-175.14,253.37,2.051891239807802,1.1577389602151256,177.88242497202566,-36.31,-179.36,-184.49,254.94,176.03139593734824,2.001090425243198,1.1385481324915523,179.84602894292794,-38.9,-172.41,-176.28,232.0,0.7751819726987661,0.0185694428991285,31.1235008621598,3,2.515648532684962,15,3,125.98543120748668,2.0503270982943174,6,4,121.91193362139713,1.8181970080274577,0,0,0.0,0.0
DATCAC_#[2],3767.1,3662.46,3728.4,3910.45,138.83,-64.01,232.65,247.84,0.7347524598943069,0.0063812141078293,22.567187418099053,94.68532598363502,175.19258643445005,2.039594454787519,1.1354947644088895,177.9574713637789,-33.31,-174.81,-179.57,254.47,2.063073488754097,1.1144101803196165,178.65289597749785,-24.08,-164.4,-168.5,260.66,176.37480818497798,2.0397457635695684,1.1219126926815657,177.76222943935636,-28.29,-168.7,-173.84,257.68,2.042148706632305,1.1538128141080777,174.25779371407285,-35.02,-179.7,-182.7,257.34,175.60311618454247,1.95455086656756,1.1695986448350577,171.97288302395222,-47.02,-183.12,-184.66,226.73,0.8764626582527908,0.0160136795497096,81.62142690509123,4,2.4686741319987937,6,3,120.31335628196008,1.8393214699991949,6,3,121.12728106142464,1.857025392933548,6,3,122.7546878101216,1.9567502165580564
DATCAC_#[4],3795.87,3644.15,3761.47,3981.99,190.39,233.63,270.36,67.19,0.7354592812316696,0.0061342876398127,22.482675383093493,98.99497751131858,176.06810376462423,2.047557630446577,1.1187652166562914,175.26704235159335,-24.39,-165.22,-170.45,262.5,2.0293259915548307,1.1279167079177443,171.37857911765323,-29.28,-171.07,-174.61,257.83,177.20993949414648,2.029562536607336,1.1392503368443658,179.28103903817225,-33.17,-175.69,-180.12,256.31,2.0347383001260875,1.1301115431673103,177.54952272360066,-27.05,-170.26,-174.03,263.13,174.4251710114269,2.0114606160698254,1.1251973249168323,176.81775791641877,-34.46,-168.82,-171.2,236.64,0.911036838776368,0.0172790525175111,80.61416063847278,4,2.4718045836999325,6,3,119.82805286562494,1.821236799540357,6,3,121.07336431371536,1.9136412647097685,6,3,122.1116570519414,1.8584620092969355
DECZOC_#[4],3512.34,3359.89,3490.23,3686.9,176.76,-35.13,253.38,312.04,0.7839755526259418,0.0068089696625511,27.72559074189617,105.75503076813176,176.27710854802513,2.043874883646257,1.1263736325038856,177.2126502358316,-30.95,-168.22,-176.55,251.91,2.09572800954704,1.0845242320944246,175.4526272255516,-16.03,-150.39,-160.15,262.45,176.63340105601006,2.058382639355472,1.1253931935106058,175.32997555849406,-28.47,-168.45,-174.28,257.34,2.07075945005691,1.1236927960968692,175.8324277007403,-29.21,-167.97,-175.31,255.64,174.6822917709402,2.0318248226655764,1.11639780544392,177.9704490688294,-33.75,-167.31,-172.95,239.02,1.1328636590081258,0.0200102606882712,45.29718677023888,4,2.530499292629816,15,4,117.72280618895884,2.2609049051209564,6,4,115.86946744452784,1.8276266166807704,6,4,116.19607139923085,1.830913922061876
DECZOC_#[8],3534.51,3384.42,3532.95,3686.16,170.92,-35.12,238.39,309.5,0.7764152721200532,0.0066773623208038,28.452271746799937,111.5484691321506,176.01155468037962,2.0655391281696875,1.1189858846294716,177.94642054023237,-27.45,-166.4,-174.06,258.11,2.0438985371099045,1.1276324755876797,175.7171498588493,-31.05,-170.11,-176.92,253.9,177.66243960238629,2.053960121326604,1.1208657858994535,174.17955017556966,-29.0,-166.14,-174.17,253.31,2.073277063009188,1.1087519966160149,178.51035825565194,-23.28,-160.34,-168.7,259.21,173.46022387955404,2.03116330214978,1.1141197691451312,178.14442103616278,-32.44,-164.85,-173.38,240.9,1.1011322914985902,0.0188296145856063,47.76390309041379,4,2.5194167936250644,15,4,117.46571573793194,2.2609049051209564,6,4,118.4795418933134,1.8526368046651769,6,4,114.95711464043085,1.826552602582254
DEDMEI_#[4],3588.46,3511.43,3541.11,3712.84,53.22,-129.0,111.62,177.03,0.5636541942268729,0.0035988168848912,24.040089049451822,88.36574145698842,176.9984056570462,2.0578579372736105,1.1432727102489593,176.30255525097542,-30.5,-174.75,-177.43,260.69,2.0617709741869974,1.1357106761847404,179.01626411506797,-30.42,-172.74,-175.11,256.6,175.24258557155707,2.048127559504046,1.1384235679218877,176.9325231246383,-30.7,-174.13,-178.61,260.62,2.054670783848352,1.1391166270404445,177.54147194343315,-29.91,-172.48,-176.47,259.21,175.27592706565358,2.031540415546784,1.138925871161069,179.42501558579687,-37.37,-173.15,-178.99,240.02,0.9291548930671752,0.0291796172970197,69.43742131138309,3,2.3889860506080822,7,3,128.9715207359266,1.677311640691735,6,3,139.813376832588,1.7069281209236669,0,0,0.0,0.0
DEDMIM_#[2],3693.21,3647.11,3693.24,3739.27,100.42,-7.13,224.59,83.79,0.6889467741482536,0.0054108056215205,30.118570138297898,105.2634764710659,177.76094482950245,2.0544179345985083,1.1363717921525511,177.6401746158285,-27.79,-171.29,-172.89,260.82,2.0414792112583457,1.1390587078812042,177.57011731852143,-30.87,-171.49,-175.49,254.36,172.671071586402,2.036192291999948,1.13904675057699,176.17773390529987,-31.3,-173.58,-179.15,258.82,2.0539367906535,1.1411125492255356,174.25194115216016,-30.08,-171.25,-178.14,259.15,176.16976987681733,2.00375845350681,1.142138581784189,179.537879725724,-38.7,-172.92,-175.67,232.47,1.0109664178432898,0.0338015224652058,72.57415378341045,3,2.451325000892375,7,3,126.60462965475683,1.6746851106999192,6,3,144.1443159609138,1.7115152643198954,0,0,0.0,0.0
DEDMIM_#[4],3671.61,3590.65,3704.51,3719.66,98.49,-10.93,221.76,84.63,0.6660947134535191,0.0050376416120923,33.8207285294111,125.00991496809672,174.56531150951443,2.054522331346145,1.1398700539973852,176.49018850324174,-30.99,-173.58,-175.45,256.07,2.037773444227793,1.134770399684447,176.95243448153084,-28.95,-171.13,-172.83,257.1,171.0780888024309,2.0403614434702493,1.1403171225584572,175.90384750742356,-31.46,-174.91,-175.99,256.51,2.053406927523135,1.1380901458144697,173.14568804136044,-30.21,-169.87,-177.17,256.42,175.51540639801198,2.014497642093432,1.1370645496188865,178.996805376047,-37.45,-170.33,-175.96,233.94,0.9925703809174976,0.0326555917299426,72.92453600892067,3,2.439769185804264,7,3,128.0351077749349,1.6782422173214449,6,3,143.17710490002088,1.7124405829108356,0,0,0.0,0.0
DEXVAG_#[4],3632.9,3404.95,3516.47,3977.28,146.58,287.22,58.44,94.08,0.956396904889153,0.0116135113488747,28.988022158715225,114.60373677606776,176.9437013905703,1.9222952400710984,1.2175454242039594,174.76258863285773,-52.13,-200.22,-202.23,246.07,1.985876484074475,1.1660008790734244,172.32215573664558,-36.76,-177.92,-184.07,251.71,177.42103230953208,1.9391276440709104,1.1836942764075529,178.01274494067258,-42.89,-186.06,-189.89,247.28,1.9390160262359863,1.2281921388773016,175.6990405501748,-55.4,-205.71,-208.54,248.06,176.3522627382405,1.845216280006223,1.2341636277252697,177.57719314934818,-62.11,-206.91,-209.05,229.64,1.3098703890610943,0.0331247180579551,58.840788911791066,4,2.500144477825231,17,1,110.06596325739136,2.0916647054439674,7,3,124.05965646433316,1.618261848404022,7,3,122.06306215787016,1.663676945804082
DEXVAG_#[8],3637.8,3347.15,3601.55,3964.71,135.71,288.37,44.47,74.28,0.9559430869631242,0.0112392897444698,28.510576310742834,121.59208303701126,173.78360497759274,1.945481431419997,1.175544512130442,177.18232318595892,-38.52,-183.82,-184.97,253.24,1.9576426180485544,1.1819365169077398,173.48718821310345,-43.32,-182.73,-189.69,242.47,178.47097472795446,1.944624943273124,1.1948189904751267,176.15438468503825,-43.9,-189.75,-195.1,253.14,1.9039179236511217,1.2209088540919013,177.72774832736462,-52.49,-200.38,-205.26,248.19,176.5099861048615,1.9014316238034965,1.1878837906125328,177.77283724767358,-49.62,-192.37,-193.76,237.28,1.3204105148924958,0.032530768950702,57.40129220893898,4,2.504185560217133,17,1,109.0374209530802,2.118247072463456,7,3,123.76207221022337,1.6375333584388438,7,3,122.4079129173844,1.6644887593492494
DIKJIQ_#[8],3456.02,3216.5,3463.8,3687.76,266.73,191.05,223.18,385.96,0.8528234370178984,0.0082539768618616,31.748098056127347,113.38841401916402,174.19011289532156,2.048156327041469,1.1380974694638413,174.20624528177976,-30.29,-169.12,-173.36,251.62,2.0399056595833054,1.1264750951530176,177.32688916789456,-25.51,-166.59,-168.85,258.92,179.08441205146374,2.023301532149868,1.1396616208331312,175.0185834869188,-30.81,-171.1,-175.27,253.93,2.050594143169242,1.1214117085174389,176.78809793476432,-25.04,-166.0,-168.09,258.96,175.41427244192505,1.982358040314615,1.1447613463076045,178.6027703217943,-38.64,-174.8,-179.07,237.94,1.1561037199576456,0.0189725510960487,90.83723334935284,4,2.54055720266244,74,7,126.95466671770257,2.5976641006873846,15,4,128.35634898921143,2.1624682517900697,6,3,113.80510036918344,1.8196493316021087
DIKJIQ_#[12],3402.05,3044.45,3468.13,3693.58,240.44,147.74,207.48,366.11,0.900918040063028,0.0093020010695071,35.13924350537992,134.8274814769011,173.19805037485702,2.005095992714564,1.1380235190891266,173.4166443636944,-29.02,-167.42,-171.82,252.19,2.0367551374674373,1.1257957674462982,174.67343075515967,-26.67,-166.41,-169.59,256.0,173.68844021415867,2.039231821054193,1.124867947805429,173.55018048725722,-20.99,-162.16,-164.99,264.18,2.0330776596087032,1.1367516043533872,174.88512329307324,-30.55,-168.76,-172.17,249.28,171.02334292653927,1.96470689926004,1.1465694658414731,178.17149448592448,-38.83,-173.6,-179.47,236.59,1.1656158820375049,0.0189847222330043,89.91584283649064,4,2.556324326058804,74,7,128.399840266184,2.598643827075962,15,4,131.17521606818894,2.1624682517900697,6,3,109.76134736481596,1.826884019307192
DILJEQ_#[4],3704.89,3670.34,3690.54,3753.8,35.82,-162.37,238.47,31.35,0.7315458340187977,0.0061069745200795,27.11815243890021,111.1627477076128,173.13561086241117,2.039405072564055,1.154612099364977,176.62594793905814,-37.55,-179.6,-186.36,253.3,2.0472095593758834,1.136417080125075,173.65336266021612,-32.73,-171.69,-180.81,254.32,176.94562625461796,2.0246059394361167,1.1404637916216365,178.4320515626658,-31.45,-173.52,-177.81,256.97,2.030517286309083,1.1507935783623406,179.36083818331355,-34.03,-177.49,-181.61,257.01,178.13006924589158,2.0003016847465784,1.15553351314447,178.2300261953964,-42.77,-182.14,-186.38,240.22,1.1269256618449324,0.0313721606715282,45.88434739053572,4,2.4673354088976223,8,2,113.34654885327022,1.635971873230099,8,2,114.6679237755748,1.6513945409864952,6,4,121.53834192134704,1.860788488786408
DITLOK_#[4],3573.81,3470.29,3571.41,3679.74,148.59,154.5,221.34,69.92,0.8150834344985203,0.0074578848384798,29.399612338305985,107.89845859709652,177.5824644573901,2.037459359103882,1.1433156082202325,175.8189466649566,-37.41,-177.0,-183.75,248.51,2.055906191926081,1.1362314640952342,178.30122225269253,-31.09,-174.01,-179.31,260.06,176.92274842425869,2.050819397216633,1.1388067702643858,176.63594863890347,-33.52,-173.79,-181.49,254.71,2.036859418320273,1.142658921113383,178.82876770215074,-31.95,-174.65,-178.1,256.9,173.11676912656506,2.0051147722761407,1.1476963143619483,178.97981683058018,-40.49,-179.72,-180.71,238.98,1.0495591679938248,0.0240948704978036,51.90249658503055,4,2.5262818884677145,7,2,110.11285607364805,1.714945730919786,6,4,115.44164720539295,1.892733134913636,6,4,119.96901407028464,1.8720484635820729
DITQAY_#[4],3613.5,3414.67,3664.94,3760.89,144.6,-55.21,211.72,277.3,0.684418521369683,0.0053072460921228,15.576043242777544,77.44048044327982,178.02391949949492,2.049241308387084,1.1342296284262707,178.99659604570377,-29.84,-171.37,-177.65,259.51,2.031327403448294,1.163887606257583,178.79936032795558,-40.61,-184.1,-188.58,250.85,178.35927084853938,2.0538089955007988,1.120138071846502,178.8710551449936,-27.38,-166.8,-172.66,257.31,2.0536531060527228,1.1258631533183772,179.5297265068254,-27.52,-169.51,-174.83,261.79,175.60139928277164,2.015606305804782,1.1337872375362137,177.50363184031522,-37.97,-173.65,-177.08,236.82,1.1428393101123728,0.0209796038871705,75.03116235105367,4,2.4513785366605463,15,4,127.7289029996474,2.237746033400573,7,3,117.76734558573813,1.7166638838165154,6,4,116.79903594286048,1.8296213761322315
DITQAY_#[8],3680.65,3628.42,3678.66,3734.85,228.39,295.73,332.24,57.19,0.7257729307317744,0.0059378713547527,19.86555769280831,89.09755756133299,177.3764907406334,2.046164971354949,1.1290054517140298,179.62759112475916,-30.08,-169.15,-175.83,254.74,2.032837359455989,1.144442947463964,177.82422414048636,-31.64,-173.84,-181.0,259.92,178.21625064823633,2.038472246561135,1.125163268152672,177.147942401636,-28.44,-168.02,-175.66,258.37,2.0400794445315107,1.1348797513393225,176.86302718886463,-30.97,-171.47,-176.58,255.12,175.0988773603757,2.0214374563661366,1.1329720252504047,178.88789909396053,-35.62,-173.66,-173.98,240.78,1.0022809006306823,0.0158507387073745,89.39049521812235,4,2.4712620540930086,15,4,131.34836044402883,2.237746033400573,6,4,122.38085704990397,1.8868967194841384,6,4,115.20957105167896,1.819830467378761
DOJNUL_#[4],3655.13,3538.96,3550.47,3875.97,349.18,179.46,301.07,567.0,0.9338496313338114,0.0099082697004967,33.37125094634874,124.36864813516226,175.12502025884902,2.015550001860533,1.114044909328167,177.26957180152834,-22.96,-159.56,-164.16,254.85,2.041083567617945,1.1406414905657265,176.14088043629684,-34.66,-173.44,-178.1,247.55,173.60163707804705,2.01620841680616,1.1537516457193036,173.76260761218802,-38.3,-177.4,-185.9,248.42,2.0195365953604307,1.1366712365499534,178.38133752418324,-35.5,-173.86,-179.9,247.25,176.36296863319893,1.97519679525864,1.1730659657495814,177.73664553408975,-47.72,-185.33,-190.03,232.21,1.2681391484744395,0.0230597891278493,53.05575169895951,4,2.573824854181028,78,4,121.49357562801907,2.356572808126242,6,3,109.57803700815808,1.832573024465873,6,3,118.39603903229184,1.8296854893669567
DOJNUL10_#[4],3655.29,3538.36,3551.4,3876.12,349.12,179.42,300.94,566.98,0.933558067830611,0.009900923412865,33.46252543181767,124.46214138293908,175.098546062073,2.016424692370136,1.1130939268543345,177.40005980122538,-22.7,-159.23,-163.86,255.0,2.041083567617945,1.1406414905657265,176.14088043629684,-34.66,-173.42,-178.09,247.52,173.60163707804705,2.01620841680616,1.1537516457193036,173.76260761218802,-38.28,-177.4,-185.89,248.44,2.0195365953604307,1.1366712365499534,178.38133752418324,-35.49,-173.86,-179.88,247.28,176.36296863319893,1.97519679525864,1.1730659657495814,177.73664553408975,-47.7,-185.31,-190.01,232.22,1.2681391484744395,0.0230597891278493,53.05575169895951,4,2.573824854181028,78,4,121.49357562801907,2.356572808126242,6,3,109.57803700815808,1.832573024465873,6,3,118.39603903229184,1.8296854893669567
DOMBAI_#[4],3721.46,3618.67,3722.72,3823.0,253.29,197.14,258.95,303.77,0.8891821763385843,0.0089011026139839,35.5195888113781,145.91145160708942,170.29727703747403,2.0389253689137323,1.1365195466862863,173.16917649265986,-38.01,-173.9,-184.96,244.82,2.039849509155025,1.1361246586532665,175.27174293039675,-35.19,-172.48,-181.05,247.95,173.0744099266734,2.0441710349185565,1.135597829339242,178.05130797102862,-34.27,-172.96,-181.36,251.5,2.0182007680109524,1.1377379355545807,177.30963429518454,-34.01,-175.3,-180.97,254.25,178.35135900856636,1.9926483407766653,1.146005257405044,178.00577694340672,-39.58,-176.83,-181.0,239.08,1.082987192487531,0.0240568672393151,33.796270396910415,4,2.560268310158137,6,4,114.78270307102476,1.8470466101319696,6,4,114.5308430155633,1.8573573861807,6,3,115.2502308339096,1.810426549186681
DOMBEM_#[4],3605.28,3557.17,3611.21,3647.45,195.47,141.92,185.14,259.35,0.9711044597267766,0.0105199957720101,36.20555031390455,146.0472630366109,169.03053142930608,2.04220697530882,1.1288987997159003,174.09208739663964,-33.46,-168.3,-180.3,248.23,2.0283334464530234,1.140374591965288,173.4738921496338,-35.26,-173.46,-181.69,249.38,176.0763354380647,2.043453119109905,1.1336747549451736,177.56610585669625,-32.87,-171.04,-180.99,253.43,2.0216550670181106,1.146236192937563,178.85025311973305,-34.31,-176.65,-182.51,256.23,174.51239958163242,1.994239652098012,1.1388522336106648,176.6684306361113,-36.59,-175.69,-177.65,243.56,1.090261217129195,0.0233565508141687,23.89015704274246,4,2.60864032783364,6,4,112.52303816348098,1.8867545945352835,6,4,116.58586867983068,1.907210423629233,6,3,110.10971606874276,1.851433531078013
DOXDAW_#[8],3471.72,3252.31,3560.38,3602.46,140.63,-3.31,200.83,224.35,0.7802868301480874,0.006889063774504,37.65213583537477,118.1911436757697,178.8749772658654,2.05512891323148,1.1345772692946032,177.50473300104412,-31.26,-170.79,-175.78,252.79,2.038485587390795,1.1377218025510458,178.97339197097443,-31.68,-172.82,-176.53,254.31,174.40705778078308,2.047499142856964,1.1428329886733215,177.20389925853624,-32.91,-175.5,-180.61,257.37,2.0401352651233693,1.1419872722583218,175.0821598997345,-33.73,-173.35,-179.01,251.18,174.41910844321893,1.9972594548530749,1.1458112322717031,178.94097349728546,-41.82,-179.04,-181.06,234.64,1.0363762023312229,0.0238691396763693,52.25053039127073,4,2.5038737707799887,7,2,106.2307030417332,1.713307132419637,6,4,125.19367335899564,1.9048458336568883,6,4,117.50011359979416,1.820715941600996
DOXDEA_#[4],3501.12,3310.32,3557.06,3635.97,139.45,-12.12,201.58,228.87,0.785919797172622,0.0069473062066264,35.04870450516191,122.02196542890267,177.0157818622459,2.047834673502722,1.1316802419411591,177.77161233662366,-30.6,-170.65,-177.63,256.49,2.0411330064451945,1.133760053979677,177.36255164534285,-31.27,-171.56,-175.71,253.44,174.60867979859918,2.0351774836608234,1.1481465890730156,176.79011538028655,-36.05,-178.19,-180.16,250.21,2.059796519076581,1.1324344749255917,174.8348609463241,-27.74,-166.6,-173.96,257.35,175.5228655541547,2.0077848714441493,1.1483791577697673,177.49515900879726,-42.64,-180.35,-182.18,234.63,1.030737869398053,0.0232516467511872,43.10630067420968,4,2.509897189129467,7,2,111.0943401691886,1.7284564848442092,6,4,122.00782964125976,1.9053735827915743,6,4,115.15919180619798,1.8343857609565115
DUTXOH_#[8],3744.9,3709.22,3733.93,3791.54,363.33,301.73,337.21,451.05,0.7910864149794783,0.0070279000817702,14.191108440455436,79.11274916881233,179.1586906142445,2.0430782779913264,1.135547304166585,178.46348000252956,-31.45,-172.99,-179.4,258.04,2.034961338699091,1.1390588834647668,177.93906481376777,-33.92,-173.31,-182.0,253.54,177.20748702348,2.0431592718141194,1.1364105288143012,176.57534799138028,-31.11,-172.41,-177.75,256.85,2.0513604217689285,1.1338280998458274,176.63801805365767,-31.41,-172.2,-177.73,255.69,179.47715196538974,2.0102646318333304,1.1423756081079472,179.6261280459033,-36.95,-173.58,-179.54,242.25,1.475817974668516,0.0624414595557063,52.48846237655368,4,2.5112166374090465,6,4,121.69166805961405,1.8001297314360427,1,1,114.46025866053692,1.420154062065099,1,1,116.6196769297766,1.4153743321114742
DUTYUO_#[4],3731.54,3634.44,3727.14,3833.05,320.12,246.52,329.12,384.72,0.8275593979393698,0.0078228339327297,27.394901297476267,109.77648078322171,176.93611216630117,2.020752646911541,1.148116152660523,176.6802080878523,-34.62,-175.2,-182.24,253.59,2.037994352298357,1.1427168371910867,178.13980023758452,-33.32,-175.6,-178.49,254.13,173.33655548652325,2.036893855850127,1.1363795052710166,174.2824323076695,-33.31,-170.14,-180.41,250.63,2.044556922660751,1.1318766982317474,175.85287302822908,-28.81,-167.89,-175.12,256.59,175.74673214644824,1.978861071424672,1.1455752877921206,177.9008387574007,-36.85,-174.33,-178.04,241.82,1.2617808039222862,0.0442211196666088,43.2741084881764,4,2.520347408592712,6,4,121.73181455878844,1.7840988901963928,6,4,110.7029197342444,1.831960097818727,1,1,116.33944941875346,1.4214216299184417
DUWNEP_#[4],3690.01,3603.99,3673.87,3792.17,308.09,189.14,642.74,92.39,0.7089715694617196,0.005719778842634,30.5398232011123,111.33678591149788,175.89669139198864,2.0459488605534606,1.128805962067883,178.34889035526933,-29.31,-169.28,-174.87,256.23,2.0510531977498765,1.136197258401902,174.0943365278476,-29.26,-171.36,-175.86,259.45,174.5198120231004,2.0358393797154046,1.1400554635630666,175.6111523914829,-29.06,-170.02,-175.3,258.15,2.0603166552741348,1.1289543524872916,175.75806586493053,-28.26,-168.4,-173.43,257.06,175.27448981914796,2.0023826557379105,1.139888849844579,177.3612353636774,-38.18,-173.6,-177.45,236.51,0.99359978472458,0.0218852343827973,147.4540209402877,4,2.464491091483189,7,3,124.58846842436895,1.721111669822735,6,4,134.16280075244305,1.8461198904729883,6,4,127.89466764416592,1.839042144704684
DUWZIG_#[4],3621.03,3556.43,3599.65,3707.02,120.29,-1.54,300.55,61.86,0.7827205700152051,0.0069244906875134,31.38419802774341,111.68070819757156,177.97156149358264,2.0332337420965647,1.1392022559668682,175.48910285428204,-30.83,-172.62,-176.09,256.21,2.04810135735515,1.139627790113946,178.63953210282753,-30.84,-171.95,-177.91,257.33,173.8975014689533,2.0493646942406323,1.1395573351086816,173.89351525242247,-31.01,-171.41,-175.64,254.01,2.049067714840093,1.1403328417615617,176.87805644476973,-29.67,-170.74,-175.74,257.46,175.6488192939452,1.998908031901418,1.1485924037708066,178.98411132487922,-39.29,-172.89,-181.85,236.87,1.027595841927782,0.0332792275711516,42.02420256783724,3,2.5053674500958936,6,3,127.0399345428848,1.7325901217541329,6,3,128.0648031902305,1.736751015545981,0,0,0.0,0.0
DUWZUS_#[4],3724.11,3633.6,3732.94,3805.99,273.81,220.15,239.56,361.66,0.8198833303678223,0.0076200289071403,33.56561033036745,130.62270176276067,171.2082764827589,2.0662498614639992,1.134433753023949,169.63071222183603,-25.72,-162.39,-171.03,256.24,2.025824303832886,1.1479940548626573,176.85004471444924,-38.31,-178.01,-184.99,248.06,174.34635058606816,2.060979284223886,1.139372752877652,174.57330091237836,-31.21,-171.69,-180.32,258.37,2.029386119002493,1.1434315720671702,176.020118227008,-32.66,-172.99,-182.99,257.85,177.79236803722446,1.995274504924072,1.1555695954809466,179.08096864077467,-39.36,-179.11,-182.84,243.86,1.0259154872621716,0.0216243170843887,75.86400503123927,4,2.52747281291016,6,3,120.00593805108096,1.844574492938684,6,3,122.9098683008061,1.852843096433154,6,3,120.25209337358464,1.833169874834299
DUYLUE_#[2],3553.26,3281.52,3589.05,3789.22,261.02,186.31,212.68,384.06,0.8282577958490462,0.0078260025852508,20.20342492497923,91.60064258570456,175.18142959082763,2.0259194875413984,1.155406365743239,176.98346479618192,-38.21,-180.52,-184.85,250.74,2.016122079637044,1.156189383275941,178.27833946930508,-39.09,-179.31,-183.76,245.81,177.59558081286625,2.024960811966493,1.16566167904757,177.7370211309644,-37.87,-182.65,-185.1,254.12,2.0139397955251788,1.1545014205274935,179.45963266022912,-39.38,-178.89,-183.14,243.89,176.02849072610906,1.9918334920369216,1.1583480219692184,178.09062039719296,-43.45,-178.36,-184.57,232.59,1.201160431542519,0.0224219527998318,94.32392471319444,4,2.511509810850836,26,9,130.0993687165438,2.2689853613454627,6,3,111.74495266089988,1.8183356208357129,6,4,124.61765768318784,1.7609991198180663
EADJEY_#[2],3764.25,3681.36,3743.95,3867.44,425.24,233.41,290.52,751.78,0.790477188051462,0.0071212479920401,20.01877888905551,89.60204858865039,176.6822126809375,2.056698954635801,1.1090407070978052,178.0078810213431,-22.8,-161.78,-168.25,261.63,2.0505583434762347,1.113690158886214,178.91183678725525,-24.92,-164.91,-170.3,260.47,175.1593052189397,2.024397433805922,1.1460134292406874,175.08004394734678,-35.0,-176.22,-182.53,253.74,2.0360336269325217,1.1398673036805649,174.85688970710555,-30.64,-172.92,-177.52,258.53,179.06756759441856,1.9892907303860845,1.1422263348391162,178.88676438173522,-36.43,-172.01,-179.5,242.24,1.0259378107742982,0.0221472893815509,113.26163782379548,4,2.5056821306781902,6,4,126.1199743857712,1.8020893596045675,6,4,124.04443882747314,1.8447977531426032,6,3,123.4336806733444,1.8182836577388035
EADJEY_#[4],3780.43,3694.91,3803.67,3842.71,413.22,217.34,279.49,742.83,0.7665681997015881,0.0066286309184221,20.318421951940422,86.08751483396931,176.17619075573333,2.0391763312671127,1.1221477487389977,173.72979900149235,-28.5,-168.19,-174.39,257.08,2.050693536343253,1.1206471344718645,179.42170428525972,-27.33,-168.33,-172.14,258.49,175.6723655309289,2.041885618735781,1.130465284738987,178.56020983711585,-30.05,-172.39,-175.64,257.87,2.031033283823778,1.1251109145324296,175.5830743912903,-27.25,-166.33,-175.19,259.76,178.6930547321446,2.009603266816613,1.1241989770498817,178.94938734865562,-31.53,-166.02,-173.75,245.17,1.006857510475289,0.0215021708751437,108.19502211387496,4,2.49441932721826,6,3,122.93400650870912,1.8187245475882263,6,4,124.67993519656834,1.786733069039692,6,4,123.71777103806195,1.8640853440762843
EADJIC_#[4],3655.87,3379.87,3581.41,4006.33,464.85,239.95,304.77,849.83,0.8256010611079507,0.0088960593642785,36.82727956369551,128.81056261401142,173.6763576688927,2.072488053041561,1.0910638111494668,171.58533278059332,-18.53,-150.68,-161.23,256.32,2.0868997532224687,1.127120104514155,168.80998958866468,-32.81,-166.75,-177.19,245.53,175.2358113081923,1.881564205654433,1.2781763649825482,178.80043577118613,-65.57,-221.05,-227.23,251.56,1.96585603745544,1.266352446990963,156.4100479432162,-74.41,-231.41,-231.81,239.98,175.071748635694,2.034938293904756,1.1189795083020952,158.6995503833665,-29.99,-162.38,-168.73,241.13,1.0369008463064897,0.0227901179051045,109.00300486953684,4,2.5037099053205027,6,4,123.24263639731365,1.8366788205889453,6,4,125.24475717911156,1.7973405325647116,6,3,122.85581005645118,1.803308670194872
EDUQAZ_#[4],3640.16,3490.26,3642.52,3787.69,451.6,256.0,324.41,774.38,0.762629526530517,0.0065838973263414,25.482115469206548,104.7438932825704,176.57694917267003,2.0381718352484413,1.1373044535215715,178.02924560386205,-31.76,-172.08,-178.17,254.97,2.0634027939304533,1.128682466418257,177.46117994232148,-27.03,-167.07,-173.93,259.91,176.05631917922557,2.0490905812091373,1.127057074863558,178.06577341108874,-25.9,-168.07,-169.4,259.78,2.044515847334033,1.1344955442838902,177.03756294125864,-29.53,-170.4,-175.33,257.13,174.151638015584,1.9997586179336744,1.1350886573303425,178.75471926133469,-34.11,-170.47,-173.68,241.81,0.9806041758939472,0.0199583744263413,120.27901925026268,4,2.496565651049458,6,3,118.518544597887,1.865486346773945,6,4,129.22477175045003,1.835923312668588,6,4,131.09984655430785,1.8270789419179456
EJOWUY_#[4],3250.08,3004.36,3190.45,3555.44,132.65,349.38,42.47,6.1,0.6487995278294667,0.0047671770141636,15.04575208105156,73.04191031526038,176.31717458483058,2.023630156426812,1.142954124188719,177.33573459352817,-31.21,-173.41,-175.44,255.2,2.0727466825446856,1.1224773048930643,176.0037007028103,-25.08,-165.78,-168.94,259.47,177.93676663992656,2.057286574592854,1.143444699143776,177.1021852137525,-32.04,-173.92,-176.8,254.6,2.0634629485406326,1.1398172879896145,177.8871199555782,-29.35,-172.62,-174.25,258.82,176.68434017266782,2.03443436119232,1.1355111316054982,178.36567089300576,-36.92,-175.34,-177.11,241.71,0.8127924892685843,0.0177605016838608,47.29035855716508,4,2.4395918613571403,17,1,114.38024810646176,2.0878734348614136,17,1,113.21455148076872,2.050493721034035,7,3,122.63552266322604,1.6641790859159349
EJOXAF_#[2],3575.89,3305.03,3693.18,3729.45,232.83,277.22,327.93,93.35,0.8388372384502343,0.0081241456750301,42.3666917186436,136.3775560052431,178.02842765402127,2.009911973196836,1.1860639653914122,179.29800615155972,-45.74,-192.04,-198.64,253.46,2.0164658315974515,1.1691854857121684,175.89326697215594,-45.24,-183.87,-194.35,242.51,174.17247340598522,2.042658919154149,1.1304505561943003,178.568432279723,-30.7,-168.97,-175.2,252.08,1.9983675362655384,1.1839450198383354,176.29831385867683,-44.47,-189.94,-193.93,250.45,170.3886211246312,1.9763784278320795,1.1874544454420133,179.07465835235226,-50.28,-192.47,-195.04,236.66,1.722880719721111,0.0510832713036635,50.73533369533284,4,2.512058880679352,15,4,114.0164720409109,2.306477819099936,7,3,123.83759932746432,1.6832565995711986,1,1,107.96602931041627,1.4123993804869788
EJOXAF_#[4],3531.52,3250.92,3637.98,3705.65,231.42,263.52,333.74,96.99,0.8325772991988054,0.0079162398206722,43.28371467410105,141.56583627108998,177.182794682471,2.011346720483567,1.1859774913547054,177.341599994371,-45.19,-192.34,-197.93,254.71,2.0467253333068403,1.1409423955660516,178.81686289308735,-36.46,-173.67,-183.51,247.81,173.36534678903567,2.056710701581532,1.0946005161701702,176.2196731630037,-19.56,-155.39,-161.54,258.25,2.0118239709278734,1.1713282631269517,169.51398466971648,-41.62,-185.7,-190.04,250.88,170.85682818876205,1.99215115139389,1.169656641925313,178.2126982803116,-45.49,-186.19,-189.13,238.86,1.7405184097866535,0.0519765733082238,50.086006105308726,4,2.5232979550580232,15,4,113.46633623098045,2.306477819099936,7,3,124.45335154551836,1.6750515872652991,1,1,108.01492554576356,1.414205777106006
EKOJUJ_#[4],3406.91,3238.75,3327.21,3654.78,128.41,-63.9,182.69,266.45,0.7910447880693607,0.0070258764052173,27.12970257007493,108.05974885272722,174.458915767702,2.037887646559546,1.1407404086820094,175.928291015411,-34.44,-172.67,-179.65,249.0,2.052081796615329,1.137679594613526,176.15512420531556,-30.94,-171.19,-172.39,250.76,174.1604375131569,2.0400786063286867,1.140482608372439,177.12745953964088,-34.53,-175.18,-177.12,248.7,2.048750128737032,1.13759079637627,178.04952897223643,-31.4,-172.94,-176.97,255.72,176.349139008016,2.009183142473577,1.1475823020594211,177.81116886310576,-42.04,-177.98,-183.01,234.86,1.100942487202042,0.0284879841374403,50.64623729132983,4,2.512223136984451,8,2,116.40346338906012,1.6296469709725476,6,4,114.64355060955052,1.826239370947851,6,3,117.07308858133491,1.878898094628871
ELACAX_#[8],3673.44,3455.09,3699.96,3865.27,482.25,278.61,308.88,859.26,0.7822572376782995,0.0069467762500506,11.712005901778769,74.20451965563896,179.49277247927938,2.0410561138783025,1.1243281416027977,177.81532109931615,-25.54,-167.6,-171.35,262.33,2.0405197793699523,1.1358084785737423,178.01903033072108,-32.35,-171.48,-178.88,253.31,178.87792610919152,2.0346685848068726,1.1366960235700658,177.6576982605884,-30.98,-173.56,-176.83,257.44,2.034837364508525,1.138042481632386,178.61910332880666,-29.7,-172.59,-176.1,259.6,176.38800936590678,1.994625801998961,1.145176117459668,179.46410393350925,-34.76,-174.35,-176.61,246.69,1.0658659625379652,0.0186943243039019,106.52991907844536,4,2.498495871519503,15,3,116.43253516102314,2.2099604430848983,6,4,125.6204545019567,1.809221578469591,6,4,130.02499362612068,1.833368773596845
ELACAX_#[16],3549.58,3390.4,3449.22,3809.11,503.27,282.8,346.12,880.88,0.8493396158765472,0.0081087377968544,25.211420527295843,110.55921947172509,176.9063459763924,2.035744802277535,1.1328530089998436,176.43839175090116,-30.93,-170.42,-175.83,253.47,2.0567093426150422,1.131354502355473,176.78589785978863,-27.73,-170.43,-173.06,260.28,175.66261756961796,2.041530220202484,1.1230812526260066,176.6414672221404,-27.37,-167.91,-170.4,256.2,2.021935886718469,1.138297935516005,177.01835956186693,-30.06,-173.38,-175.55,258.73,176.99546641853834,2.003854680359831,1.134760908738047,179.52204014493174,-33.15,-172.44,-175.61,248.59,1.0590936445131278,0.019062083574596,136.36537414682726,4,2.541558755960601,15,3,135.2862153904436,2.201190698235844,6,4,121.78942636574529,1.845533164156093,6,4,123.02053220582144,1.838122645527224
ELEYUQ_#[4],3449.87,3223.34,3407.9,3718.39,126.49,-62.82,181.95,260.35,0.7944041210879726,0.0070880865349492,23.614159656919423,90.33614748677672,176.93410580388652,2.0388280579784066,1.1380795139180733,178.3249899508899,-32.65,-173.78,-176.69,252.52,2.0422393738247235,1.138524874563573,177.65569338059362,-34.68,-174.45,-179.99,250.4,176.90078178697152,2.0249234874434148,1.1432992477912336,177.9661009830464,-36.51,-173.32,-184.15,247.92,2.0545183571825287,1.1409138135722612,178.0687295550511,-31.52,-175.22,-177.98,258.66,176.68282347028014,2.0165422906549715,1.142373717309708,178.75780279041751,-41.7,-179.39,-180.59,234.88,1.09330427702103,0.0281376573633097,47.96827622924093,4,2.5120527860695923,8,2,112.69916309757414,1.6296016721886364,6,3,118.3339224677595,1.881670813399624,6,4,116.01871149054791,1.8382773185784569
ELEZEB_#[4],3473.46,3236.34,3509.02,3675.01,159.94,158.22,278.66,42.95,0.8322729475367159,0.0077714378771661,37.841844249047824,144.1581945539604,177.95665010172365,2.0393917671698096,1.137487133993172,178.30185111086777,-34.02,-174.22,-177.36,249.52,2.051985794297808,1.1359590045419758,178.14593489849813,-29.91,-172.29,-175.73,258.29,174.6163290783512,2.04470079473746,1.1366894078859011,178.37551121602527,-28.9,-168.68,-174.27,256.24,2.046323495931178,1.1441745539907804,175.19488935104098,-35.79,-176.08,-181.54,250.25,170.42960297605478,2.000336296726128,1.145430338344502,179.1763853507656,-41.63,-177.87,-181.12,234.11,1.1090175259453292,0.0273588479358711,50.276847221400615,4,2.5359113982945067,7,2,107.78553585993076,1.68221892451607,6,3,109.1436011628607,1.8588525842572885,6,4,130.88918121112016,1.848627634219504
ENAVEU_#[2],3503.28,3260.77,3536.85,3712.23,115.32,-6.25,148.8,203.41,0.7509944237801216,0.0063329757139483,16.682092304024863,79.81845880830332,176.36327521950486,2.062206975548284,1.1411813615722968,178.0587323306873,-32.88,-177.15,-179.88,258.4,2.02935195567452,1.1475110021259056,178.3530433365248,-36.92,-178.75,-182.1,250.09,177.2770248543573,2.0514560365749976,1.1375451551476985,177.66913013221784,-32.12,-173.08,-178.11,254.82,2.0372738721144,1.143998618880286,177.19814175113626,-34.61,-175.97,-182.1,254.25,177.40225800525502,2.0250528363477334,1.1390983671307762,179.35472131586653,-38.4,-174.21,-178.33,237.33,1.113799271725759,0.0282858744080118,33.57152750194527,4,2.4916649895200607,7,2,114.08635255598487,1.68416557677682,7,2,111.2741247612531,1.7386926985525644,6,4,118.63308740849814,1.82453814977928
ENEBUU_#[2],3609.86,3477.63,3594.41,3757.54,352.23,264.55,339.46,452.7,0.9146995756614952,0.0094495753081262,20.3517351573,91.54224338860172,175.43331639477034,2.0355551601467354,1.139261655634911,177.39857210758996,-35.0,-173.81,-177.28,246.07,2.0451644579348627,1.1307259659174715,175.7116637816283,-30.68,-170.54,-175.52,254.04,177.91330953363624,2.023618647374054,1.1482133817370364,176.6348887699287,-36.53,-174.13,-179.24,243.78,2.0432375755158785,1.1425766407554456,178.5651583089858,-31.88,-172.78,-177.03,254.16,176.3313042779652,1.9784461579734751,1.147359250627282,179.2529255306793,-40.55,-173.11,-176.8,228.27,0.9050576363363596,0.025220962610888,41.578280589032175,3,2.5740241451858985,14,4,120.02646856474315,2.2463158148399347,6,3,130.63660171259767,1.731376752760647,0,0,0.0,0.0
ENECAB_#[4],3504.46,3363.09,3501.11,3649.18,229.28,176.31,211.66,299.88,0.8023483109209115,0.0072171090581546,28.375122298437987,110.00872964111733,175.74582818523902,2.043154575650115,1.1499569948480677,176.59770170764327,-36.56,-176.42,-182.25,249.0,2.0506385395773683,1.131290387124367,178.21869856169744,-29.26,-168.96,-175.79,256.96,176.18868753005896,2.061263003597551,1.1364096136516983,176.13114245802643,-33.31,-172.09,-183.27,255.45,2.040913763489286,1.141845357305445,176.41302411881122,-33.98,-174.99,-178.35,251.4,173.69656867005222,2.0071976434820766,1.1472338122632195,177.65317167083222,-41.53,-178.11,-180.94,234.47,0.9724152631713496,0.0190601880518372,62.82979215187156,4,2.5220424917118267,6,4,125.22500062739692,1.85080898258032,6,4,115.3950306274244,1.8843612817079427,6,4,115.33724500102434,1.886126684504517
ENECAB_#[8],3551.3,3407.5,3583.15,3663.25,235.43,175.28,231.46,299.55,0.7949925074431521,0.007079121332898,11.15246136363966,75.61749669103106,179.46137757824724,2.040999652131278,1.149006309817313,179.35466718944286,-36.49,-178.04,-185.23,253.79,2.0387754903372763,1.146445240733285,179.16963600778126,-35.06,-178.15,-182.92,255.88,177.8533190658535,2.0371979825240354,1.1411503669543288,176.99745938364606,-32.84,-174.67,-180.0,256.16,2.0491015933818413,1.147413286483994,179.43591743918185,-36.7,-177.97,-184.66,252.52,176.55256602574988,2.016596962707224,1.1487408933262542,177.7026179833365,-40.74,-178.22,-181.85,237.85,0.9572681950454937,0.0184983860100159,67.66282982304446,4,2.513529840682222,6,4,117.51459620925728,1.8927310849669063,6,4,122.9970498051334,1.8510840094387937,6,4,118.09700571434324,1.88223803754998
ENECEF_#[4],3585.08,3473.46,3567.05,3714.73,283.44,309.19,478.2,62.93,0.7233814430963399,0.0058916125153378,17.529966018729453,76.13099170290624,178.01242946007446,2.044170650899773,1.1452816727774875,178.17345890484327,-35.16,-177.49,-179.84,251.86,2.043070165217044,1.143343631634864,178.45636364141524,-30.88,-175.39,-177.71,260.45,179.68686690447907,2.0421571168742134,1.1403242258235158,179.89100900206128,-33.98,-175.11,-177.58,250.75,2.049063310393312,1.1410052059478075,179.59828620900657,-33.17,-175.65,-180.8,256.93,175.72316370405602,2.017392941397387,1.144675975986218,178.6516301588672,-41.44,-178.57,-181.37,235.63,1.1134028315166993,0.037967308354862,88.18519592591157,4,2.47319970281415,6,4,130.6935303398158,1.9022887057436888,6,4,120.19191733881608,1.8694658943131324,1,1,117.45605701479614,1.4210388453522305
ENECEF_#[8],3577.7,3459.51,3571.65,3701.93,276.11,286.89,473.11,68.33,0.7000859494058087,0.0055169734017279,23.443191544167263,85.06227151453317,175.14378961472997,2.0470721628706694,1.1386120103002602,175.96639285880104,-31.87,-173.2,-177.23,254.81,2.041552095832972,1.1395751181909863,179.16015375640623,-30.74,-173.94,-174.29,256.01,179.05040311128204,2.050253142906992,1.1416807522245438,178.81081500687586,-32.97,-175.89,-177.42,254.39,2.0503731392114948,1.1437286566314582,177.62081981729463,-34.05,-177.31,-181.06,256.23,174.75175089951335,2.0207270473767607,1.1441813492624318,176.83729249965998,-40.18,-176.43,-179.77,235.64,1.1005550957430923,0.0372503214695593,88.11703990614808,4,2.462047087283263,6,4,118.6091760948895,1.856320591923712,6,4,129.81604845499817,1.905468921289456,1,1,119.68041419464488,1.4232415571504369
EVOGON_#[2],3716.3,3681.34,3713.17,3754.37,183.66,102.12,181.11,267.76,0.6949493851171971,0.0055397048269654,15.670762180526664,70.7360595620891,178.6221749745181,2.04462477975789,1.130674975401862,179.49044619660836,-27.89,-171.26,-175.07,262.66,2.043957678133282,1.135809002429546,179.70466384807213,-30.86,-175.76,-177.94,261.13,178.77557864554268,2.038160719864849,1.1326995232628996,179.38744607300825,-29.39,-171.75,-172.66,256.24,2.066618772294494,1.1127827236257748,177.8524513944468,-23.1,-162.67,-164.73,258.1,175.27230070936184,1.995446348564652,1.1391875218768863,177.61872647910124,-38.71,-172.6,-175.95,232.41,0.97982783391686,0.0311354979400026,73.21548820438392,3,2.4547312907933514,6,3,131.7045605155126,1.736786480831769,6,3,139.21351997092395,1.7029343498796436,0,0,0.0,0.0
EVOGON_#[4],3753.72,3717.84,3747.99,3795.34,182.78,112.21,167.92,268.21,0.7114811754093466,0.0058034093546362,14.652547716729911,71.61587906909654,178.13355504513925,2.032190507801864,1.1407811227400295,179.08145422861145,-30.65,-174.07,-179.14,261.25,2.044778386525054,1.129395400203135,179.4343660329177,-28.57,-170.32,-176.42,261.02,177.91364532583142,2.0360168221308976,1.1284389837292943,179.06467799504074,-27.26,-167.79,-171.58,257.59,2.0518701542739,1.1269186172923034,176.72794497979652,-27.32,-167.73,-169.34,255.12,177.9466547512104,1.9929985574505569,1.14062181287226,178.98563331246538,-37.37,-169.25,-177.4,234.53,0.9900569617231616,0.0318128143353397,73.59128478500406,3,2.458459590882063,6,3,136.51893296904228,1.7028536901331257,6,3,134.95825702789335,1.7289800490462577,0,0,0.0,0.0
EVOHEE_#[2],3727.46,3662.13,3725.69,3794.55,176.0,173.62,257.58,96.8,0.7057725879859627,0.0056429289413405,24.328559137844707,103.24147719458357,176.2034918946719,2.0280421124818875,1.139597306069122,176.50274017823014,-30.56,-171.68,-175.58,255.59,2.0447536697607367,1.148511292935337,177.8853000487766,-34.66,-177.87,-178.43,252.32,176.46086101351705,2.044853454406941,1.1147938778088085,177.180973548597,-25.1,-165.66,-170.33,260.7,2.0516758442795,1.1359882657844669,176.6789319936459,-29.39,-172.02,-179.07,262.93,174.05237798890263,2.0145009332338373,1.1124936943641528,176.89870081720315,-28.19,-159.84,-166.19,241.46,0.983209586581433,0.0312427833615195,73.48327433859265,3,2.460228755624158,6,3,135.62571315440923,1.70372358673583,6,3,135.83074299788473,1.7419195446403373,0,0,0.0,0.0
EZODUS_#[2],3690.28,3575.65,3714.98,3780.2,119.96,-3.09,157.09,205.87,0.7922994685803724,0.0070997064480626,20.645396975210858,94.92541828724048,176.21441183119805,2.0328374381637104,1.139116363678444,177.39087849321734,-33.46,-173.79,-182.4,255.83,2.043864870777909,1.1309073525271642,176.64298352237418,-28.29,-168.77,-174.89,258.79,177.41337574028435,2.036970520159779,1.139575578888913,175.31021190699548,-33.55,-171.86,-182.23,253.44,2.042759489024589,1.13845036343268,178.71407400041397,-30.37,-171.93,-177.76,258.58,175.5505922113933,1.9987986742040835,1.1426521342910971,179.40408242528449,-40.19,-177.03,-179.99,236.45,0.9811089853093112,0.0198226010546495,65.75673292708892,4,2.5064258796142367,6,4,122.30072658794788,1.870318908635637,6,4,122.3658561158836,1.8642624332427007,6,3,114.24463574701988,1.8224783263457485
FAGWAN_#[4],3699.62,3572.4,3651.81,3874.67,58.09,-137.1,234.28,77.03,0.6673877477501358,0.0050248024347948,36.12512524073266,122.9721840783779,174.9856675844598,2.047083129723852,1.1380872725762292,179.63499191166022,-30.22,-172.72,-177.56,259.62,2.042540107317357,1.1353002158019696,176.18261867179874,-32.34,-172.47,-180.87,256.29,177.79821760609286,2.046098985875317,1.1332666499990196,178.49142824642573,-31.89,-173.66,-179.32,257.29,2.0535759908023863,1.1305191241195351,176.99867105958725,-30.03,-171.92,-178.72,260.56,171.32142044426908,2.023551160707336,1.141369747277368,178.1631557740096,-39.69,-178.01,-180.01,238.96,1.0226945088830464,0.0260594311121703,76.39784104716213,4,2.4430025235353305,9,1,107.87098344673372,1.5972823858040877,6,4,128.78378487640123,1.8434777622743388,6,4,125.3034529480947,1.8428584047614724
FAHMEJ_#[2],3487.17,3388.85,3445.16,3627.5,128.37,-29.92,185.25,229.78,0.8054545309317191,0.0073276420551729,26.307629036508004,107.2234607646539,176.92646021911835,2.0265302045614817,1.1543762428255362,178.05999856227234,-36.87,-179.77,-184.83,254.0,2.029874402518539,1.1561652520293118,177.39071615883773,-36.3,-176.65,-185.1,252.84,174.99918874792678,2.02078112372419,1.1558893242867156,174.67236112503528,-36.24,-179.2,-180.44,250.92,2.04304075338697,1.1462332485144548,177.50732289403305,-32.06,-172.02,-180.13,255.97,175.45596776345002,2.011586264618051,1.1444868806587516,179.09321530536667,-40.9,-178.51,-180.35,236.16,1.0844013736985627,0.0277622707310467,45.604847822210445,4,2.509635268320878,8,2,109.82632877504432,1.6425282798174274,6,3,112.94346452032538,1.8009317671694285,6,4,125.78931829412082,1.9166430105786525
FAPHUD_#[4],3750.41,3642.72,3799.08,3809.42,126.46,-51.68,171.02,260.02,0.732308747428037,0.0061261704488096,17.562254580577047,87.08839396280351,177.53654200984082,2.0499909536385763,1.102641895630671,177.74195032546405,-19.33,-159.09,-164.56,265.67,2.0392169428484066,1.130429617446395,178.2022360963559,-29.26,-170.26,-176.2,258.68,175.84100627301123,2.065954776852581,1.1146329036952034,174.1070384954701,-20.86,-158.94,-164.66,261.03,2.0189021249183936,1.1512371649664526,178.58388786223802,-35.61,-179.27,-181.9,254.34,178.5748363293022,2.002275797686223,1.1478810783352087,177.91846349175125,-39.76,-178.67,-181.18,240.57,1.023018060727519,0.0244738407979082,59.0951507566629,4,2.474653367645659,8,2,112.97832814918984,1.6583143911815987,6,4,126.67082345280878,1.8858962484717967,6,4,116.3937046678284,1.8337133418285425
FAPJEP_#[4],3723.47,3577.68,3723.12,3869.6,434.81,238.8,270.24,795.4,0.7333290573054763,0.0060884224209561,14.084857661142864,69.62489204138228,177.4763076198963,2.0426191764496875,1.1281746540319002,177.71254789859495,-28.07,-170.7,-173.31,259.81,2.037143276748103,1.1393289823400452,177.93327768746266,-32.59,-174.46,-178.46,255.15,178.05054555476096,2.0376527329258054,1.1282750950012146,178.1123454846243,-26.91,-170.25,-172.59,262.12,2.043126831599056,1.1311892768232918,178.8958319618055,-28.57,-170.51,-174.21,259.0,177.8573170741738,2.0080734598116674,1.1331179726753955,179.24583691592156,-31.15,-167.19,-173.38,247.12,0.9871224826255208,0.0207118002470441,112.96737920339976,4,2.4737205298901497,6,4,126.51378637928772,1.8103078108432284,6,4,128.5057499166295,1.8179893591547776,6,3,119.85663032438303,1.818619454421402
FAPJEP_#[8],3793.1,3710.19,3773.76,3895.34,446.64,226.56,276.11,837.25,0.7745957114740702,0.0068074445271092,12.946829713539003,75.24663541580088,177.9612999757101,2.028806745355507,1.130579546073604,177.8696004171177,-26.52,-169.33,-173.66,263.44,2.042330967301822,1.1318301418499157,176.72037871831648,-30.38,-171.91,-176.41,257.16,177.9858273120878,2.0327492467099813,1.1292353563363142,178.8129066022864,-27.06,-168.97,-174.86,262.65,2.044148468189138,1.1313131661922808,177.89038185842682,-29.56,-171.17,-176.84,259.32,177.74204876127118,1.999159235778884,1.132859682396718,179.47513128565333,-32.16,-169.29,-173.51,246.32,1.011525939420496,0.021570897352998,111.88653029369524,4,2.4941963595515086,6,4,124.29942799672897,1.8122284431053388,6,4,124.00688833781628,1.8220331720361167,6,3,124.35644502226174,1.8252755846720767
FAVXAC_#[2],3553.68,3450.84,3560.81,3649.38,139.16,122.29,248.56,46.62,0.7723618603511191,0.0067436670786488,40.89407111263394,139.91893583912838,175.61730649339043,2.053755706017636,1.134857176035822,176.960428681492,-31.57,-172.5,-175.85,253.63,2.061398782380546,1.133089749313796,178.13615150791483,-31.53,-170.35,-174.47,250.23,174.12242052243178,2.0336743544628777,1.1444954565222174,177.27926121797083,-31.86,-175.52,-178.17,258.11,2.0532858666050373,1.1365550976525511,173.5703332089077,-26.57,-164.8,-171.73,256.82,173.61154852791267,1.9997794003339475,1.1363617469802474,178.86387989440655,-36.7,-169.87,-173.95,233.72,1.0365107524490695,0.0342496336509295,60.4787796368996,3,2.5037959381706805,6,3,123.27866892698697,1.693311755111858,6,3,141.5671577084719,1.759513992555899,0,0,0.0,0.0
FAZDAL_#[4],3554.01,3172.35,3614.71,3874.97,406.07,179.08,257.86,781.26,0.7589780873228098,0.0066123632816956,17.032418038551114,82.28235363364823,174.57088341983237,2.01790311709953,1.1285022773570277,177.83644191377886,-27.68,-168.84,-170.69,256.5,2.028824297468858,1.1295061088812224,178.54262805206147,-28.29,-169.49,-171.76,256.38,178.66205580908016,2.0729814374470408,1.0987183306016155,176.0537000302707,-20.89,-157.96,-161.91,257.2,2.038143832019713,1.106809712642602,178.3651469952516,-25.17,-161.64,-166.58,252.71,177.72206381090908,1.9955426855870555,1.1291869730031436,179.33549705660658,-36.36,-168.01,-177.36,236.29,1.0857397910382467,0.0269170901224982,97.363830604093,4,2.486065926318125,7,3,125.9244232884625,1.6672228675255163,6,4,117.2793534283146,1.8037873627453995,6,4,117.50964421914225,1.815707966606965
FEKZUU_#[2],3509.17,3328.36,3498.61,3700.53,283.64,249.29,269.68,331.94,0.7952699383549988,0.0071140847249291,30.927525676339982,115.21988127949972,177.61175425285927,2.0397567943262254,1.1403883943639554,177.2893398845875,-32.23,-174.82,-177.86,256.01,2.040022269486292,1.139061635733554,178.4590794443079,-34.5,-174.34,-180.27,251.1,176.09103782633355,2.045250366092132,1.1375273447262706,175.89208273697187,-30.98,-172.2,-174.91,254.16,2.044602085981524,1.1363490660884097,178.23758844107016,-29.68,-172.39,-175.51,258.85,175.05270972147449,2.0054462770166643,1.1373058119960524,178.67109142258937,-35.05,-172.77,-173.64,241.28,1.0762745262647468,0.0249135431494563,40.44474925930491,4,2.512177521593568,6,4,124.90159034908189,1.796261935242185,6,3,113.08245794371916,1.8271003201794915,6,2,108.35091082182124,1.760621256829532
FICHAD_#[2],3373.21,3132.35,3409.36,3577.93,55.94,-18.72,-47.08,233.62,0.6603539305769819,0.0049180126463486,16.720173902951785,72.35399596373603,178.36151490677491,2.0373055563660545,1.1425133172090376,179.22126310984927,-31.75,-174.66,-176.2,255.6,2.064502392829807,1.1365491190441364,179.41652530232406,-30.07,-173.09,-175.35,258.24,178.9311473019938,2.05426955631436,1.1443529219607045,178.22382626040456,-32.83,-177.33,-178.55,257.38,2.0478876385192626,1.1398066546568326,177.89687550653218,-34.8,-175.13,-183.97,254.71,175.30778009884256,2.027322633425672,1.1385444172275403,178.30099038466753,-40.48,-177.53,-178.56,234.63,0.6885415264629116,0.0103170850128743,48.10127915525696,4,2.442469913837221,17,1,111.19455667984955,2.0474697702286107,17,1,113.47445521608356,2.044975980299035,6,4,126.02320889458434,1.857880938058195
FICHAD_#[4],3422.78,3154.27,3457.22,3656.85,54.7,-14.28,-44.92,223.3,0.6923688759945286,0.0054358440100636,16.6043751458258,78.26651544887359,178.85878739945258,2.0476361493195023,1.1298985175669538,179.35225517135098,-27.57,-169.68,-171.39,258.36,2.065195859960987,1.1264177289087738,178.52920311650627,-26.99,-167.47,-171.7,258.2,178.02859288196436,2.050517676100356,1.1363613553795282,179.08246026888798,-29.44,-172.05,-174.57,258.3,2.035782223127021,1.1347362601062856,177.47951381131986,-31.72,-171.9,-179.97,256.72,177.5415012642955,2.0118430977588684,1.1481493021380105,179.0872632750703,-43.08,-180.43,-183.15,234.33,0.7099624171995667,0.0108021687133665,46.11344001123975,4,2.457616326850064,17,1,111.88470393501144,2.0441147374841755,17,1,114.03438321921104,2.048340755343212,6,4,123.97195025996317,1.8604686533236727
FICHEH_#[2],3642.83,3523.02,3605.8,3799.68,244.1,-42.03,204.48,569.84,0.7781477848491041,0.0068281448181887,23.427127513719498,98.62612332253386,174.56101461337613,2.0367304313531527,1.151523143493,174.08036575878714,-36.04,-178.08,-184.75,254.69,2.01952652866953,1.170219082052587,176.05307236142417,-41.66,-185.51,-192.79,253.31,177.66011549397754,2.043047963215744,1.1484463113267418,177.6555052633882,-35.71,-177.2,-184.31,254.38,2.049042120113688,1.1387875131033007,177.69366831388862,-33.7,-174.26,-181.05,254.21,175.38502342060897,2.015723703784822,1.1414213332507852,177.13513678116473,-35.87,-173.08,-179.33,244.8,1.0831662457109836,0.0268467042968442,115.58578805951174,4,2.499702820336849,8,2,123.69038690853542,1.668729127210285,6,4,132.63170613777947,1.794034419959662,6,4,119.84912006928111,1.8700124224186323
FICHOR_#[2],3593.13,3494.74,3550.94,3733.69,111.2,-66.71,154.59,245.73,0.7902468623166639,0.0071049682411879,22.94372155573282,102.01458968858093,179.40115587403957,2.0324932816617136,1.1453654482303883,178.4044781243136,-33.59,-176.93,-181.65,257.8,2.057622754539811,1.125238845756757,179.71296771920098,-29.4,-168.85,-175.07,255.73,173.47826690775742,2.046206152859481,1.135911096873342,174.0592050808472,-32.55,-171.01,-180.8,254.17,2.0331065491016456,1.1425141312036364,177.33549120830304,-33.58,-175.33,-180.72,255.32,176.73648343548132,1.9901234986804208,1.1706434384559636,178.79087693252262,-45.74,-185.99,-189.91,238.7,1.0425413182246692,0.0247985062245511,51.46321307821917,4,2.506058564758613,8,2,110.92309326987508,1.673309110714455,6,4,114.58153216571247,1.8826127748424528,6,4,121.84507591364569,1.8771711722695927
FILREX_#[8],3543.97,3239.6,3625.58,3766.72,285.13,232.53,254.98,367.88,0.8128998753866465,0.0075703853944791,23.340155946496125,98.3079426818738,177.68827811436847,2.03126676977693,1.151047479472502,175.5809682596999,-37.48,-177.88,-184.36,249.82,1.996796980165984,1.1604970572991562,178.66927649511663,-37.08,-180.29,-184.37,253.4,176.44511735588813,2.037785513737892,1.1081862208130897,178.4499656750624,-21.84,-160.4,-163.15,258.01,2.059911398580046,1.1270690307163975,177.59209763028008,-28.45,-166.06,-173.47,254.17,174.35396784158735,1.995033869386684,1.1382359333635528,177.5366750746673,-40.06,-170.0,-180.28,230.08,1.4526808889753375,0.0281522641210922,85.6479121639294,4,2.511898831561495,74,8,128.86245215872685,2.5500443015759555,6,4,121.9087835876784,1.7835027474046687,6,3,111.6173414386361,1.8257594967574444
FIVJEB_#[2],3609.14,3439.6,3677.01,3710.81,239.48,164.14,245.17,309.13,0.797659619416768,0.007178789639729,30.00855258749733,112.88922558738,176.1564670086617,2.0474281354909625,1.124719689522682,177.60021678321533,-27.22,-167.59,-173.25,259.19,2.042798729684352,1.1355012681630947,175.66783782427393,-30.3,-170.82,-176.59,256.5,176.50336608576586,2.032384227945099,1.1362200667124305,177.2695575426083,-34.23,-173.26,-179.4,249.96,2.041623388384842,1.1365665356678418,179.0884032240953,-29.29,-173.16,-176.35,261.64,172.4062407746702,2.001053917314574,1.1367898178643232,178.1134241474347,-36.48,-172.24,-177.74,240.53,1.0875490124501448,0.0189057635861729,58.28253488195461,4,2.5116534514140274,15,4,126.84599216011394,2.2350502298606183,6,3,114.82066022617636,1.8266087648973992,6,4,113.89268782871666,1.8325459039271017
FIVJEB_#[4],3578.37,3369.11,3667.81,3698.18,236.69,153.55,243.62,312.89,0.7819841807704915,0.0069013716901023,35.765893736690145,131.62745342528524,173.8324889215316,2.056433023465631,1.1343556805517396,174.02362337500705,-29.65,-169.29,-173.92,254.26,2.047930721484495,1.127913276808106,176.44777876908847,-28.73,-169.0,-174.16,256.97,175.67835167618813,2.0399358960516385,1.140729354404453,176.09172589722658,-35.41,-175.8,-180.29,249.86,2.03948245886058,1.1333837699561438,176.89022155559945,-28.82,-171.3,-174.38,259.23,171.74213510831703,2.0010207720061275,1.1368303347465705,178.41397477513573,-35.3,-170.11,-175.25,239.46,1.085169682501313,0.0187931058071052,59.61305210571469,4,2.5061510828359896,15,4,128.2781492461838,2.2350502298606183,6,4,115.07728494943343,1.8365559996907248,6,3,112.9881345761133,1.8194756305045687
FIXMAE_#[2],3725.77,3593.29,3730.75,3853.26,216.01,113.3,237.11,297.61,0.7751287249066485,0.0068179866430118,28.396475596309003,112.00276328877638,175.8177829237684,2.038118539241524,1.1333409151707172,177.55742649437215,-29.03,-170.79,-175.48,259.18,2.026904403271156,1.134229139107262,177.65909624287443,-31.1,-171.87,-176.62,255.2,175.22143230846024,2.025498726240034,1.1404874791070705,177.869900088226,-35.01,-175.47,-183.04,253.49,2.06986840402959,1.1223512685429633,175.60000951055983,-29.56,-169.15,-175.44,255.9,174.9755110546381,2.0082003112239577,1.1401059643734877,177.5321462469737,-37.84,-174.13,-177.54,238.14,0.9874374986443644,0.0204284791378141,72.59805378577404,4,2.498795311745241,6,3,119.21079891970042,1.8130818928002124,6,4,128.16100199132367,1.8886979139078857,6,3,114.61315648229642,1.8197311312388984
FOFYAA_#[4],3427.15,3241.12,3383.89,3656.43,-228.98,-1056.95,123.22,246.8,0.7030933849656265,0.0057892701203046,29.55080691155986,108.7273654865842,178.8440661787782,2.022727987150027,1.122484823950863,178.85062286436354,-27.32,-166.99,-170.19,255.22,2.0102816593701487,1.1422915127059283,174.11626354527166,-37.09,-174.78,-187.34,250.85,174.24368985545377,2.05914639353301,1.1122552719587349,176.51525365500285,-23.59,-157.23,-165.17,251.63,2.0709721606047724,1.0903818551314952,174.86294691294333,-17.51,-149.64,-155.97,253.08,174.74361513924748,1.9860349795509649,1.1393059027320105,176.6388444250704,-43.75,-177.4,-180.8,226.95,0.8045494074121313,0.0241699622577556,40.09180986867045,3,2.451688667021161,15,2,134.5316954081601,2.024076490649501,7,3,120.2595575989245,1.6724767322746237,0,0,0.0,0.0
FOFYEE_#[4],2707.17,2006.24,2677.6,3437.68,-625.26,-1995.42,-86.73,206.38,0.6841223110081129,0.0053431047711098,49.27931502645215,190.9213708562711,171.64094396735007,2.0277237903619905,1.132649967995409,177.0526731223917,-26.09,-154.73,-172.09,248.55,2.035896549434671,1.1146744367751515,176.88975751111838,-25.86,-151.82,-165.45,239.69,179.0545365742173,2.042452697126668,1.1039834192595477,178.50352102606757,-20.94,-153.87,-160.39,251.44,2.0318270718739813,1.1414614272939747,177.93692207739736,-31.5,-171.63,-173.23,250.36,164.1428723498735,2.008456549193933,1.1196929311199555,177.37581480047623,-47.53,-171.66,-183.1,212.17,1.0294239732431252,0.0277023655195205,31.20663621492018,3,2.439744718203116,74,6,123.30469699104673,2.44859962631705,7,3,115.38994217210916,1.672104192327739,0,0,0.0,0.0
FOFYEE_#[8],2845.85,2166.25,2933.01,3438.29,-625.26,-1995.42,-86.73,206.38,0.6999832776700143,0.0056898021186008,33.20820157003743,122.1794402821034,174.88459038214216,2.02880435232183,1.1155694554800266,176.47940634001205,-25.39,-154.68,-165.45,243.97,2.0696122366279144,1.1016858127433622,177.41272564704153,-16.62,-145.21,-159.62,254.97,174.5889937995917,2.035428431559312,1.122667479710711,175.54993261411735,-27.29,-163.64,-167.87,249.65,2.0200798103045328,1.1320018109526166,175.2369402075506,-29.02,-161.2,-171.94,246.07,170.51836337564424,1.9891234677616167,1.1434186984652646,177.15137705141348,-54.01,-177.16,-194.54,209.67,1.0294239732431252,0.0277023655195205,31.20663621492018,3,2.44859962631705,74,6,123.30469699104673,2.439744718203116,7,3,121.01199705176428,1.672104192327739,0,0,0.0,0.0
FOGPOG_#[2],3600.1,3381.36,3693.92,3725.03,52.19,-370.31,-41.19,568.07,0.7476643267029217,0.0063983120516387,10.189028742105748,69.80383394747206,177.8428997626675,2.0325587617581933,1.1373674164490557,178.431352554263,-31.03,-173.93,-175.56,256.39,2.028909709671676,1.146663246118929,177.68317744880432,-33.7,-174.92,-179.35,253.15,178.31675949537873,2.0308549948236085,1.1354057952996364,179.08496391257054,-30.19,-169.38,-175.71,254.52,2.0480342379950587,1.131145790780304,178.44232389513536,-29.08,-171.05,-173.8,257.62,177.98854908789215,1.99118545846438,1.143408680218932,178.59853056113988,-42.35,-174.6,-179.07,226.61,0.8664220184834934,0.0237843939450948,140.71044798735247,3,2.4749072285643354,14,4,165.1077623402306,2.1961417212921392,6,3,139.88006679468992,1.6857079610656172,0,0,0.0,0.0
FOZSOG_#[2],3695.4,3565.85,3674.25,3846.1,111.75,15.07,239.36,80.81,0.7215349522736689,0.0059158605498943,34.603356102233974,130.58817929848027,175.85174457508273,2.0630378716834064,1.1302962620481412,174.0612285920253,-26.69,-166.13,-171.01,257.07,2.041706859468323,1.1402756421146598,179.0742233497227,-32.21,-173.81,-181.36,258.54,175.32123962605024,2.0539224449817968,1.1286327081916416,175.58918340396855,-24.34,-163.14,-170.35,260.46,2.0186420485068663,1.1351836679586265,177.2723283262763,-30.48,-171.19,-176.95,256.68,173.905663643297,2.013217787523248,1.1395718889126738,176.44423139696187,-36.84,-175.69,-176.41,241.58,1.0949572486045305,0.0294644854933193,62.46228873206992,4,2.4710263737969287,8,2,108.44942645112886,1.6333811618847571,7,3,122.13597135485496,1.6973100040947144,6,4,126.01738188315728,1.892473458202254
FOZSUM_#[4],3781.54,3645.17,3771.05,3928.4,99.23,15.52,250.95,31.24,0.6401898668106418,0.0046479390350699,20.25584798279938,80.397138781423,176.0290707533133,2.044342622947533,1.1295293931545114,176.12626471001488,-27.7,-168.91,-176.73,262.53,2.037436322931345,1.1327775509781262,177.8120504513249,-28.53,-168.24,-175.68,258.32,178.2905545922757,2.0320397510875607,1.1343730647366417,178.45942117141428,-28.82,-170.38,-176.83,260.74,2.0434747294742857,1.1316660196365356,179.0234380362187,-26.75,-170.29,-173.65,263.69,176.70019538880194,2.029076501761331,1.1319946377964865,178.25292446557776,-31.92,-170.25,-173.95,248.43,1.0658186810656471,0.0295418300667603,62.69039827341349,4,2.4213879057267964,8,2,110.96817608502982,1.61785892153797,8,2,114.80130337734964,1.635266366681588,6,4,132.02250455027118,1.879401066829537
FUBQEA_#[4],3219.49,2985.1,3057.17,3616.19,-45.6,-532.05,191.11,204.14,0.8450612585223576,0.0079683645151342,35.57749686679615,134.37066675322654,174.11733878968886,2.03052278490048,1.1425808067703578,176.0960535324995,-34.65,-176.6,-178.66,251.31,2.0622732069248246,1.1341360147707158,177.79912419288613,-31.65,-171.19,-172.28,248.52,176.10637805099557,2.0471733292518235,1.1383140032521788,175.70385444037046,-33.61,-173.9,-176.52,249.6,2.04759490866724,1.1365908234716662,178.26838060110566,-32.17,-170.08,-174.64,248.21,172.60383573492302,2.011409259698284,1.1423887166809747,177.12159467298687,-43.43,-177.38,-183.13,230.23,1.4813787948318324,0.0290340212513082,65.05157520031456,4,2.5468314530019454,74,6,123.59700296330482,2.540965759312785,7,3,110.73719135733916,1.799469621860842,7,3,111.44777533672676,1.8069487956220565
FUBQEA_#[8],3269.33,3026.89,3217.36,3563.75,-45.6,-532.05,191.11,204.14,0.8372564737647452,0.0078135447976105,43.44176388818748,157.4960465346515,168.2026724278011,2.040816792365252,1.1409217194882402,173.67710379509282,-38.51,-174.38,-179.03,237.89,2.052672852648469,1.140876750573872,173.7921964993656,-36.9,-173.67,-179.89,242.86,176.41671151522317,2.041412613853457,1.1445764456776133,179.45337814218811,-34.15,-173.08,-177.49,248.13,2.04451179013475,1.1357961656917142,178.3406815658007,-32.35,-170.77,-175.39,249.12,174.10279609071569,2.013645326267761,1.1416962249214988,176.8544724990768,-43.15,-178.04,-180.55,229.13,1.4813787948318324,0.0290340212513082,65.05157520031456,4,2.540965759312785,74,6,123.59700296330482,2.5468314530019454,7,3,112.81965404722256,1.799469621860842,7,3,115.4076626953416,1.8069487956220565
FUBQOK_#[2],3686.9,3619.5,3661.88,3779.31,2.27,-202.53,123.41,85.94,0.659917612219012,0.0049505270135311,31.189972013347983,121.51374674739698,175.1087481194058,2.035796713819924,1.148703743355962,178.7060392409885,-35.73,-177.28,-181.84,251.92,2.045951477919259,1.143507376451941,176.50498801984835,-31.63,-172.79,-175.75,253.63,172.37873286873565,2.052251556218195,1.136115931584449,171.10367565824987,-30.29,-166.2,-176.31,251.62,2.027014851943616,1.1410618957795404,176.52194675306347,-31.23,-172.73,-177.29,256.34,174.72152120892338,2.0214624062791766,1.147796745944159,178.62467657899452,-38.27,-177.13,-179.28,241.59,0.9406404213538544,0.0194462021581809,80.7047537571794,4,2.432445968567442,7,3,119.58739686597067,1.7598372680449743,7,3,118.50998121545982,1.8014226766641963,6,4,124.39958165222774,1.8547971182854472
GABWIR_#[4],3651.45,3511.18,3713.49,3729.67,108.69,-46.37,311.0,61.45,0.7268288782872336,0.0060378051424796,24.2117249272586,94.1851040217804,178.16476168324186,2.039824622363404,1.1348718033328693,178.66027086205148,-28.47,-169.54,-172.55,256.67,2.0546901785914096,1.1319833611851386,179.4325827561316,-30.53,-170.15,-172.91,251.47,176.99769942922123,2.0538502671811303,1.1302650662565836,175.52265578917647,-25.92,-166.43,-173.22,261.89,2.032281771802326,1.136468186972253,177.993598367365,-29.63,-171.96,-176.7,259.77,173.7930274830727,1.9941611594853608,1.143840710064124,177.6804237741928,-38.38,-171.84,-178.75,235.45,1.0054060282289663,0.0326441534240114,42.73387473538584,3,2.471058926857066,6,3,133.4970601462492,1.7305412390347708,6,3,122.36728918193384,1.7034675723359114,0,0,0.0,0.0
GAFXEQ_#[4],3583.52,3380.86,3609.75,3759.96,232.37,214.71,402.42,79.98,0.8188202286471371,0.0076874306279253,26.127220098217776,109.22401949648578,176.434184650398,2.017118474458057,1.1447178953785953,177.54413641773291,-32.34,-173.12,-178.45,254.56,2.011167250628351,1.15500302164107,179.6111651317609,-37.67,-176.3,-182.83,246.12,178.91569740095204,2.015341980905474,1.1478538626497714,178.6674374519471,-37.36,-175.88,-180.58,244.37,2.0569595645029093,1.1239646524691078,177.24202622143594,-24.74,-165.69,-168.36,259.85,173.29191733170885,1.990922765955526,1.1422972205166209,177.46397999170534,-37.51,-171.34,-177.21,236.02,0.9583391419891116,0.0166372611286774,163.54022028566152,4,2.509594144478346,26,10,134.62857858455945,2.299923583513156,15,3,116.11210017650866,2.099365239780824,6,4,141.48559267572662,1.751813346221566
GAKFIL_#[4],3654.99,3508.18,3660.91,3795.89,262.46,120.75,321.93,344.68,0.8101043408911008,0.0074299244271229,18.464778338347045,91.19149868603336,177.52823521759052,2.024425039363029,1.1415513523271736,177.9157768662392,-33.41,-175.29,-178.95,254.02,2.044667117161128,1.115092646375179,177.5539659691069,-24.05,-164.58,-168.82,261.25,176.11852478879356,2.029462221870612,1.1272951122044306,179.22162427621728,-27.55,-169.06,-171.46,257.87,2.0337198282949407,1.1294965161522188,175.68812059641627,-28.02,-169.8,-172.75,258.5,177.5811833612828,1.9998032378211608,1.1340163579067115,177.72614512008096,-35.67,-173.45,-174.96,241.4,1.2128834479924415,0.0417313815330137,78.3138902999459,4,2.512478093436836,6,3,124.1404531873781,1.853338212523553,6,3,122.2284302848262,1.832353628533532,1,1,117.19363337347006,1.4259755432685377
GAKFOR_#[4],3601.94,3489.06,3597.15,3719.65,271.78,150.81,311.66,352.94,0.7838387959857611,0.0069785647439557,20.00280602441013,91.06452754684432,177.82595968506232,2.049998278048057,1.1360027024615749,177.38706261910593,-31.3,-172.54,-177.69,256.31,2.038725533268272,1.1406985272191767,179.01579808534578,-35.07,-176.7,-180.1,251.59,178.26224490973803,2.049030431692023,1.1335971859527534,179.02899702413168,-30.64,-171.84,-175.66,255.57,2.0195134661596086,1.14610586771031,178.66975370722494,-33.54,-175.83,-180.02,255.22,176.09087498224986,1.997718701419196,1.150789489872061,175.99619689387882,-40.35,-177.72,-179.34,236.0,1.2009555728933732,0.0411789291602029,69.83450131067998,4,2.501300559708889,6,3,121.95753044034991,1.8527128919506115,6,3,121.3461772892641,1.8242579011751607,1,1,116.4297826858944,1.425019740214149
GAPKAJ_#[8],3518.84,3237.43,3601.89,3717.21,407.13,129.33,282.5,809.57,0.7908550662010876,0.0070798344386083,26.829017170661487,105.3955224016372,177.56817890103449,2.0784621502447425,1.11417003190716,177.55118197682597,-25.16,-163.54,-169.03,257.09,2.048878146693941,1.140496878557763,176.70501349801327,-36.06,-174.76,-182.07,248.67,175.66722336174152,2.0475168204437297,1.1120531507081834,177.89113331463508,-25.94,-164.03,-168.41,254.63,2.0683150437010323,1.10805284170025,179.29048018723523,-21.84,-160.47,-165.23,260.19,172.86337180976548,1.9925970465701293,1.1490378148694669,177.99080522560436,-39.31,-173.91,-182.84,238.81,1.3910079772040969,0.0259490191182176,100.43925312838616,4,2.521666881251368,74,9,127.50920921664978,2.5106867964762154,6,3,120.21363405067508,1.7744670354785406,6,3,119.54966140562894,1.8668786650449456
GAYSAC_#[2],3616.46,3566.19,3595.27,3687.91,259.09,148.81,273.11,355.34,0.8021448782618346,0.0072351555294209,17.823952284167333,85.69384447741999,177.51736021457586,2.0626026786562663,1.123363618780668,176.81156608793495,-27.55,-168.7,-173.0,259.06,2.0522149132096272,1.1309920822004011,177.8909428265848,-30.62,-168.07,-176.48,252.71,177.58726509272137,2.0339746040695794,1.144433156632574,177.31728008656137,-34.84,-176.62,-182.34,254.43,2.0508661145964644,1.1389040082465254,178.32506840794747,-30.84,-171.97,-177.24,256.69,177.05161988961763,2.002728034457,1.1439539938301724,179.64764115426527,-36.63,-173.28,-176.8,240.19,1.5479244062966846,0.0433544679589544,57.39853064887275,4,2.5217641959548875,33,3,114.622124832023,2.346347932426051,6,4,124.03752485763746,1.897061606801424,1,1,116.48564090417167,1.4231261152828307
GAYSAC_#[4],3520.71,3441.27,3529.22,3591.63,283.0,154.92,328.95,365.14,0.847184578984518,0.0079873162936711,38.47133036043715,134.9575117177128,171.8760160861448,2.038730521672739,1.141436502833162,175.96015700910607,-35.32,-173.42,-181.56,249.0,2.056968959415772,1.130476669374474,173.3703384553162,-33.66,-171.52,-178.1,248.66,175.79538461352192,2.053870183336816,1.1401057231678131,177.05411298374813,-34.4,-176.12,-182.11,255.03,2.0401710344968627,1.1381513695462475,177.43942133624867,-34.6,-174.17,-180.49,250.85,177.25616625089535,2.01368554645456,1.1328475449061972,177.86814963942322,-37.66,-171.69,-178.1,236.79,1.5989741233800994,0.0451635877269608,60.33314612994937,4,2.54899599646606,33,3,126.8444936700332,2.376964501207369,6,4,119.71467159546008,1.903346051037488,1,1,108.42660986775408,1.4236403232558426
GAYSEG_#[2],3609.78,3498.78,3550.95,3779.6,251.26,155.0,243.95,354.83,0.7224447423036491,0.005843842155523,23.79418514648272,90.44443311094795,177.7504544766762,2.0912093486784147,1.1095469976526455,178.42818920616062,-24.82,-165.25,-169.64,260.44,2.089581271451293,1.1079099873184637,175.4461891676916,-26.85,-163.89,-173.35,256.67,176.41346532389343,2.071808709799241,1.1139563635977852,175.6013431071776,-24.88,-161.34,-171.12,257.82,2.03172025141258,1.1241777350579396,175.0627338764343,-26.71,-168.63,-172.25,260.74,174.8635652397816,2.0341541952369293,1.1125907288846149,174.81430250833827,-28.24,-162.02,-167.08,244.36,1.3457288742745466,0.0387932913434201,71.53162939307651,4,2.497161600697881,15,4,121.18030703138332,2.2034392049702665,6,4,123.63812322338929,1.9357452879963308,1,1,116.57682843123568,1.41912664339727
GAYSEG_#[4],3579.55,3482.44,3585.59,3670.62,234.66,149.33,236.72,317.94,0.7038528195077385,0.0055269191572413,20.447861329867848,87.55412426483048,178.84205086202323,2.071641836804809,1.1000881873740846,176.60879877807864,-21.41,-158.52,-164.0,258.29,2.084388999203364,1.1037729386064872,176.70597074339543,-21.21,-160.48,-163.96,260.8,175.05849844315003,2.0735469177233488,1.131956381668481,177.9313802006773,-30.15,-170.84,-175.77,256.17,2.055876645132193,1.142314444450388,175.3679231688919,-34.93,-178.06,-179.89,253.17,176.3336039419917,2.024573695867848,1.1294221752737108,178.21383846141245,-34.08,-167.5,-174.05,239.29,0.5749425432584558,0.0077375923856478,127.99779977032394,4,2.484317310650956,15,4,123.30394467751964,2.2034392049702665,15,3,135.14109386663233,2.228520004397538,6,4,126.7096170433921,1.934455566819772
GECHEE_#[2],3571.33,3442.56,3563.4,3708.04,252.8,-33.34,194.98,596.75,0.7563456679627896,0.006576590166757,28.55512568441219,112.20313290119358,175.34342432942412,2.0472619299933266,1.1403466753579807,176.41028301198747,-33.17,-172.86,-180.82,254.16,2.0675669420843428,1.1206737036265282,179.48274174627102,-25.14,-164.43,-171.23,260.24,173.36027105694865,2.008244900404331,1.1629147733174596,177.6712764536682,-37.36,-180.41,-186.03,254.37,2.028439244838257,1.1643487235360377,175.00069230509231,-37.38,-180.05,-185.6,253.51,175.8676669167151,1.996887858644045,1.1614721477504313,178.59874031965245,-42.18,-180.58,-187.02,241.05,1.0449163856099155,0.025667819876582,99.55178540914336,4,2.483487575970534,8,2,118.9504372552899,1.663432319031947,6,4,122.15191680679868,1.785240496403776,6,4,124.51216856364584,1.911957141256048
GECHOO_#[4],3602.22,3461.33,3604.22,3741.12,250.23,174.92,5.21,570.56,0.7632948900679288,0.0065675291175604,25.71188303126885,110.50647243169794,173.70654219063405,2.0317605887505543,1.1386627639472542,175.1425311769654,-30.84,-172.23,-178.0,257.72,2.063330649702078,1.136074737858386,174.6037081487438,-31.6,-170.38,-179.08,254.66,177.97588064370072,2.0569442894740733,1.1375672507592682,176.83769816836278,-30.07,-170.98,-177.43,258.19,2.038384480415802,1.1401190025606975,177.61962819121086,-33.02,-174.27,-179.98,255.19,172.40330087897777,2.0109020886159525,1.1428422682067725,176.5076850667496,-36.71,-173.96,-179.17,243.0,1.0740963753462054,0.0266685727569332,95.48532393380108,4,2.4982413534324497,8,2,116.99056415950528,1.6639672382592154,6,4,123.6924250444063,1.7924062737002455,6,4,123.26464558410817,1.890157797645477
GEHZUO_#[4],3812.14,3653.99,3828.76,3953.68,203.31,-224.26,141.53,692.66,0.7636942642656823,0.0068524469268901,17.674591432037758,80.38847058001912,179.6911024086988,2.004552319097709,1.1274166133244614,176.2205748154537,-24.94,-167.64,-168.83,261.65,2.028463689593678,1.131598047011394,176.0327873572944,-27.87,-168.24,-171.63,256.26,178.71383828577748,1.9967965194280568,1.155471237201515,177.43641183256543,-33.72,-176.14,-179.8,254.79,1.9995785831019488,1.1243310766851553,176.88743775342095,-24.37,-165.99,-169.61,262.49,178.3715153926951,1.964628832629716,1.1620819291254811,176.6744887893152,-44.92,-177.39,-179.29,221.93,0.9312995737031536,0.0299105529238425,152.07180343730454,3,2.457020547329631,6,3,153.0910060575987,1.6348699458978382,6,4,157.6817827739537,1.8822217882066927,0,0,0.0,0.0
GENNOE_#[2],3372.73,3180.4,3403.54,3534.26,107.79,24.82,262.25,36.3,0.7276612306703236,0.0059926157363293,22.183474098154704,93.78093246078797,177.70988066859886,2.025755552874039,1.1548326328953469,177.1585794483681,-35.02,-179.54,-182.62,257.11,2.0310721823706808,1.1598923872497824,178.89890815292333,-35.53,-179.79,-183.49,256.69,175.72085279350668,2.062809055632634,1.1277420183712232,176.0354297573722,-26.93,-164.74,-170.5,254.44,2.030962395023601,1.1455515221935673,176.83459413727348,-32.7,-173.58,-177.85,253.33,174.86625621224778,2.026623724325756,1.1356414663087997,179.29614935434842,-37.11,-175.02,-176.93,240.6,0.7696878457875989,0.0118548869271467,42.76009412517212,4,2.472041320447537,17,1,110.81764485677422,2.0320293452605447,6,4,127.871754086992,1.9456697150338744,6,3,107.41926021408536,1.8990492094729927
GENNUK_#[4],3208.01,2970.95,3138.24,3514.84,69.32,-33.56,-8.89,250.42,0.7080473379571783,0.0056494357025516,21.861626015861404,96.16322281564575,177.96308868168498,2.050005797552777,1.134314105528096,177.37007712447556,-28.37,-170.15,-172.75,257.8,2.0516829214086663,1.1391529528557605,179.2451903671885,-31.45,-170.09,-175.84,251.58,177.60332760955205,2.0587633326829966,1.1394394850100644,177.38342262386487,-29.38,-168.73,-174.15,254.73,2.043506048437341,1.144310202698552,178.9199110167291,-32.69,-174.56,-175.39,251.88,173.03936227287977,2.01481571862044,1.1437650152019865,176.8404572011052,-42.47,-179.92,-180.8,233.32,0.6727603696874864,0.0086608468238798,44.646675098616726,4,2.4685831665147515,17,1,109.88185628575948,2.0426407075156416,17,1,109.738224730498,2.062952587918591,6,4,129.1680527595347,1.9546354647350488
GENPAS_#[4],3570.29,3498.21,3540.02,3672.65,254.01,10.67,164.9,586.48,0.7268340095995414,0.0059835989238451,34.09881941986991,117.03400398645198,175.57939848913017,2.0614415975234417,1.134253754677497,175.13980747138973,-26.8,-164.97,-170.86,255.44,2.0536607533864983,1.1356578049747212,177.79871032608065,-31.08,-172.41,-175.67,254.82,172.65423217476604,2.057897298214856,1.143257276381831,176.10900145855072,-34.63,-173.91,-182.18,252.21,2.0564460994638294,1.144599432115881,173.04786853216532,-29.55,-169.25,-177.7,258.29,174.5497409182664,2.0000911629223306,1.151874893380353,178.41118454681103,-40.27,-175.39,-184.06,238.63,1.0462887986942238,0.0254492720793978,101.3431140230295,4,2.482007788061915,8,2,117.67564611821358,1.66928460425417,6,4,123.48791184783867,1.8959224061126552,6,4,126.34373079354636,1.7882387564304725
GERHAP_#[2],3703.41,3599.5,3705.43,3805.29,362.9,130.16,410.87,547.66,0.8864580891308491,0.0088485349508054,24.654203849766944,98.0409380486522,176.89915339341417,2.038038019763125,1.1333217063129073,177.06758649573584,-25.69,-165.6,-172.09,260.62,2.0371931695349854,1.138691257540867,179.0278062895229,-31.63,-172.86,-174.09,252.07,176.60437637206917,2.0497193002945555,1.1282236037240136,178.67692307448525,-30.29,-169.95,-173.46,252.55,2.0271825596132182,1.1297445817528842,176.47101121610436,-29.59,-168.85,-174.22,254.31,174.45148210709723,1.9890906967757904,1.1377425148072828,179.54336632434038,-36.07,-168.55,-174.34,234.69,0.5233269537057161,0.0064806433386589,41.128257177062906,3,2.5601196026748445,15,4,118.96559764590712,2.169639373259989,15,4,123.03987810172372,2.1656094015311256,0,0,0.0,0.0
GIRKOJ_#[4],3595.45,3383.84,3635.67,3766.82,205.82,-95.78,174.34,538.91,0.7581463016860623,0.0065488568319387,22.362493502359484,88.85965090686797,176.41008191977983,2.035668737786185,1.1545989650090631,176.72795149050813,-35.63,-178.17,-185.92,257.22,2.0242491472148387,1.155699900493203,175.55883077736277,-36.25,-179.42,-185.9,256.57,175.89286252931657,2.060114487109879,1.1321443061730248,175.34657248520372,-28.78,-170.3,-175.17,259.14,2.0599855484929988,1.1252301142433043,175.74840289045522,-29.33,-168.53,-172.85,253.4,177.41143409666523,1.99801596089721,1.1542470922640438,178.95518448659544,-40.94,-179.19,-185.37,241.75,1.0908132627957436,0.0270150277241257,100.95925941467672,4,2.49049455731186,8,2,118.21394039592823,1.6732910984045786,6,4,124.24762060633022,1.8136677452058303,6,4,124.37087576311428,1.802898302733684
GIRKUP_#[4],3594.43,3389.6,3558.89,3834.79,223.43,-83.05,174.16,579.18,0.7012021110887114,0.0055888939965345,11.911578246681884,77.28778679014107,179.06171265617553,2.047886737590728,1.14749308058916,179.8049177435627,-34.15,-178.2,-183.0,258.74,2.023320244054312,1.149636677389861,178.74973144502582,-35.01,-176.75,-182.31,254.03,177.15873446729452,2.055906537272549,1.1433566635131835,175.21166195162436,-31.23,-172.82,-177.49,256.62,2.01428803054578,1.171914011350662,178.2225065685265,-42.8,-186.95,-191.6,250.14,178.08074767344417,2.036064647794858,1.1288233741378677,178.51655129373168,-33.96,-170.2,-176.44,244.76,1.047744960946843,0.0251848891046437,101.18825111110888,4,2.4562145061048724,8,2,120.3510521753282,1.675332414776243,6,4,125.81201856034832,1.7938202836404769,6,4,121.86556195112075,1.804000898004212
GIRLAW_#[4],3573.93,3486.33,3538.19,3697.26,77.99,-69.22,107.74,195.43,0.7589882878315026,0.006497960330864,23.876964045719987,95.216653320679,174.29018805616673,2.058338402692813,1.1372252239552203,176.65559363903253,-31.49,-173.96,-177.96,257.44,2.0405524766592014,1.1387575422362732,178.4350361479924,-33.49,-174.72,-176.57,250.81,175.12771076436783,2.0355490143939043,1.142608121798546,177.51664989537838,-35.08,-174.53,-178.82,248.11,2.0365843046630805,1.1491750823960634,176.3930521669598,-33.78,-177.51,-180.64,256.81,177.2755203437299,2.011081017761344,1.1448504924224812,177.83566348502103,-41.17,-174.41,-180.85,231.74,0.9921578014915656,0.0319123775008466,31.308859812719305,3,2.4918140159329707,6,3,126.45719063078326,1.6696712251218806,6,4,119.2591619818285,1.825720104506712,0,0,0.0,0.0
GITCEU_#[4],3746.93,3702.85,3759.62,3778.31,245.9,197.25,207.58,332.88,0.7262935217204474,0.005995617862597,11.871792417227596,72.16422882985027,179.31065124457913,2.038248277320504,1.142352927076392,178.84381743590788,-32.91,-175.55,-180.81,257.63,2.0481063497777647,1.1390546343349823,179.08062512721875,-31.43,-173.87,-178.94,258.51,178.21385111010608,2.034322400702504,1.1452187258336286,177.9592055198037,-32.73,-175.82,-181.72,259.36,2.0352281788536635,1.1479632659628094,177.6858371434753,-35.21,-176.86,-184.31,255.55,176.96839606864404,2.004087687702312,1.1436968960349587,178.48720768189102,-38.02,-175.87,-178.75,240.56,0.9800872659445188,0.0208448896026229,66.15191176158423,4,2.4677746919036183,6,3,124.31822195905865,1.7868669620315891,6,3,120.45319392808436,1.7791187397135697,6,4,114.36748360816266,1.8771638420766583
GITCEU_#[8],3718.28,3682.94,3728.72,3743.18,247.88,192.61,216.8,334.23,0.7181434409268359,0.0058148913901977,14.75453159441544,77.651028633889,179.2857230973133,2.047240457298557,1.1415645798639684,177.49164397635275,-31.93,-175.33,-178.71,258.24,2.045504390119953,1.1356687237042316,179.2916261258759,-30.69,-173.02,-178.2,259.14,176.88551252923966,2.0423753866515337,1.144779284403767,177.70014424795227,-34.59,-175.82,-182.99,255.04,2.049412625607639,1.126981858771471,178.72649309751165,-27.6,-169.13,-174.78,261.1,176.85677514799704,2.014206339976122,1.1378308002510722,178.12019295083834,-36.68,-174.12,-177.66,241.73,0.9793005733215804,0.0206977548220544,64.9824140074566,4,2.470633904486862,6,4,114.69073795312671,1.876207954891996,6,3,120.544385219024,1.7955066527306447,6,3,123.37903980547688,1.7815859591947842
GITCOE_#[4],3706.08,3621.07,3658.78,3838.39,415.88,197.31,307.26,743.08,0.7177763415498997,0.0058208200213983,19.8428753673263,90.10843309481662,174.82547201909023,2.0581482016609,1.1277273163313908,176.5778177689761,-28.79,-169.36,-176.5,259.48,2.0420411577634763,1.138937649742075,175.84541590638474,-34.85,-174.63,-184.12,254.19,178.1990174428123,2.0432657242757246,1.1404686931257686,178.496283815386,-31.8,-174.7,-180.34,259.65,2.056492025270217,1.135637362893631,179.62926227036382,-31.48,-173.88,-178.65,258.09,177.1292782606807,2.010131861346414,1.14266550223589,179.018738388831,-36.14,-173.77,-177.68,243.03,0.9394678568090336,0.0183905511113525,134.48228380347012,4,2.4726815989932875,6,4,115.83600066504442,1.8708272100864904,6,4,133.4317241124918,1.8372713599248205,6,4,137.31001414321804,1.831010513350485
GIZLAE_#[4],3542.88,3378.64,3573.9,3676.11,252.69,196.11,242.26,319.71,0.7724611152585994,0.0067529576035973,39.83455783449622,143.46177037061636,175.439746020074,2.035641299443495,1.1444632890573645,177.14194182398427,-33.71,-175.58,-178.2,252.63,2.0478606422313024,1.1379416637068878,176.98151990355967,-33.12,-172.69,-178.89,252.22,176.09963972120323,2.040457345792849,1.1415139771373808,178.56085155231884,-33.81,-176.73,-178.99,254.29,2.0519711133444347,1.135622164278243,178.38752484470558,-32.81,-172.27,-177.68,251.52,168.9251250624008,1.999165280810969,1.1493850529739806,175.62976971874434,-41.7,-178.83,-179.74,233.47,1.0045935997646216,0.0212439947119537,49.45865443782235,4,2.498495805479769,6,3,114.32052771014727,1.7941934511083244,6,4,115.51954692592165,1.8605004407416843,6,3,121.03398222023856,1.8316063250600545
GIZLOS_#[2],3717.81,3628.97,3730.37,3794.1,251.95,213.1,232.48,310.28,0.786163066502251,0.0069794974108587,15.524541635577336,78.75065986057562,176.06355116582162,2.034133174106356,1.1531938692171408,178.6653205080762,-35.39,-178.62,-184.7,257.15,2.048556125665099,1.1407239017395927,178.83363944585494,-33.8,-175.55,-182.0,256.14,177.4634054986205,2.04704777911997,1.1411922931741174,176.87566307927045,-32.91,-174.55,-180.04,255.86,2.043017838884428,1.1386981250533437,178.45524301505318,-34.11,-173.93,-182.17,253.76,178.46361630054398,2.000316439966437,1.1478880346096476,179.11436807506067,-39.92,-174.21,-182.82,237.28,1.042275213216876,0.0230200392634585,55.366170514562015,4,2.5063121114498093,6,3,117.8038719934446,1.820410124120386,6,3,114.60203081110414,1.7889922386639914,6,3,121.20098628960496,1.824983545131298
GOFLAS_#[2],3829.27,3776.02,3831.36,3880.44,223.37,127.11,221.98,321.02,0.7645982023375693,0.0066003261543971,28.21279261686068,114.74232063018904,176.1528334246406,2.0227196197199446,1.1300893637230631,175.882815024092,-30.1,-167.83,-176.57,254.1,2.0368972359940014,1.1289074939958543,177.84358024647915,-26.95,-166.69,-173.6,259.45,174.18652057703662,2.0427998090855595,1.149951781597821,175.5311623136017,-37.52,-177.28,-188.95,253.67,2.05215091306658,1.143307084732707,176.52328224648963,-33.84,-173.9,-183.66,256.04,174.13770000112268,2.013786436045292,1.1507481827054964,177.45765524268433,-41.08,-179.7,-182.21,238.68,0.9506910471128264,0.0186551117553917,91.89394463171178,4,2.492429724184817,6,4,121.61221937648932,1.877443397282592,6,3,122.51661217668322,1.8192223421011515,6,4,125.903845617617,1.879241338945054
GORMOP_#[2],3501.25,3305.21,3511.72,3686.82,97.35,-134.4,368.07,58.36,0.779317794866849,0.0068349224933064,23.055552015694488,104.29056476242224,176.61116697910353,2.044996735938716,1.1352822512485603,178.6711271761329,-29.54,-171.47,-174.66,257.52,2.04587017183398,1.1260967409596745,176.9675347485063,-27.16,-169.0,-169.56,257.08,177.4705766506932,2.050820896616768,1.1322055908711983,176.8233651394805,-29.71,-169.6,-173.44,253.93,2.045119309478056,1.125363310224747,177.1684795919733,-25.17,-167.0,-168.15,259.64,173.3009287873778,2.00446879746231,1.1471906249616932,177.49264737368216,-41.81,-176.76,-179.6,230.91,0.9787999745611582,0.0307479750833866,50.85902500097468,3,2.5058458591860755,6,4,115.56716794491054,1.8606285416493,6,3,143.47950756254474,1.6828632148811142,0,0,0.0,0.0
GUSXAU_#[2],3532.22,3351.36,3563.76,3681.56,254.51,200.34,243.95,319.22,0.8762316782664359,0.0086359007385223,32.01115215583569,118.32203231717858,175.38035801502917,2.0291516010392123,1.136622087591122,175.46347186019565,-33.29,-172.84,-178.3,251.28,2.0385970592542315,1.1294080042216808,177.9689019946538,-25.2,-166.73,-170.18,261.32,177.86931559425827,2.045608921568342,1.131240438633628,179.33790435017733,-30.6,-171.56,-177.51,257.26,2.051177517915016,1.1375822343901116,177.44043568245417,-34.69,-173.52,-182.9,252.34,173.13610953435034,1.9911286096081284,1.1462592944007046,177.67675796242276,-39.21,-173.86,-180.8,237.03,1.075227387849734,0.0236343980447833,46.94524187552911,4,2.556871748836848,6,3,117.68974977537108,1.844126468005924,6,4,122.62994778115235,1.832030553784516,6,3,106.46275027392156,1.844003449020636
GUVNER_#[2],3414.94,3129.25,3368.02,3747.56,331.28,431.58,485.99,76.27,0.9378161058449956,0.0099617545373172,33.99433681619162,137.57461287205257,173.0582071665458,2.045463688262395,1.1319444067620994,175.58561254557114,-28.71,-169.02,-171.33,254.22,2.031227279257543,1.1345729284625112,175.73490790585612,-31.88,-171.24,-172.94,248.55,174.1062178556249,2.0280668899225205,1.1434983296883294,178.32584114396866,-34.83,-175.71,-177.45,248.67,2.0228638362480056,1.1373391754441584,175.4086810698834,-30.74,-170.67,-171.81,250.27,174.71666571608625,1.971737168083008,1.1510170242007722,177.08574115336535,-42.36,-176.15,-183.39,232.45,1.4850787372301997,0.0281179013307843,37.23841021624415,4,2.582561435861692,74,6,126.90501993909908,2.588252518592419,6,3,108.1551656725023,1.8432764225693328,6,3,105.61086452137668,1.8424587946545776
GUVNER_#[4],3354.58,3080.39,3286.01,3697.33,331.28,431.58,485.99,76.27,0.9348971067166492,0.0098372173798088,17.50892964192643,90.08632913071176,176.3129368655149,2.0291691723461613,1.1396001228501156,176.2365135464589,-32.22,-173.47,-174.3,251.1,2.0467882450317125,1.1442472197912474,178.0670758329856,-32.59,-173.18,-177.73,253.14,176.0177786915163,2.044114167555227,1.1316296125499723,178.4222799643901,-28.3,-169.27,-172.4,256.78,2.0388601251679823,1.1465528073316114,179.2785612027297,-36.33,-177.0,-179.25,247.26,178.9877688010004,1.977639562711062,1.1494724442108215,178.06445894083618,-42.47,-176.92,-181.54,231.06,1.4850787372301997,0.0281179013307843,37.23841021624415,4,2.588252518592419,74,6,126.90501993909908,2.582561435861692,6,3,103.83290895939984,1.8432764225693328,6,3,106.91380352766892,1.8424587946545776
HAHDOM_#[2],3557.02,3301.08,3546.83,3823.16,437.19,183.07,539.43,589.07,0.945443543218126,0.0102383636311204,30.766147324171072,122.20428369135102,177.6777265843995,2.0170663102634987,1.1544306692045212,177.87349397545972,-38.99,-179.53,-183.28,245.85,2.0875416570693868,1.0949026669069708,177.2407277757761,-18.56,-156.01,-161.96,262.3,173.42200354995944,2.0259334070990587,1.128815822001091,174.74606157833074,-26.77,-166.59,-168.39,254.68,2.031133548046509,1.16611315488678,174.02817794364026,-42.99,-183.49,-188.67,243.19,175.29574676901677,1.9633398737865024,1.1957347950110002,176.9438698802006,-52.13,-191.04,-196.55,231.19,1.5719551997272283,0.0469416624588783,50.67631424455156,4,2.5922690851838666,74,6,124.9998003072612,2.584517924101128,15,4,110.2837908675802,2.1813665693780133,1,1,106.6928334538957,1.4234652401797523
HAHDOM_#[4],3544.33,3298.0,3503.7,3831.28,437.19,183.07,539.43,589.07,0.9226750003109538,0.0097965805038973,24.372018561782056,113.48757694414395,174.73342051615032,2.056552450097006,1.0856308995234063,176.89110881508157,-20.09,-154.8,-161.33,255.85,2.0359156441267414,1.116770392694935,178.9335959498713,-26.13,-166.06,-167.56,255.22,178.57591263522067,2.045308106374196,1.124697021423992,179.82454998151968,-29.31,-168.3,-169.75,250.13,2.0703182702183742,1.0983280247722005,177.35776314734747,-18.42,-158.3,-161.07,264.1,175.0527753175514,1.94647014875646,1.192315495160572,178.4380190995838,-49.79,-190.04,-193.95,234.63,1.5719551997272283,0.0469416624588783,50.67631424455156,4,2.584517924101128,74,6,124.9998003072612,2.5922690851838666,15,4,114.80199591295396,2.1813665693780133,1,1,104.79954937559292,1.4234652401797523
HAQNAO_#[2],3540.79,3306.57,3568.92,3746.89,252.23,178.01,249.4,329.29,0.8195602265810753,0.0075725488947076,33.898100136010044,137.3864845963324,173.57397694952033,2.0276746016064804,1.155148570531081,165.69017038722524,-39.8,-183.89,-189.39,253.89,2.0243779414921512,1.1487656767156644,169.41208141359382,-34.22,-173.95,-182.75,254.06,174.3919315053772,2.0264691707499525,1.1519628596443556,169.9110882448663,-36.19,-176.05,-182.51,250.0,2.0230213271243573,1.1460705257531063,177.25640405778094,-36.94,-176.05,-183.58,248.81,175.0519195891397,2.01943017953085,1.1426424375105275,175.08567427973193,-41.0,-178.05,-180.0,235.05,1.0245058112646386,0.0218240240709654,33.019122891486006,4,2.515930780049404,6,3,119.15320241829237,1.828613409116317,6,4,113.18513301017342,1.851983266663065,6,3,111.85010910541274,1.8181840418395487
HAQNES_#[4],3451.33,3306.53,3396.15,3651.31,248.15,172.22,251.04,321.2,0.8060502862180314,0.007255592942077,20.36794318396225,93.42714155972912,177.04273800784082,2.02851746110306,1.127206671378413,175.53122818077844,-29.52,-170.31,-176.65,258.41,2.0832877141671995,1.123071849883169,179.08069342867998,-27.82,-165.68,-173.65,255.86,179.0916982576574,2.082528561628868,1.104193814509029,179.14807855043142,-18.55,-156.76,-163.76,264.86,2.036609294882059,1.1246547292391569,179.09255536764945,-28.5,-167.99,-171.72,254.2,179.37873725868965,2.0308951967051376,1.1254834827752909,177.46934991990318,-35.81,-173.72,-174.15,240.44,1.0466567859544234,0.0225639363001807,23.61061317722224,4,2.5359978174280826,6,3,119.27179343886895,1.8291697843557344,6,3,110.94585603203208,1.8300093415062124,6,4,108.60668239326446,1.855500754513455
HAQNES_#[8],3375.54,3217.6,3286.18,3622.85,244.33,189.24,245.5,298.25,0.8013171271623456,0.0070544794613187,21.258238874853262,98.83970307423274,176.30081680984833,2.055574678769905,1.1377428795646225,178.85297423855036,-32.22,-174.18,-177.89,255.42,2.070332325980542,1.1255026610363923,176.6707574340744,-28.15,-166.64,-173.14,255.34,174.35367569870422,2.0788426900561765,1.1197538390199877,176.34595383257977,-24.96,-163.43,-171.29,259.85,2.0423432963143098,1.1210565596793052,176.94109729123102,-28.1,-166.46,-171.41,253.58,178.25954133390343,2.0459757305500967,1.118536011937032,179.18938214104077,-32.84,-171.14,-171.39,244.02,1.0463107290918134,0.0224820244798433,22.31977102291036,4,2.539404020631613,6,4,108.34151808548468,1.8574258181687908,6,3,116.13874532573912,1.8219239995126035,6,3,113.68605565012086,1.846240786029817
HAWXAI_#[2],3496.03,3232.17,3538.73,3717.18,306.47,190.2,647.31,81.9,0.9645081911711236,0.0104314101893453,52.240135305482326,156.83351550535772,173.9719459315164,2.0400275733430666,1.1337035635473671,175.7059334454401,-33.06,-171.52,-175.42,247.76,2.0406497862200657,1.139578452762248,174.07495264273933,-32.34,-169.52,-176.94,249.44,168.92906505069465,2.026887470976128,1.152351391720425,172.2967146391902,-37.86,-175.35,-180.61,242.38,2.039559351918938,1.1443175651889643,171.73313858874488,-30.48,-167.43,-171.65,247.62,174.7407652062572,1.9799836211443769,1.1503954841705528,179.0822321847603,-37.59,-174.63,-180.33,242.18,1.2159463322637651,0.025028729328147,107.41691240091,4,2.604126475423189,15,3,129.6395810197236,2.282488644002419,7,3,120.72812404776334,1.6996167685687265,6,4,120.77760688835492,1.9710520185931164
HAWXAI_#[4],3369.37,3088.9,3386.28,3632.94,304.99,210.38,611.57,93.03,0.9711637703318384,0.0105485767548276,49.5886717538273,150.8148744261756,168.83102714556424,2.0428951368095225,1.1415350410740803,171.33497728270945,-34.65,-172.18,-175.04,243.29,2.0490221423889,1.141872273943106,171.80989025181017,-30.07,-165.41,-169.91,245.11,177.96988631417457,2.047226274743464,1.142075238327143,177.39371480992696,-35.27,-175.77,-178.1,248.05,2.0401907900978284,1.1440491117080585,175.56329791846656,-34.04,-175.02,-176.74,249.66,178.57643278652324,1.976791726510408,1.1532315552394492,177.45259134008802,-40.36,-175.43,-182.46,236.82,1.235310128621705,0.0258606583753287,110.68228326959668,4,2.6139234763091284,15,3,131.75777207896482,2.2851650137353325,7,3,121.13361188954426,1.6931368668834776,6,4,119.95137801763856,1.9706414945392785
HECXUL_#[2],3620.83,3539.67,3608.4,3714.41,229.19,137.72,254.66,295.18,0.8138587080698323,0.0074832168305837,34.597022288980014,133.79875726563716,179.0432859604519,2.0344654334738634,1.145199729304893,178.34704264449618,-34.47,-175.36,-181.25,253.2,2.045075873898081,1.1321292594045975,178.4083193417887,-30.14,-171.89,-176.26,257.72,173.58875891044354,2.020780497728538,1.1516506284459718,178.34326304328044,-36.59,-178.14,-182.28,250.65,2.061150186182462,1.1347659714672456,172.7265491781596,-29.48,-167.33,-174.5,253.39,172.6840449643159,2.0029127265060755,1.149449629170413,176.5693498123842,-42.3,-179.84,-181.85,234.78,0.992052390367114,0.0201802470063891,61.98174437937666,4,2.521192168399703,6,4,111.85276943310342,1.8406890367468367,6,4,124.54725068354652,1.9044310856526168,6,4,121.01674644132127,1.834351602065427
HECYAS_#[8],3665.9,3530.33,3680.78,3786.59,243.87,165.13,262.02,304.46,0.8171005332600116,0.0075312873288475,25.91002924548367,105.70316533886214,177.07801791517386,2.0343402493191745,1.1281644250728704,178.19384370685262,-27.56,-168.8,-173.73,259.86,2.0443768855081488,1.1376123812617374,176.60438535787816,-30.79,-169.16,-177.53,254.33,175.2467813368679,2.031688893507074,1.127429541035714,177.5186341152306,-27.92,-168.58,-172.88,257.72,2.042897611237528,1.1353482417302638,173.49206573361943,-31.85,-169.61,-179.0,253.05,175.22694235616206,1.9995586162951065,1.1378310023900744,176.13709489715276,-34.33,-172.31,-173.23,242.56,0.9930295074458092,0.0202425875598518,59.79707386002471,4,2.5208327711294136,6,4,114.74915911695678,1.840210887371336,6,4,127.0001763066636,1.9040574938798465,6,4,114.55492230371937,1.8321709172454403
HECYEW_#[4],3587.5,3459.06,3581.76,3721.66,226.17,126.38,254.08,298.05,0.8354669394576413,0.0078239018528306,19.735953287229293,96.45807625583063,176.94175114683452,2.0620481347437067,1.1289953985734396,176.71366529130563,-28.21,-166.76,-173.71,255.83,2.037156434837541,1.1354644071920523,178.70352202075028,-30.2,-171.7,-176.08,257.17,177.12820984328175,2.0355293488427035,1.1425610574494471,177.82848738891008,-34.37,-175.03,-181.32,253.25,2.0428559934562203,1.1318927025120362,178.7675611705513,-29.26,-170.92,-176.1,259.23,174.87880117190045,2.0059096141152524,1.143060667681291,179.48641917542437,-40.77,-178.4,-179.03,235.13,1.0194139400313462,0.0212417344625386,61.07240978982915,4,2.537980068873671,6,4,126.63343025100696,1.9038688951710936,6,4,116.96194215565777,1.831258589058356,6,4,113.35229047514456,1.839984842328871
HECYIA_#[4],3720.38,3635.59,3699.63,3825.92,197.65,259.62,289.36,43.97,0.7062177727669772,0.0056536293635847,18.37672933999751,86.30939055913872,176.3838752010133,2.023665204523713,1.1450393224688835,177.7919168267344,-34.71,-175.52,-183.16,254.56,2.0507214754812506,1.133017118140763,178.39109817503106,-29.97,-172.5,-178.25,260.83,177.8445087974994,2.044936712957152,1.1352947899114132,178.58465673139767,-30.1,-171.08,-177.25,258.02,2.058780476398589,1.1193884401761514,177.33418422301156,-23.92,-164.81,-168.96,262.01,176.393970484497,2.0161026040358165,1.140803896381845,177.50863463215498,-38.39,-175.36,-177.29,237.48,0.883923657637032,0.0162586185613365,105.0586917536703,4,2.4625719583394914,6,4,125.85107200565191,1.8710708725219365,6,4,130.0864393924726,1.9247936356918884,6,4,119.56838347179848,1.8240040515305864
HECYIA_#[8],3711.78,3644.48,3652.85,3838.01,190.29,243.43,285.64,41.79,0.7241376936003183,0.0059162472679337,17.815762521712685,85.07510149804752,178.1245333889896,2.0527718090425933,1.1418250566527255,177.05646964091812,-32.49,-174.01,-180.01,256.55,2.033062146123428,1.1302379926369508,178.94300897174136,-28.68,-171.27,-175.55,260.79,176.9849989944913,2.058090425613025,1.134097143105474,177.10325446980593,-29.09,-170.25,-176.5,259.5,2.03747880234372,1.1347041244306812,177.37924940961258,-29.46,-171.41,-176.98,260.01,177.01786629202846,2.017449910158861,1.135301312427675,179.31115319146323,-36.24,-171.25,-177.28,239.8,0.9040545999594344,0.0168935997447337,106.85457795622038,4,2.474253234816517,6,4,131.07349370873442,1.9172879726321768,6,4,124.3581173831472,1.868206043240412,6,4,120.85173129865684,1.8291564886580929
HEVHOI_#[2],3522.87,3341.15,3474.28,3753.17,388.32,219.49,344.09,601.4,0.8624129905361382,0.0083674771214996,37.30629087667069,139.47634561217654,175.1953355611617,2.0358855296897214,1.151807388411796,177.34441249894337,-41.06,-177.16,-183.62,237.61,2.036089376721956,1.1461459113044896,175.86478353488246,-40.5,-178.85,-182.46,239.81,169.12885940014576,2.055473154774832,1.1418775591104329,175.6809569693506,-38.15,-174.37,-181.78,241.7,2.0378344903352685,1.1516998089780173,175.91571672722472,-41.73,-180.33,-184.84,239.96,174.89334338269123,1.993591796231114,1.1587297398444556,177.3394798588008,-42.96,-176.18,-179.17,226.46,0.7172716296273149,0.0057491006864804,183.610758876402,4,2.549222663872262,39,12,166.48691879394346,2.668432082703251,15,4,115.17967595261806,2.2477883997387305,15,4,113.98309879942592,2.252594717209468
HEVMUQ_#[4],3539.37,3199.08,3619.34,3799.7,362.98,115.51,225.74,747.7,0.7741820457815392,0.006771237893951,17.62226031705687,77.42262474432704,175.83249160505102,2.0297026826606896,1.1400637262890176,177.6613852035596,-33.38,-174.38,-177.29,251.53,2.056938815327281,1.1189069889852326,178.59323211864952,-26.2,-165.93,-168.34,255.66,178.4690906643363,2.034753066099177,1.13880348612041,177.69714882411785,-32.81,-173.68,-177.93,253.18,2.0405459294022275,1.1373881527429412,179.24378551138852,-31.56,-173.5,-176.26,255.07,178.14741923506517,2.0074565026420865,1.1405849771060468,179.36964364611205,-36.63,-172.24,-180.06,242.42,0.937833606078832,0.0268151654182892,25.552685508431694,3,2.498388626695215,6,4,119.04240058199456,1.822498951988724,6,3,122.0309487891083,1.7675278922834576,0,0,0.0,0.0
HEWYOX_#[2],3582.54,3457.33,3553.06,3737.22,246.59,204.98,231.45,303.34,0.8617500274988932,0.0083602283840112,24.07526536279984,101.0813892068308,176.5834353485652,2.014833990680126,1.1420959942141466,177.96011546162063,-32.29,-174.96,-177.59,255.68,2.045028806643076,1.133591910698025,175.87906586206688,-29.46,-169.89,-177.08,258.58,177.34315031735676,2.026437840152025,1.1391661555716963,176.8283745302061,-35.4,-175.28,-181.92,251.0,2.043458707681659,1.1272126196951486,178.40134821160288,-25.58,-167.78,-171.74,262.78,174.21043558238023,2.005306183603889,1.1247321503362484,177.97002561629031,-33.49,-169.34,-173.41,242.27,1.0703191482543,0.0236559008124933,37.72811284590276,4,2.5440631222514902,6,3,116.30814667631138,1.8318621263621355,6,3,111.63245662989291,1.8278298990879864,6,3,118.4007707055302,1.83185904479575
HIBVOG_#[4],3661.98,3471.22,3685.95,3828.76,147.78,118.95,260.12,64.27,0.7682704481037494,0.0066133149471804,20.15961048401581,88.15842396084807,177.04817725564112,2.0602868756559123,1.1370757714418158,179.22148131314125,-31.67,-173.86,-178.49,257.35,2.0334719127639795,1.1463413714945472,179.4812763463842,-34.76,-176.46,-181.29,253.48,176.0288420708828,2.043745260544964,1.1496259217675986,177.9369658632519,-35.46,-177.34,-184.33,255.29,2.038878814446804,1.1458264310095134,177.10501384382957,-35.38,-176.22,-182.12,252.2,176.9888880944719,2.0237050921515216,1.1415739748259857,178.95676765892384,-39.7,-177.76,-180.39,239.04,1.2661653462385318,0.0383048068070132,51.341728588609854,4,2.5009798599748856,8,2,102.21266552121088,1.648094381399318,7,3,121.74208464513929,1.6676184065906683,7,3,120.67936081124512,1.6548960994576063
HIMLAR_#[2],3457.84,3279.7,3417.51,3676.29,151.53,148.33,271.17,35.1,0.8323650399601434,0.007816149655807,28.40315477576594,114.87181897120348,176.02984852440684,2.0260361818092,1.1388949424771366,174.731916269753,-33.24,-174.57,-177.22,252.07,2.064698028768371,1.1303430850852323,176.43835076366966,-28.59,-171.01,-173.51,258.74,175.60693194858473,2.041630882407494,1.1475604907803334,178.03537078589287,-35.08,-176.43,-181.28,252.48,2.0318344125444865,1.1454624655570345,174.38239988803315,-35.37,-177.07,-182.12,253.08,174.6272224861834,2.00070112960432,1.1407132593250593,176.35068143840886,-40.06,-176.75,-178.89,235.47,1.0959394639296385,0.0264383126558905,47.60079068442988,4,2.5323991510028594,7,2,112.46351236660496,1.7003536044011556,6,3,109.3671139144396,1.870678449119464,6,4,120.36095610566868,1.8342864716286813
HIRSOQ_#[8],3566.87,3328.44,3513.29,3858.88,355.93,30.71,501.47,535.61,0.9904192642239896,0.0112302531425684,32.72147128571102,136.68526503623227,177.3375674652562,2.013103775268428,1.1335971109702072,178.89678762998727,-34.04,-168.84,-176.4,243.12,2.026064349915868,1.1388547449082331,176.38235196557451,-31.56,-166.11,-177.49,248.91,173.27115964076884,2.068638586123733,1.1240618043506316,176.24384757387966,-24.22,-159.36,-165.91,252.61,2.0160488734155244,1.1457821957073682,174.62213425665206,-36.78,-172.26,-173.83,235.74,173.07745817710804,1.9523481477441464,1.1670717972772713,178.55154212950634,-42.89,-173.08,-184.19,228.6,0.543434343639106,0.0081915869839973,94.83978081344044,3,2.609492305027933,78,4,138.2840085927577,2.381171581385936,15,4,128.45385677950944,2.087756185477605,0,0,0.0,0.0
HIRXUE_#[2],3430.88,3222.47,3450.05,3620.12,180.08,236.65,264.54,39.04,0.7295257490206088,0.0059827375942812,21.654794685764884,84.77061418764859,179.06518167816364,2.036314705540379,1.1469826241055274,178.6262524441554,-35.62,-178.53,-179.72,251.4,2.0482570370927577,1.1418959190749376,177.85900898415392,-32.96,-176.88,-180.04,258.03,176.95184763452082,2.045954645147345,1.1404124517033298,178.228730105685,-32.08,-173.41,-178.21,255.37,2.045572753533836,1.1367536100668427,178.99577914017686,-31.52,-174.16,-175.21,254.8,177.66520536286492,2.0209386952602,1.1397229619517188,178.07008761044133,-41.94,-175.85,-180.7,230.74,0.9728980026465828,0.0190446809646553,39.87698502164949,4,2.477123016727269,17,1,110.82727136764548,2.082644679247998,6,3,116.41309983820668,1.8212620953613448,6,3,119.759019621303,1.7656075979673396
HIRXUE_#[4],3453.71,3255.71,3463.65,3641.79,178.01,232.98,262.13,38.93,0.7589236074595345,0.0065277454004899,18.586516435659902,84.32901049278412,177.23108978360716,2.029390364124162,1.1410818375559224,176.65672957285094,-33.08,-174.68,-178.55,253.99,2.062690597253984,1.1305817882842453,179.55917003753885,-28.74,-169.4,-174.19,257.35,176.10314168648674,2.0306791400908213,1.1462578069526954,175.96726677542316,-35.33,-179.2,-181.1,254.32,2.052392457596743,1.1359977640823071,177.91795308333047,-30.33,-173.21,-174.83,257.04,177.06942271671946,2.0061953469191365,1.1485805195979948,178.10219168117115,-42.96,-179.06,-182.01,232.2,0.9894120724802612,0.0195539199488077,44.32204081756156,4,2.49162374567269,17,1,110.4094067513888,2.089655804193598,6,3,121.33936852798024,1.773252111235174,6,3,117.28280083845728,1.8186153661508528
HIRYAL_#[2],3661.87,3498.68,3717.92,3769.02,259.3,201.1,240.45,336.34,0.8025489530316796,0.0072324330546039,18.53718174990793,90.12821497785754,177.4939888691223,2.0564386399793206,1.1357278283109913,176.0532404808746,-30.28,-172.02,-176.78,257.95,2.032960358688777,1.1421507474935169,177.419278335471,-35.54,-176.37,-183.66,253.41,176.60894383387262,2.041457592016058,1.1399247957650538,178.6067447664761,-33.42,-175.84,-180.34,255.92,2.040121873810484,1.1450789710757938,176.05959171531148,-33.2,-177.05,-179.25,256.69,176.78202557899195,2.009942198173867,1.1433833740264026,178.80034138762505,-37.94,-175.45,-179.7,241.34,1.0463798853630553,0.0230522418231941,52.60101790792173,4,2.517713504352709,6,3,121.0500778672288,1.833991357667751,6,3,112.9132804278748,1.841124115859656,6,3,118.3010764046042,1.785265268804611
HIRYEP_#[4],3653.38,3539.44,3668.99,3751.7,241.4,175.0,217.25,331.96,0.7875248351054585,0.0070038155057716,30.0463868352054,102.67032337968384,176.07950470820106,2.050027575424292,1.1316064907908585,176.699808564681,-28.32,-168.5,-176.94,260.47,2.050138466055404,1.1327126511167778,178.10470243442705,-28.13,-169.91,-174.49,260.03,177.43990055143868,2.042986079247727,1.1358314399592926,175.7504703975793,-29.87,-169.99,-176.14,256.52,2.0456112949433973,1.1351675911511911,178.6026868280639,-30.52,-171.45,-175.91,255.79,176.06106580929367,1.9967589964740364,1.1527554510823173,179.1168878309128,-40.94,-179.65,-182.12,238.95,1.029939058846682,0.0222436349328595,53.47380305280828,4,2.509619383492246,6,3,122.22571817273422,1.828666503220313,6,3,113.61463100927917,1.8335140332159985,6,3,116.8657930172678,1.8067994963470624
HISJID_#[2],3426.98,3275.78,3353.66,3651.49,154.33,151.45,270.74,40.79,0.8231221460973694,0.0076227964165386,34.5194811949132,137.0394882654949,173.18141656523824,2.024474731874913,1.145838954652878,174.62452650487631,-35.83,-177.31,-179.54,249.36,2.066252361160175,1.131105746603738,176.1217944012724,-28.98,-171.42,-173.3,257.78,174.30536057797212,2.05437805186874,1.137630981469826,177.26909190878848,-33.1,-172.53,-178.51,251.74,2.041861966441415,1.138717541798667,176.3412123214259,-33.81,-175.04,-179.99,253.61,173.85279469068337,2.00420251721227,1.142487124653928,176.90146962777052,-42.01,-177.83,-181.03,232.85,1.0909774417023228,0.0261532611992713,48.170274971730606,4,2.532107213369924,7,2,112.58629288391715,1.7041266942337352,6,3,111.08103789708063,1.876662308461488,6,4,118.95851328965942,1.833577754009903
HITVUB_#[4],3551.41,3159.89,3644.59,3849.76,378.89,148.15,235.97,752.56,0.7887506762695904,0.007079536780963,14.631260787019912,80.58160871598628,178.71201269710548,2.040213503533392,1.1366760048492277,178.54123637404345,-32.2,-172.37,-176.13,251.9,2.0376857927560854,1.1442356619158496,177.22896397791678,-32.27,-175.54,-178.25,256.96,178.56148805251527,2.043217281641871,1.13206673831537,179.2483584860378,-30.68,-170.36,-175.85,254.19,2.046530358924588,1.126178924505338,179.21439151871263,-28.94,-167.92,-172.19,253.3,177.3224711236527,1.9871336794488688,1.155718668188761,178.680490464905,-42.97,-179.32,-186.3,236.7,0.9433823302651544,0.0271232750497305,24.83458207604575,3,2.504206529022716,6,4,120.02710707501156,1.8313798213369064,6,3,120.35651633417912,1.761959741310794,0,0,0.0,0.0
HORCIC_#[2],3677.67,3560.81,3711.29,3760.91,159.8,-59.17,204.18,334.39,0.6908637668442621,0.0054794225925532,15.976797883667388,80.7989662198563,176.71454445565158,2.0308810748047263,1.1482449433809845,176.83374969370078,-33.67,-176.97,-182.83,258.77,2.001862315445296,1.1699829956029275,178.47090624080502,-40.15,-185.91,-189.59,255.04,176.7505344256059,2.041994439267649,1.1400602659508836,178.93707009534862,-30.08,-173.68,-176.97,260.43,2.0351895194305616,1.1407698497067664,175.8992090063414,-30.86,-173.15,-177.93,258.49,178.91472861247448,2.0167856851931494,1.1425437847189923,178.5598438263989,-37.97,-176.32,-178.38,240.77,0.9994818786970364,0.0237618860619677,51.45841627855576,4,2.4398608669348336,8,2,112.670101052855,1.647492864931439,6,3,116.55727832463484,1.858305609957631,6,3,123.3293969696714,1.814820368521358
HORWAO_#[2],3520.82,3317.6,3426.53,3818.33,104.09,-16.14,102.25,226.15,0.8062408598114481,0.0072932428067273,34.286625444931346,118.54474094122804,176.31827918130963,2.04565769375035,1.127332431006932,178.4327844034753,-29.1,-169.84,-172.31,254.84,2.022873456249797,1.163229564617406,176.56265480625157,-42.2,-182.55,-187.79,243.75,171.1569455007711,2.051382450934004,1.1249189215227915,175.94949727639968,-30.12,-169.67,-170.75,250.06,2.0393571192902926,1.1309618428576629,175.33320651398313,-33.72,-172.1,-175.04,245.98,176.47287125539,2.016600481007579,1.1345993962628398,179.8474647428758,-42.24,-175.71,-180.58,229.57,1.2905637197550293,0.0436369838704891,43.78050891516455,4,2.518918756133273,9,1,104.291270163011,1.657596615585348,8,1,122.79402840992698,1.4893591944188622,6,4,116.10051655552918,1.828673018885552
HUHRUA_#[2],3646.2,3508.14,3640.88,3789.59,399.78,219.28,245.73,734.33,0.8103453380035701,0.007422795398492,28.333704892745047,120.20585973663673,175.3742704089278,2.056146526879833,1.1347738232793354,178.50676457954663,-32.73,-172.87,-178.25,252.92,2.036567609975176,1.1381207097667627,177.0472745972757,-33.03,-174.9,-178.63,254.46,172.7765793829403,2.035799069161788,1.1322934646106546,176.4151098925811,-29.56,-169.25,-174.24,254.82,2.059334426459189,1.136672767334557,172.7723328850803,-33.11,-170.8,-176.77,248.23,174.9913404831348,1.9942926089217696,1.1483532818780116,178.46508741884648,-37.64,-175.29,-179.6,241.97,1.005457595766432,0.0207206600053312,100.06597198665,4,2.522635251081694,6,4,120.94583265721693,1.8265685122655544,6,4,117.57547557998988,1.855571354057828,6,4,123.68712490314203,1.8748506953888355
HUTYOL_#[2],3458.9,3231.4,3513.99,3631.31,154.83,18.97,213.94,231.57,0.8308286756538044,0.0078101898658405,30.6940849125251,128.82384192049085,176.1553623053211,2.0423496884715897,1.148260284081967,177.90674698429677,-36.45,-178.56,-184.31,253.54,2.036740643773772,1.1419940893016918,177.40393569607463,-34.64,-176.09,-179.07,251.25,173.4776255605149,2.0164581423872896,1.1543969031489991,175.4619109270376,-37.64,-178.34,-181.34,246.74,2.057440871568367,1.143578060300214,173.15596736402753,-32.19,-169.63,-176.12,249.16,174.91593190317923,1.997628626647106,1.1510182969874978,178.64780003209808,-44.07,-181.17,-183.29,232.24,1.0595545969529727,0.0249595233232518,37.32478988464472,4,2.528620799961908,7,2,110.05837725537404,1.699948275683704,6,4,122.17540292084104,1.916831857519068,6,4,113.64174431306616,1.8499730727770065
HUTYUR_#[2],3613.21,3469.28,3627.56,3742.78,296.43,251.05,43.23,595.01,0.7881167321944227,0.0070571892881528,26.77088987630934,100.15650006560726,178.38882286434372,2.044201714606462,1.152429303688517,179.1597714453718,-37.02,-178.83,-188.2,255.98,2.050151482208082,1.140247639769538,176.6428830185851,-34.66,-174.2,-181.3,251.52,173.73101222764635,2.040770281045861,1.145739717387854,174.40548146467722,-35.19,-175.98,-180.61,251.03,2.04160307111838,1.1426557924414504,176.60494065328635,-34.27,-172.84,-184.23,254.27,177.10713637138525,1.9886991602552653,1.1591327145758583,179.45771829201485,-42.97,-180.48,-186.33,237.9,1.0736988541878558,0.0251214803113863,108.29375010481088,4,2.505955181163463,7,3,121.64953605251137,1.7349275863850908,6,4,122.0151272557168,1.837393833667676,6,4,126.38650799165174,1.7981464150619102
HUTYUR_#[4],3612.05,3439.02,3661.06,3736.06,302.79,243.89,44.08,620.4,0.7668086549111723,0.0066932361847377,24.55368686843866,97.79676274551232,179.57896055435407,2.04619196069186,1.1632501923490055,179.43967184866452,-39.67,-184.26,-189.45,254.69,2.042342246049864,1.1362408283458227,177.66842499663284,-33.21,-174.25,-178.2,252.83,175.19416085204796,2.0626327205782427,1.122826620632054,177.2004272159526,-29.35,-169.68,-174.41,256.05,2.045424652731065,1.1390886093715455,175.47720002791485,-35.21,-175.45,-182.05,251.87,176.02900925788083,1.9898140088963088,1.1704806320482204,177.90267912307704,-45.06,-183.75,-189.13,237.68,1.0619012898799234,0.0246176312295841,106.31292831432012,4,2.4973663107361714,7,3,120.8974175578848,1.7374179261191018,6,4,120.42825358167168,1.8357931637305989,6,4,126.9514512675952,1.7950852625989668
HUTYUR_#[6],3599.92,3443.28,3624.18,3732.29,303.32,247.69,49.86,612.42,0.7874878925059876,0.0071150157478816,23.91434531075197,104.91804157157122,177.9884185370159,2.0501495799087444,1.131607745643339,176.0824714991844,-32.86,-173.02,-177.11,251.55,2.0725498136353684,1.130099451375851,179.74587738438277,-30.62,-170.87,-178.88,257.9,172.82101814101907,2.035814244964407,1.1392106082722369,174.36378997468125,-32.26,-171.32,-180.53,255.07,2.041253823021528,1.1453033746566887,175.8157506655493,-36.41,-177.67,-179.37,247.81,175.9697229962916,1.9788734674051287,1.1729561969655984,175.9435610556403,-45.25,-182.73,-189.37,236.36,1.079370922552472,0.025337769469728,106.35548409293229,4,2.508220921290627,7,3,120.18527565674106,1.7381911143484767,6,4,126.5688107327576,1.796778166608221,6,4,122.02035626020242,1.8309516378102395
HUTZAY_#[2],3650.2,3492.51,3653.61,3804.47,305.27,245.94,35.15,634.7,0.7596275526817204,0.0065176963705857,16.880912588863197,84.3860663793342,178.89213614929437,2.0427987688463105,1.1306341450708095,178.43134173867492,-32.01,-171.24,-179.46,254.67,2.059343218115912,1.128129363149457,179.1142038174295,-29.86,-171.78,-174.56,256.76,176.86959391314366,2.044834364930324,1.142560611083718,177.2531849586897,-34.8,-175.64,-181.25,252.5,2.0360906585906235,1.147112989203766,177.48978911061585,-34.37,-179.1,-183.07,259.06,175.88493180930735,2.005327369782799,1.151599674366054,178.19378735096458,-40.64,-179.76,-181.1,238.93,1.0528951674684448,0.0242793111772652,109.44603348346212,4,2.493455407662226,7,3,123.00855886210266,1.7298837706620631,6,4,127.04434562943172,1.806077611842858,6,4,120.28641454372176,1.8386145055448675
HUTZIG_#[2],3578.49,3486.28,3557.07,3692.11,159.94,196.21,21.78,261.82,0.8354845499485379,0.0079076561904256,28.04084297307997,120.6915247041656,179.09546946936527,2.02566651253359,1.1630511123764078,177.26259326730005,-41.9,-185.31,-188.36,247.96,2.036505583100622,1.1602560105424995,179.0046834155143,-38.64,-184.98,-188.48,257.54,170.29074788757734,2.023181467392384,1.1582930069718975,175.91650836918495,-40.39,-180.32,-184.68,243.84,2.053275634200144,1.1358664093985698,170.89260103066286,-30.99,-166.05,-173.26,246.34,178.32260343622977,1.9944429648400568,1.1660476491121623,176.07070684655125,-45.11,-184.85,-186.37,235.89,1.073592312950865,0.0257102892052617,54.60456751240797,4,2.527905162382482,7,2,112.3049647052948,1.69124577456974,6,4,119.41048278621356,1.844547706078648,6,4,121.89791080587965,1.9007373805973289
HUXVUT_#[4],3433.71,3309.7,3416.61,3574.82,127.92,-48.07,180.88,250.95,0.922486658642425,0.0095251629247682,32.45454425260995,113.92126316201968,174.52184939012577,2.042646344818408,1.13841086607604,177.2588545536434,-33.2,-175.8,-177.64,253.84,2.04037432350047,1.1457012263238615,175.314631891673,-35.71,-175.61,-181.83,250.3,172.38208862752143,2.0395320713340106,1.1424386110421865,173.6297599028047,-34.91,-175.93,-176.27,247.48,2.048013657181026,1.142115453883713,175.17841359503143,-34.26,-174.08,-176.02,247.33,177.7778276701485,1.9873145221630115,1.151904696578671,178.052743785126,-41.46,-177.51,-183.94,237.07,1.037598009768946,0.0188850856634939,68.73818761797206,4,2.585068178984841,15,3,107.18795542157584,2.199803777612903,6,4,126.55046597443256,1.886483835075192,6,4,121.21481003892735,1.8607901117536063
IBAVAK_#[4],3549.24,3296.31,3552.51,3798.9,250.94,202.0,235.2,315.62,0.751424834529629,0.0064163841790916,10.757749341473954,73.26096352354396,178.16013725566756,2.050341142346805,1.1423958814701671,177.93746794300347,-33.94,-176.83,-177.86,252.86,2.035978398706628,1.137479336076045,178.16248286999073,-30.89,-173.24,-177.24,257.82,177.38948742713345,2.0426505721733217,1.1403249975335985,177.86612794646058,-30.67,-171.63,-174.89,254.51,2.0347536927107424,1.1405725930426345,177.02220534292044,-30.63,-172.47,-176.2,256.79,178.15040605379733,1.9982984511829065,1.1448311054474356,179.7663940727782,-38.47,-173.39,-176.18,234.18,1.0070143219947845,0.0193634215589513,54.83940357849467,4,2.483259352141858,16,2,114.14558846408016,2.108708597696704,6,3,116.07089095062815,1.794194822197411,6,3,123.97622120607164,1.790758805646366
IBAVIS_#[2],3622.43,3545.01,3585.31,3736.97,157.36,106.05,300.73,65.29,0.7011590771406997,0.0055775686415874,20.803780800075216,82.61821360503899,175.12777607449837,2.057021565273442,1.1385238425259263,176.129784281819,-32.32,-171.15,-179.61,253.8,2.0264847297722226,1.1435497234488754,175.6359244308269,-32.13,-173.67,-178.19,255.48,174.4981955337181,2.054477230343525,1.136446765141245,177.1106310436958,-31.48,-171.65,-177.5,254.72,2.0314264249536578,1.1383077659403018,176.23649407341452,-31.46,-172.74,-177.06,255.4,179.08762655677515,2.0186403270518505,1.1353090416269924,178.89120861613975,-36.71,-171.63,-178.56,240.07,0.827422467859974,0.013988675920483,69.81184684668533,4,2.4583055017633586,16,2,114.14565482879894,2.089821777090094,6,4,125.12745015919684,1.866134478005269,6,4,121.4678156840891,1.8545703329882093
IBAVIS_#[4],3613.41,3534.59,3556.87,3748.75,159.41,301.42,78.51,98.3,0.7268075082087702,0.005996972505477,20.47557300372885,83.10846631771841,176.23240954254342,2.0518274415749502,1.133309335530242,178.11420939479558,-29.13,-170.98,-175.69,259.27,2.03025796636782,1.148731931305124,177.60102120628537,-35.62,-177.83,-182.55,253.51,178.138732076973,2.036043383624229,1.1379357143529671,177.04950269580706,-30.63,-171.76,-176.82,256.7,2.0469381182634714,1.138079562245101,178.84305986191256,-30.39,-172.74,-175.86,257.41,178.18071272084606,2.006444928225044,1.1474730367202537,178.07544611236466,-41.72,-177.93,-182.29,235.07,0.8339681943095523,0.0144688998169753,69.4767793147518,4,2.470386872536365,16,2,113.46092142603464,2.0856787624176443,6,4,125.46767612730363,1.8626659979717248,6,4,121.740812764765,1.859431442672732
ICAQAH_#[2],3650.23,3580.39,3650.86,3719.43,197.93,123.8,172.22,297.76,0.7659969475505637,0.0065933738391848,24.158272376647744,100.41697899417898,175.54260507427597,2.041860049072904,1.137048363087516,173.99073437535537,-31.55,-168.7,-179.76,253.82,2.0487748192517388,1.1345549744283008,177.15454593955454,-30.6,-171.51,-177.43,257.13,175.40965038253023,2.0517828661922297,1.1401683121364143,176.46086358513284,-32.74,-174.29,-183.19,259.27,2.033875033034232,1.1492331747735105,176.67738520384384,-35.09,-175.92,-183.44,254.1,176.15545819710593,2.014426831632264,1.1318904982373514,179.36264788722136,-34.2,-173.79,-174.81,246.0,1.1380800835317482,0.0305349740320225,35.14029657336677,4,2.497742088367012,7,3,115.18546628641666,1.6696973078974526,7,3,109.88042715355476,1.6859455685163744,6,4,120.02244733525256,1.8614232216237123
ICAQUB_#[4],3586.5,3412.75,3580.8,3765.97,201.47,14.16,213.64,376.61,0.7444266170847222,0.0062208075013966,29.650059038514257,123.93679687254571,177.77330584009684,2.047284357386633,1.1387116711441925,178.53512634350255,-33.04,-174.46,-179.28,254.63,2.0526711012726806,1.125138084858921,176.62022390977032,-27.53,-168.03,-177.13,262.58,170.3348989988107,2.044848820817813,1.1348450026325176,173.74310602969058,-33.96,-173.26,-178.22,249.58,2.0415254247743286,1.1386337690407746,174.96452449320367,-30.3,-172.51,-175.36,256.98,175.68588186807273,2.017483402657875,1.1407787603212125,179.2594168338577,-36.83,-177.04,-178.29,244.86,0.998893383738492,0.0216385418479748,63.54247172958277,4,2.487418591632699,7,3,112.08095130771184,1.749561599372825,6,4,123.8003497078604,1.8866803597854087,6,4,120.63351352964678,1.82822704826288
ICEMIP_#[2],3480.25,3346.08,3511.78,3582.88,153.98,-8.68,186.95,283.66,0.8110409678976183,0.007347535076697,33.561208144633966,127.55319319733772,175.3770611439642,2.0546148592862843,1.1337100202432722,175.53001353525786,-32.64,-173.31,-179.98,255.38,2.0432346536802863,1.1336306541374048,175.5650600533831,-31.07,-171.19,-177.21,255.2,175.57263084790588,2.0506301104782403,1.1336126454834563,178.5867748851367,-28.67,-169.08,-174.61,257.68,2.048957229909888,1.1378002021444718,173.8237803946737,-31.58,-171.87,-175.69,252.83,173.83818719840374,2.0102114615134403,1.1436448268584087,177.75967117661207,-41.18,-178.7,-180.01,235.17,1.1503916751282366,0.0306559405470034,55.648708781129045,4,2.5281542437121987,8,2,125.55855648623807,1.6282974421155365,6,3,118.60396360724091,1.8225005514402457,6,3,108.0653102954258,1.8328813873243408
IDAJEE_#[4],3555.33,3434.99,3536.98,3694.02,172.49,-62.43,280.43,299.48,0.7287369509122641,0.0059907549203186,14.96629323369811,73.05656768503239,179.48213250252982,2.0557705149164867,1.1296151291479768,176.75521106029493,-28.85,-170.77,-176.32,260.53,2.040135872926116,1.1494819833298815,178.75195104724344,-38.43,-179.93,-184.19,248.83,178.04097615842684,2.04705059292632,1.1386097268159974,177.97709051803432,-31.07,-174.58,-178.0,259.38,2.04912530119561,1.1381608190409656,179.50847004071193,-31.71,-173.23,-176.77,254.88,175.9164444757985,2.010772699735104,1.1425059299627291,178.3565165195753,-40.09,-176.09,-180.91,236.73,1.2626556164423433,0.0448388762164687,46.81747788369714,4,2.477813166887286,8,2,115.69109013138932,1.67597788469896,6,4,120.31842790098648,1.8131649814619728,1,1,114.32049763201586,1.418985401616239
IDOSOJ_#[4],3598.79,3551.53,3582.63,3662.22,159.02,209.8,234.86,32.4,0.8238320262659553,0.0076777570360102,17.809735327249157,87.80459936616585,176.12001467487366,2.0531720556251494,1.143963600819536,176.6543725819487,-34.21,-175.67,-178.26,251.3,2.032040536013,1.1464656863596054,177.0221052439493,-34.34,-176.91,-180.69,254.58,176.78732459543977,2.0592939056870927,1.1416850966882237,177.54712391458636,-30.62,-174.96,-177.24,260.34,2.0380824468112184,1.147333037962387,177.89212535405923,-35.84,-176.36,-180.98,249.82,176.71618420248018,1.991066676432509,1.1565078036917866,179.35658744521027,-43.63,-175.4,-184.41,228.91,0.992279682945474,0.0310824728827978,31.37960325243928,3,2.529030339873368,6,3,123.7437105589489,1.6950256694221475,6,4,125.14511764313092,1.874615485906376,0,0,0.0,0.0
IDOTAW_#[4],3643.9,3482.98,3690.22,3758.49,184.11,197.3,289.18,65.85,0.8412108491121577,0.0080497940289631,18.541755866359622,92.55511557623198,176.77203475281317,2.034367781400404,1.1396853864115304,175.22873582813557,-32.67,-172.2,-174.61,248.81,2.061498961920669,1.1264036842979517,176.19162879711604,-25.96,-166.9,-171.54,260.56,176.1096713127067,2.036786068785821,1.1470224322130749,174.84198943008795,-35.27,-175.13,-183.49,252.81,2.044078100269166,1.1306078497870071,176.09213578516173,-29.9,-168.65,-175.74,254.7,176.7670839240246,1.9792400435520696,1.1557092108311675,178.32052170152977,-41.62,-174.23,-181.81,231.18,0.9849775755081168,0.0310020652972884,39.555875571297136,3,2.535920700652921,6,4,127.19601366565718,1.9079579188231583,6,3,125.7324316193569,1.6864171192205084,0,0,0.0,0.0
IFIWUP_#[4],3727.64,3671.26,3708.4,3803.26,191.69,182.99,331.66,60.43,0.790666729238112,0.0070325661222651,24.84488859234534,97.71573687709032,174.45621111512287,2.04032071498576,1.1430205859913458,176.41403625441316,-35.58,-176.7,-185.04,255.0,2.046060355903511,1.14015993176396,175.99105125769037,-33.2,-171.64,-183.54,255.57,178.56521431494858,2.037029526050126,1.1411148233197217,179.02790538325334,-32.17,-174.38,-180.21,258.06,2.050954755717444,1.1353629816054427,176.353778059031,-32.61,-174.03,-183.48,259.67,176.15841110298888,2.006170030181889,1.1341248343987536,178.86306114291355,-34.89,-172.88,-176.54,244.76,1.054736959672072,0.0245445576610532,56.74716446621317,4,2.510507114110613,7,2,117.91795647099929,1.7146890242839954,6,3,118.16176479583032,1.8189159876146013,6,4,118.80296418552328,1.888442411089096
IFIWUP_#[8],3729.78,3682.76,3707.59,3798.98,187.96,182.52,323.95,57.41,0.7844190106022517,0.0069525358525711,23.11392138876104,92.44006018639458,176.4340762252208,2.0509507380724674,1.1388328103808734,175.95892929689114,-33.07,-175.6,-182.42,258.79,2.039059221798133,1.1349957929437438,178.12387258793282,-30.97,-172.08,-178.88,258.04,175.0380172587009,2.048590288466681,1.1377068383375395,176.8983981461656,-31.73,-172.33,-180.69,257.83,2.0453857557927795,1.140536632467366,176.0154204455743,-34.12,-173.17,-182.75,253.57,177.31196281321525,1.99749774718271,1.141163327486473,179.0656221615315,-37.6,-174.92,-178.57,240.7,1.0458533385867206,0.0242101653446796,57.86024651168867,4,2.506948156623906,7,2,119.46374752501106,1.7117208709366136,6,4,119.32231326947898,1.8918087244750703,6,3,116.60513029716248,1.825608197286592
IFUHIA_#[4],3566.14,3379.88,3528.15,3790.4,228.47,106.12,205.87,373.44,0.8530520677259013,0.0082202670013121,25.17721396145437,100.45678432907346,175.66304326089357,2.0565372765889744,1.1078192722642084,175.46292941435337,-22.34,-159.73,-164.99,257.69,2.0440969448634285,1.1236668055967487,177.43543324871854,-26.93,-165.78,-171.28,256.25,174.76257566031572,2.0041923285952365,1.146693489996346,175.6077318194835,-33.07,-173.72,-175.64,250.13,2.052108281743437,1.138625495937976,177.241778770762,-28.52,-171.46,-174.09,259.98,176.45075378585386,2.002712652878592,1.1360559757335909,179.611855389405,-34.31,-171.72,-174.33,243.1,0.6929407555660292,0.0106068908262853,102.92551779081543,4,2.5437607375694737,15,3,115.36757946871865,2.191810395540637,15,3,123.63275403591732,2.240287236048092,6,4,131.70368550192077,1.8992968225109
IFUHIA_#[8],3468.74,3328.38,3437.14,3640.7,4.04,-314.62,293.65,33.09,0.7871788098817813,0.0070476713640063,24.70252962870365,94.58032793825598,172.83973999012267,2.024964515738485,1.1358256688418344,175.86680805873664,-30.82,-169.59,-175.41,252.55,2.058853596057768,1.1104909995132777,177.55110228619864,-20.83,-160.35,-162.46,260.32,177.3216254089832,2.0275100295682886,1.1591822721211698,176.4976902560958,-36.0,-177.96,-183.65,253.61,2.034310145970865,1.1416091581622847,178.147829073003,-31.28,-172.42,-174.09,252.67,178.63681762778415,1.9978729138761555,1.145429683568572,179.065709072521,-41.34,-177.19,-178.96,232.15,0.9110576994145774,0.0256380641141573,46.77221085300663,3,2.501009526171382,15,3,119.66805233314302,2.2220098019585786,6,3,138.12190290069867,1.6782163895040472,0,0,0.0,0.0
IGUWEM_#[2],3659.5,3493.71,3708.88,3775.91,97.21,-96.09,159.37,228.35,0.7490336959513275,0.0062950601205444,33.49822634703796,128.42529846084966,175.1176459615313,2.039864505304213,1.120034240548029,178.73943295570663,-26.43,-166.95,-171.03,258.68,2.047197838509996,1.1443046534904942,174.86195766790937,-30.99,-172.38,-177.46,256.88,172.9552673407127,2.044107810268334,1.1145466028838813,174.33082273642466,-25.81,-163.0,-173.46,259.05,2.047051755574342,1.1383611158151894,178.95737948445662,-31.06,-172.84,-177.87,257.55,173.21700309221296,2.0193058237919286,1.1395290474577642,177.70631949849715,-38.69,-175.33,-181.15,240.42,1.0754114110377466,0.02656867665096,54.82506377479619,4,2.488925764260559,8,2,115.90922147648696,1.6592034655219356,6,3,122.53634629618116,1.8243305648922283,6,3,115.12498802616608,1.8324204402920192
IGUWEM_#[4],3558.69,3362.3,3605.43,3708.34,118.55,-94.28,208.87,241.05,0.7020537423421094,0.0055533367388211,12.541669048901426,68.80078149597882,176.18035649125568,2.0366610395448723,1.1363307837069263,177.95547548204254,-31.2,-174.31,-175.33,256.03,2.0348601450714003,1.1524548320867063,178.40647636980052,-34.12,-178.79,-181.83,258.26,179.74413471218202,2.044180486160653,1.1393145219824066,176.11402637317582,-31.21,-173.19,-179.65,259.22,2.066360728430541,1.1089066687508011,178.48027465665754,-24.34,-164.06,-167.5,258.55,178.61614457820392,2.029480847409012,1.1353728770760716,177.20519712340254,-37.46,-173.93,-178.26,239.79,1.0668752155732806,0.0265870557660635,48.261180175788326,4,2.463540894728562,8,2,117.2956239294795,1.6492078977497049,6,3,119.03798967968012,1.7834335283379632,6,3,114.7755147991152,1.824230826951457
IGUWEM_#[6],3577.57,3443.32,3606.82,3682.57,112.09,-66.85,166.8,236.32,0.7513945290755193,0.0063531733668504,24.27561304801965,106.4518924062046,177.797012341534,2.043711457128917,1.1570692762319814,176.65400948702802,-34.36,-176.97,-182.83,256.72,2.030881458874448,1.1689996578271515,175.58349371447466,-40.85,-185.54,-188.97,251.96,175.7434726343336,2.0432419998619835,1.1433586707590937,173.71456170286277,-34.14,-174.54,-182.07,254.19,2.051135475779208,1.151188855053766,169.9223220832862,-36.94,-177.32,-188.07,254.55,176.20091533513332,2.0171908214147707,1.1463391601092587,178.6266502987074,-40.24,-177.43,-181.56,238.26,1.0943253461228442,0.0275833393740367,50.54395473368066,4,2.4880689600571766,8,2,115.2636142523228,1.6537790844003315,6,3,114.90559222071376,1.8104162228614724,6,3,121.62261606295856,1.811360880664038
IGUWEM_#[8],3527.97,3340.06,3597.3,3646.55,120.4,-86.24,206.11,241.34,0.6858271438617969,0.0053558359817311,18.11755291774324,82.73477517116818,175.8200122989913,2.0700255409052324,1.0979967349678237,177.05723738706462,-18.19,-156.86,-161.19,263.48,2.0632412389248134,1.1340429841941622,174.02884175934244,-32.77,-173.89,-175.8,251.38,176.20032821509758,2.048203879012048,1.1512658685117012,178.2562154421871,-36.59,-181.23,-183.03,254.5,2.03070689416272,1.1522408298615356,176.62154874556245,-34.41,-178.54,-182.69,257.99,178.14139225764131,2.0102791870782526,1.160096569256198,178.1838979933003,-45.83,-182.51,-187.23,232.25,1.0451093986792783,0.025374696223646,48.76713263396047,4,2.455987634333691,8,2,116.39852139891302,1.6587038433668626,6,3,115.5794782860702,1.81875972024894,6,3,119.31991166801475,1.800280542026714
IHEPAN_#[4],3538.26,3366.26,3465.4,3783.14,349.81,145.04,349.44,554.95,1.0056849491210855,0.0112504154327719,15.255021013096638,91.57497937642763,177.5073651695562,2.023819599173801,1.151509921798331,179.16060084313304,-37.8,-180.27,-181.14,248.0,2.033627576524276,1.160823005457767,178.30760499354372,-43.9,-180.76,-189.15,238.21,178.584987112206,2.015202354603628,1.1498059923308797,177.63489807650103,-35.11,-175.72,-180.35,250.75,2.0529315161495285,1.1420645603467423,178.17130991225983,-39.83,-175.87,-180.43,236.8,176.46372075430938,1.9998624702713927,1.138273758812001,177.03921252411746,-39.7,-172.12,-178.58,231.61,1.0784793476452643,0.0333397942208288,19.22222849322651,3,2.6284996728171754,6,3,111.13116344237568,1.834065852143809,6,3,101.61788479673451,1.8052144720226464,0,0,0.0,0.0
IHEPAN_#[8],3555.11,3372.82,3494.46,3799.47,350.44,143.72,350.6,556.98,1.009458248220193,0.0114301965453426,17.11933009222028,95.2070561348639,178.4245563556527,2.033019353080533,1.1495769700198435,179.05044507681433,-37.34,-179.69,-181.19,248.87,2.0386940157855964,1.1530384729053942,177.5766116973639,-40.44,-177.54,-186.13,242.35,177.50969992191364,2.03393945091785,1.136213457058135,179.11295106648024,-33.28,-172.16,-176.69,249.59,2.061535139162075,1.134129137267887,178.70594655627806,-38.34,-173.09,-178.83,236.9,176.17518924061957,1.9682241945469527,1.1640683570993575,176.72211614390767,-46.7,-180.66,-186.5,227.05,1.0781713366900385,0.033156534128831,21.130572144274865,3,2.6327573796307178,6,3,112.18138011461608,1.831239058670385,6,3,102.14645601717488,1.817018695555993,0,0,0.0,0.0
IHEPUH_#[2],3267.27,2925.23,3244.7,3631.87,312.63,118.35,349.74,469.8,0.9558979691773049,0.0102663936268383,31.57473573136756,132.64144050451375,171.04746127154073,2.0224835178562017,1.150102473695279,174.1978574771751,-38.67,-174.16,-178.56,236.71,2.06331960927046,1.1318532811279036,174.8945486344092,-25.14,-164.58,-168.05,257.2,175.95419538660155,2.028169741417124,1.142273089064082,175.82187077887457,-32.92,-174.04,-175.24,250.51,2.032850619204471,1.1424808926192158,177.73473690937735,-36.63,-175.38,-180.15,245.63,176.35265267415838,1.9842698077630447,1.15416888278969,179.4629184342403,-44.54,-178.92,-182.08,227.38,1.5357482255249566,0.0301047840363315,46.49865644400696,4,2.5997574406086428,74,6,124.36185595471196,2.5946090823089323,6,3,112.57972946943067,1.8187198382378744,6,3,102.307180939399,1.839898459154744
IHEPUH_#[4],3450.67,3205.77,3417.06,3729.17,312.63,118.35,349.74,469.8,0.9421093564365552,0.0099017795371854,18.59717125825071,99.67130302986166,177.9086102078977,2.0233729883538523,1.148711164740728,179.43523685878142,-35.95,-176.69,-181.24,250.09,2.042308693611227,1.1459068592167525,176.46373495166125,-36.01,-176.19,-182.87,251.04,178.5693920083922,2.0468458393342672,1.138682791650071,178.7491112105679,-32.11,-171.62,-175.06,250.35,2.0374703163481924,1.1437514415291457,177.78958379830306,-33.85,-174.77,-179.47,252.7,178.2403563451294,1.9967195045874624,1.1409350332074124,176.53487499668128,-39.76,-174.14,-180.21,235.06,1.5357482255249566,0.0301047840363315,46.49865644400696,4,2.5946090823089323,74,6,124.36185595471196,2.5997574406086428,6,3,103.33795524709076,1.8187198382378744,6,3,113.30057453639104,1.839898459154744
IHIZIL_#[4],3496.38,3285.76,3526.66,3676.72,179.18,-47.93,266.75,318.72,0.7131308713867917,0.0056903440695816,12.756925510515629,69.76730187573733,176.61104346438364,2.05673397890928,1.1291665510455045,176.06698495380465,-30.36,-171.95,-175.33,256.2,2.043613635206029,1.13248396898146,179.15124226153785,-30.11,-172.46,-174.16,256.29,178.2432610116534,2.036779421046864,1.1565521605184956,179.52213467287712,-37.35,-181.03,-184.15,253.13,2.035055077878729,1.1259271823701569,179.2099646641571,-28.41,-168.9,-172.84,256.5,178.1718273278583,2.067839899508664,1.11023351147405,178.817757495727,-30.49,-164.34,-170.47,243.34,1.2833049934591123,0.0468018065736462,42.46934185776439,4,2.475882925341988,8,2,118.28708836277345,1.62235948235895,6,4,117.4117321516419,1.8204328084277104,1,1,112.68698487161754,1.4182464983210783
IHIZOR_#[4],3472.42,3331.49,3409.72,3676.05,151.92,-86.54,260.66,281.65,0.7522333234689795,0.0063620784471232,15.932839789913174,79.890261485622,177.6144381927442,2.054353895997473,1.1351244381124037,179.31324209493502,-31.49,-173.65,-175.75,254.93,2.044672902935823,1.1385033421119128,178.48999925348855,-33.18,-174.91,-178.17,253.52,175.25913977510035,2.037198286863603,1.1388896742002717,177.76364298924366,-34.78,-175.69,-179.06,250.41,2.0563677224659984,1.1314913388974737,176.2972433722937,-30.81,-171.7,-175.14,254.4,179.29158828234748,2.013136408691671,1.144783826755078,179.27483550665562,-43.16,-179.96,-183.62,234.1,1.0785866043875911,0.0275830972922983,42.03276017321944,4,2.492485837472302,8,2,119.30065268146156,1.6301298874629608,6,3,108.08534586905796,1.8792033152376029,6,4,116.84061528875078,1.81095110094116
IPOQUA_#[4],3468.02,3275.71,3429.91,3698.45,158.41,155.88,252.71,66.66,0.8372271793237029,0.007910121801348,22.95810220335352,101.76531565014042,175.09548067609796,2.053477017158946,1.13438813022704,174.78457888492102,-32.21,-173.82,-176.29,253.48,2.0309853815328163,1.1496354683115857,178.19184560482432,-35.01,-179.07,-182.74,256.78,178.98427221985318,2.0324307638884043,1.1446007775639502,178.36688949421665,-34.42,-176.98,-181.16,254.88,2.0569900680363045,1.1421828618920875,178.487981930566,-32.21,-173.35,-177.11,253.82,175.02301805305433,1.99432715721368,1.152057507245189,178.7240551402889,-40.94,-180.15,-181.5,238.84,1.106904818380286,0.0266979850066951,57.00278350697965,4,2.5359783851602526,7,2,110.81993946477353,1.714419143616869,6,4,126.11262685870383,1.819430938507972,6,3,104.43263648965228,1.8602754365953449
IPORAH_#[4],3389.77,3236.21,3333.46,3599.64,155.7,161.35,257.06,48.69,0.8052935767174478,0.0072785449261279,33.50452542958631,141.4505273377784,176.60841442521877,2.0548222039874893,1.138543705792623,178.527517903358,-31.89,-173.02,-176.95,254.29,2.050581000594709,1.1391753289112267,178.86180384701365,-34.06,-177.53,-179.6,254.96,170.73541178278646,2.0514167592178825,1.1370428531941967,174.02526818411664,-32.28,-174.38,-176.36,253.89,2.053041458422113,1.140304739970855,174.2417101649439,-35.33,-175.88,-177.21,247.09,174.41445169813616,2.000184526487494,1.1510073414188111,176.50622782427084,-43.15,-179.86,-183.44,233.85,1.0877514415510738,0.0259943835082355,51.46034210848006,4,2.525185335772406,7,2,112.59745954240216,1.7080013963694527,6,3,107.7654366084976,1.869170727889777,6,4,121.63787877501136,1.82288099995584
ISOJEH_#[2],3369.15,3041.78,3478.64,3587.01,140.76,-45.2,115.45,352.03,0.7799494871634005,0.0068560621441113,29.32499429365637,108.86343769656408,174.79656072175308,2.0397022380729988,1.1447416913871875,177.6441928158425,-30.11,-173.06,-174.46,257.18,2.046663983168708,1.140619472041399,174.35477495526126,-30.01,-168.03,-172.01,250.0,175.9925100277495,2.0582243245088714,1.1258849363944785,175.53465688192853,-27.07,-166.83,-172.87,258.47,2.039306301172043,1.1325544004594217,176.45446767722268,-32.82,-170.38,-176.26,248.18,176.32719474240608,2.0042748663793595,1.1573693101166973,179.47113402686512,-45.06,-182.63,-184.02,231.48,0.9821355976466404,0.01976806900546,64.18189844153166,4,2.505604034958437,16,2,113.1786051780537,2.132401582723104,7,3,118.14910310592856,1.7071755211459658,6,4,124.54262067120864,1.948694498888935
ISOJIL_#[2],3528.86,3416.73,3522.58,3647.28,173.24,137.15,171.36,211.21,0.8142617585613328,0.0075388469331515,32.620386889856064,121.10302303148876,176.38245045381086,2.0187640327685648,1.1794850740895368,174.56109824254605,-40.47,-184.21,-187.82,250.62,2.0182320035119843,1.1673348876821952,178.7144346583513,-40.71,-182.78,-188.96,249.59,177.8246960272337,2.0305918940052923,1.1542013949047194,177.86529827852794,-35.04,-177.47,-182.83,255.18,2.051191838907322,1.155751988966491,175.68579832221295,-37.53,-179.63,-183.92,250.95,178.42837067242152,1.998414811794588,1.1690919809835325,179.26534760626302,-44.64,-182.12,-186.96,235.18,0.8896185598857058,0.0155324694127724,67.99626737522858,4,2.511995971334349,6,4,127.42940807980106,1.947020338876818,6,3,110.93077119788316,1.920761906119548,6,3,113.53167681915008,1.88896854923527
ISOJOR_#[4],3454.5,3191.48,3478.83,3693.2,314.43,385.8,46.96,510.53,0.9283327909894472,0.0096213860469729,24.88619469916296,102.83414052321854,178.15306553666977,2.042588641895377,1.1458840779066617,178.73056934640047,-33.06,-175.29,-177.69,253.8,2.048186158531495,1.1394908424379726,178.57505056043084,-32.89,-170.97,-176.83,249.13,178.55087321352022,2.041652227976156,1.138338104431192,178.0693745698581,-32.01,-170.17,-176.79,250.94,2.0475721745520965,1.140997537245371,177.52457658338307,-33.78,-172.77,-177.56,248.99,172.39270758889,1.9890204976319368,1.1461436951796231,178.47845071691117,-40.95,-171.82,-182.18,231.13,0.988442811546772,0.0293803836473311,34.10751997267023,3,2.59080361471108,6,2,101.06433491931348,1.7468653010464203,6,4,124.24696608088767,1.9520777110555816,0,0,0.0,0.0
ISUKUD_#[4],3511.92,3376.99,3488.81,3669.95,130.78,-55.33,209.17,238.5,0.8227166106214525,0.0077439699797567,35.28111951041072,127.73288194160274,172.99161239767344,2.0344583701811154,1.1520564699701143,176.15881296815192,-37.86,-177.61,-181.55,245.58,2.041683278571875,1.1423963804214374,175.44900335705626,-32.58,-171.89,-176.87,251.02,174.3294055205218,1.9956552081960457,1.183038845516072,175.22946255452038,-44.71,-190.96,-194.89,251.72,1.9979498967691856,1.1923713389712112,178.01879712317705,-48.71,-193.87,-199.6,247.34,174.8889547486762,2.0159943749921525,1.1509079198615326,177.3151641923481,-42.31,-180.45,-182.59,236.1,1.0610717997149712,0.0262501488345375,54.380380617635865,4,2.510778192114947,8,2,107.00346745128624,1.6555816440151774,6,4,126.53585178870884,1.834410035951613,6,4,115.92700765823992,1.9201992969481068
IWAZUB_#[4],3637.25,3490.18,3660.82,3760.76,228.93,157.48,217.05,312.28,0.8010075942645574,0.0071990861929996,17.13004171117369,89.20689813257113,175.90929658148892,2.037048104488453,1.1426547378801697,177.31731340204504,-34.17,-175.85,-180.8,254.12,2.049515347588302,1.1377879327888838,177.1198326671741,-32.14,-173.86,-178.64,256.08,178.1825750721987,2.041637857211705,1.1364318105368227,178.95982731163068,-32.5,-172.77,-178.56,253.83,2.0498178089771777,1.1439726657573612,178.122466110174,-36.94,-176.72,-185.91,251.82,176.8836768181009,2.0082858113326405,1.150464297577287,178.22182569136882,-39.78,-178.9,-180.22,239.78,1.0228921631295476,0.0218238700236021,63.74172281996994,4,2.5178655424783902,6,3,121.94027524437028,1.8051193256956728,6,4,119.95609747098732,1.8761757513623285,6,3,116.01539142008612,1.8265172241180752
IWAZUB_#[8],3612.2,3430.03,3664.28,3742.3,227.62,155.22,217.17,310.48,0.791711212108813,0.0070462983985054,25.61509275712946,102.9947521118846,174.99065031091598,2.037047603763839,1.1448467626717562,177.42775143586385,-34.85,-175.86,-181.41,252.73,2.0435892077421043,1.1331594856859282,177.2591948761255,-30.69,-171.4,-176.31,255.64,176.71368392875732,2.0414127877526385,1.1363803324591637,178.79486047403992,-34.8,-173.27,-182.63,251.49,2.03823877403998,1.141113850586348,178.9118336996433,-34.33,-174.72,-179.84,251.58,174.67054060972256,2.0098890367380977,1.1607308516620036,176.354095988929,-44.56,-182.56,-184.75,233.64,1.0200191142785535,0.0218793615821741,58.471136334585125,4,2.50906220927262,6,3,115.23548386462822,1.8277192371915325,6,4,118.95057532177672,1.8679413641760827,6,3,121.418311247373,1.7914877978931367
IWUXUV_#[2],3558.05,3500.04,3543.42,3630.69,77.23,-87.38,264.62,54.45,0.7325818799731372,0.006044760058159,32.5821135667575,111.97159445019597,173.01369686093864,2.042573893400188,1.136559747659576,174.8879388006192,-33.38,-174.89,-176.71,251.45,2.0535259701304,1.136001681336784,174.61018119140178,-30.61,-172.49,-177.08,257.73,175.72012430852857,2.0499822730940864,1.1420577831265808,177.0608258544802,-32.42,-176.31,-179.62,258.68,2.054614233864839,1.1305363373195925,176.05687239845605,-29.55,-171.17,-173.45,255.99,174.9707717953056,2.010895099203337,1.138234294862002,177.69794214818145,-36.65,-170.81,-177.45,238.31,0.9918437928285168,0.0311791805675219,44.14621677852385,3,2.481867421922453,6,3,134.16418900434397,1.7390727241837818,6,3,122.6280946639636,1.7368964304183483,0,0,0.0,0.0
IWUYAC_#[4],3483.58,3407.58,3497.28,3545.87,83.63,-101.73,314.21,38.42,0.8037627912776846,0.0072789755560415,28.86077855253673,120.136986629213,177.0285037633721,2.056962367181276,1.1361114469980491,176.29804408804137,-32.61,-174.18,-176.96,253.3,2.047499465201396,1.144385691102436,177.80012197693753,-33.92,-175.11,-179.06,252.41,172.12028523784522,2.05518624703456,1.141780517437568,175.83340648594432,-31.38,-173.16,-176.17,255.2,2.0456372967855283,1.1374714985440288,172.9497490436767,-32.34,-174.11,-175.36,252.45,176.95762115047444,1.995581834954407,1.1535507747819342,178.20003854136522,-41.76,-179.42,-180.95,235.08,1.0486779605186407,0.0344322639943344,38.160497015326655,3,2.522431116998044,6,3,123.8790467293143,1.7369690642035047,6,3,129.529689880363,1.734876229014623,0,0,0.0,0.0
IYAZIT_#[2],3552.61,3444.45,3561.5,3651.88,68.91,-97.1,266.52,37.3,0.7364914304663328,0.0060488864219825,29.342249698338364,108.85037304545467,176.81872389260317,2.057088145899441,1.135458783928329,178.48286926597908,-32.4,-175.8,-178.75,257.37,2.0436251515383144,1.1355948000937663,176.89573791098064,-31.46,-171.35,-178.91,255.88,171.50448314945734,2.048927177817699,1.1420412076628406,173.16716807979088,-32.96,-172.6,-177.56,251.29,2.046520190469666,1.1322674507376784,175.0094640895712,-32.06,-171.28,-176.74,251.86,177.12591929809935,2.0329167371045966,1.1364184220611702,179.36699676187757,-37.05,-175.62,-178.57,243.04,1.1929981698670045,0.0340697456411482,50.34537388582372,4,2.4877103388457424,8,2,119.5004862939888,1.627402780506412,8,2,113.87581316400076,1.6670787443909183,6,4,118.6657906844944,1.7826531519058884
IYAZOZ_#[2],3721.72,3540.2,3742.72,3882.24,90.3,-36.33,27.48,279.75,0.7106063401407612,0.0057058376425981,24.1773036455062,108.34587963967904,177.00201612695983,2.054727526948525,1.1330450564739247,177.45809020507346,-27.99,-171.09,-173.87,260.98,2.040544608676811,1.1404927443872674,179.0881397313123,-32.19,-175.34,-179.72,258.48,172.55199603855266,2.0338463117944783,1.1435168560191842,176.8579016234645,-33.83,-172.95,-182.45,253.9,2.060547902864672,1.1353456698292377,171.14336649634646,-31.42,-169.29,-177.71,252.73,177.95569847876223,2.0160049231090684,1.149240240332716,178.1917875600986,-39.35,-179.55,-183.44,244.94,1.1467573912972944,0.0322648145704437,58.68225048722965,4,2.467498058763167,8,2,116.81456119182032,1.6569285349706546,8,2,115.73833290801316,1.6223658557797622,6,4,123.16806974882913,1.829685002944496
IZUKAQ_#[4],3641.27,3509.76,3695.33,3718.74,254.45,196.84,249.45,317.07,0.8271885346333707,0.0077072461542453,21.97937176550932,97.19630586842062,178.44194009949106,2.044305400374416,1.1437190476686132,177.32600546374286,-32.14,-175.7,-179.98,259.26,2.0429996402349166,1.1451057942391172,178.50298347876176,-35.98,-177.57,-183.86,253.48,174.57534995941091,2.0488518736111696,1.1345129615830754,175.261625350248,-32.26,-172.59,-177.51,253.33,2.040276787595251,1.14009803964396,175.17105093573443,-32.56,-173.62,-179.14,255.09,175.16840087628947,1.994915486931715,1.1471021358187767,178.08924246773253,-38.38,-174.15,-180.24,239.26,1.0547329809974668,0.0231714317022943,56.05354784125612,4,2.5305829585295165,6,3,112.99309228050942,1.8031803459443527,6,3,121.33059415615408,1.850365588201424,6,3,119.72050407255702,1.8287369794478383
JAFQAL_#[4],3722.51,3651.68,3727.66,3788.33,306.49,225.28,271.88,422.28,0.7882347421169538,0.0070570693048316,15.138782961678205,84.5234292029168,177.23258064709776,2.0372380960506296,1.132520600254142,177.6942965635766,-27.81,-171.26,-173.3,261.13,2.053185395915334,1.1323814595797648,176.51609814700683,-30.74,-170.27,-177.51,255.57,178.06653157458726,2.0303717442872378,1.1383750919622222,178.14293644196937,-33.47,-174.0,-181.85,255.44,2.0461510501426834,1.124975137503046,176.53329426021529,-25.47,-167.12,-172.2,262.92,177.00010006104867,1.9924433367099803,1.1426024417967962,179.33896795561867,-36.29,-174.97,-177.96,244.07,1.4689540397615637,0.0420040027971613,54.64651679386179,4,2.504818769891346,15,4,113.5828821093716,2.2075959480847027,6,3,121.47976619755394,1.8230306799393143,1,1,118.82324343082558,1.4204299982751707
JAFYIC_#[2],3292.29,3059.24,3270.83,3546.79,125.45,-28.36,151.83,252.87,0.8071696989048021,0.0072906082660371,31.07044486881668,119.43798395301602,174.83011100867378,2.044360951495601,1.1395619772526635,177.1275105622744,-30.54,-172.58,-175.42,256.36,2.0469014851721616,1.1392655923883592,176.03073124724287,-32.21,-171.19,-176.62,251.18,178.31133893113108,2.046431032309665,1.138529481392555,178.9616300162875,-29.76,-170.75,-174.5,255.99,2.052556135651349,1.140538473704417,176.86258972674528,-30.41,-170.12,-175.62,254.51,172.7506291279596,2.00876575289405,1.143772341858292,178.064675250386,-41.12,-178.54,-180.37,235.55,0.8548736561820329,0.0154652353829757,40.90854503962972,4,2.5241048908474464,17,1,106.54486306129678,2.0736631476688783,6,4,125.6573505548614,1.953306563240906,6,3,112.0050021676646,1.835597649268488
JANQEU_#[4],2793.4,2328.24,2740.07,3311.87,-768.48,-2035.55,-466.67,196.78,0.6676492646667427,0.0050878773793162,30.06098580098771,139.05203570536648,167.8236834696312,2.031448035269422,1.131690032650284,174.26494712797836,-29.03,-165.43,-169.17,247.51,2.042690798921853,1.1397425191682544,167.50768803077736,-36.56,-168.06,-176.71,235.09,179.22930407237416,2.0754112869501298,1.1124388028111956,178.1711723130296,-26.4,-154.16,-162.51,237.47,2.0575011470227658,1.1280012101057348,179.42899236054623,-29.42,-160.54,-168.12,240.39,176.9417675194276,2.013063401882812,1.136319114509652,178.1162355734611,-52.31,-170.46,-183.02,196.56,0.713164161028145,0.0124743228295081,31.449428841473733,3,2.4446124928094424,74,6,124.58640677138868,2.428577083396778,6,4,117.7888344433922,1.9017216673320008,0,0,0.0,0.0
JANQEU_#[8],2684.4,1872.44,2943.73,3237.04,-768.48,-2035.55,-466.67,196.78,0.6302210935884767,0.0044687009049819,31.65428627150941,113.6383580446681,177.41270206849146,2.0646307321165205,1.1294407996880576,176.6519779711827,-31.52,-163.79,-174.81,244.05,2.038711078107931,1.1407310375368944,177.87251209390038,-30.84,-162.37,-179.22,249.08,175.07271751262115,2.052818340720873,1.123484939818953,175.10787999135889,-32.91,-167.08,-173.66,242.02,2.0592865779196443,1.1072821275537703,177.11632781306193,-21.2,-151.24,-167.29,254.92,172.35449282822563,2.0367754073534963,1.124474152659811,177.10592860305232,-54.57,-168.38,-185.75,190.41,0.713164161028145,0.0124743228295081,31.449428841473733,3,2.428577083396778,74,6,124.58640677138868,2.4446124928094424,6,4,117.57418762669286,1.9017216673320008,0,0,0.0,0.0
JANQIY_#[4],3566.27,3392.02,3550.75,3756.04,543.92,333.3,380.26,918.22,0.8458349817245279,0.0079876606702633,8.965801284454002,75.46359885482872,179.2958812115124,2.039635893977159,1.1392888703046302,178.1103494470301,-34.81,-173.38,-178.15,247.1,2.051068662916967,1.1266815876723988,179.33374251150178,-29.1,-170.45,-176.12,259.25,178.170567225729,2.032516560818141,1.1431985348136158,178.6473216902673,-35.14,-175.14,-181.38,251.09,2.043385049372731,1.1313865210439795,178.34079690164342,-29.56,-170.7,-174.84,256.85,178.47589988463977,2.012607656747832,1.1370640703144217,177.4746245581395,-35.1,-171.25,-177.22,243.18,1.8456150742551551,0.0535909019952721,74.05897103741556,4,2.543343753801284,74,9,131.02029881297685,2.5990655743939963,6,4,117.62959641064538,1.8731880338076043,1,1,113.4172764962567,1.42360622013252
JANQOE_#[12],3600.94,3343.28,3600.12,3859.59,479.1,315.73,539.17,582.24,0.8862819822431027,0.0089195563326938,26.09885977122883,117.76956328418228,175.3405352631999,2.018377957667987,1.1457157980930528,177.47242863093263,-35.11,-172.32,-183.31,250.3,2.024730485768416,1.1475163702536024,174.24300261388504,-39.05,-175.71,-179.94,238.5,175.54999982163707,2.0590753021684263,1.1173933103433191,177.05238050328492,-27.95,-166.11,-170.7,252.96,2.0552325853781115,1.116118219544867,176.8845345269891,-27.27,-162.52,-171.85,252.55,177.22293568415202,1.9808250276084447,1.1423373363415903,178.82490816871845,-32.85,-167.67,-174.94,244.06,0.6258632256285557,0.005824475939257,198.91031925841148,4,2.55941746106414,74,10,141.70937784253928,2.49894267441252,74,10,141.09366972970426,2.4696570308445653,15,3,124.75539741813796,2.092096905021371
JEDLAF_#[2],3715.02,3499.17,3787.32,3858.57,178.55,238.18,291.36,6.12,0.7697923839805731,0.0067685289364942,11.478458897309494,71.4365494282489,178.39237360098247,2.046273114713674,1.1217966214960713,177.41472321054107,-28.42,-167.38,-173.76,255.89,2.0614433414479274,1.1067280650638622,177.39535401931363,-22.09,-161.42,-166.56,261.69,178.709081451344,2.017499571251503,1.1443787135384855,176.3751441992879,-30.91,-173.53,-178.47,259.26,2.023852388392,1.1494593859723796,177.80706916368752,-33.19,-177.26,-179.38,257.06,177.8581181165525,1.998585759981293,1.1443084461804869,175.8404845595925,-38.12,-175.12,-178.67,239.44,0.9816225400731756,0.0201307227647437,66.31833934988482,4,2.491406265545624,6,4,114.9927874853384,1.829406482988404,6,4,122.60977414856204,1.863174157184455,6,3,121.54392730966003,1.818393076317662
JEDLAF_#[4],3683.29,3418.39,3742.53,3888.94,149.1,-63.94,228.68,282.56,0.7870479037217688,0.007131518350536,19.3920512158888,91.81559011540146,177.91848846687785,2.026023960865222,1.1115950251777849,176.13059404188868,-20.33,-157.26,-166.63,262.89,2.0477985984954667,1.131024177460411,178.7516066841174,-29.51,-168.18,-175.84,255.49,175.1145325118584,1.9800466484403847,1.2456802559244489,173.44150539405447,-60.73,-211.2,-215.71,244.72,2.0201508384276656,1.146220026870932,176.90922714916564,-33.93,-177.6,-180.32,256.12,176.5133492072878,2.019381657834893,1.1204910396785857,177.07579454195806,-33.83,-166.55,-173.06,238.14,0.9867515219195552,0.0203855904657428,61.90310817533329,4,2.490909083045787,6,4,119.5004047155456,1.8561380929230464,6,4,116.79400590977733,1.819544442985661,6,3,120.63625886412076,1.8235416693895423
JEJDEI_#[2],3566.12,3413.56,3579.72,3705.08,283.57,182.7,235.0,433.01,0.8565688780920109,0.0081983203412384,30.934151741462216,113.48573073934836,174.94007532778954,2.0515249206383044,1.1303080199662396,176.0060167344338,-31.68,-170.75,-176.57,252.27,2.0459012121800986,1.1350625092918896,176.04573668510093,-31.39,-171.58,-177.77,255.18,174.5958397595165,2.055858375472397,1.1279243680318285,173.77476679426698,-32.13,-169.17,-179.2,251.98,2.0380936411264328,1.1332026164812716,177.68962378728452,-29.98,-169.52,-176.99,256.58,174.55460520608827,2.001890241746535,1.134911529591622,178.52762462273745,-34.11,-173.65,-174.25,245.56,1.073707473339351,0.0201629487776904,54.11646742991182,4,2.5525950050879604,15,4,124.95272972848105,2.185711355600278,6,4,114.73147206762953,1.8465603591542843,6,3,111.36826382148725,1.8180385281946032
JEJDEI_#[4],3534.31,3352.31,3567.74,3682.88,285.45,191.26,227.42,437.67,0.8629475917246219,0.0082742569705949,33.37442717701697,119.6336862224282,174.58035173842936,2.0526130151589705,1.13497184546578,177.94856384172442,-31.85,-171.18,-180.07,255.7,2.051854531880856,1.1314191486800982,173.5364339774563,-33.61,-171.07,-182.4,252.63,173.32409020120812,2.0426494094680074,1.134319593412722,175.0934079002584,-31.4,-170.29,-177.17,253.25,2.051405220818158,1.1300892088680436,175.65398286201236,-31.67,-169.43,-177.09,251.52,176.0016256269943,2.0091709459376523,1.1355504876490528,178.46388394627274,-35.88,-173.78,-177.6,243.74,1.0780162218633798,0.0203716993644374,54.59389980931175,4,2.5593071796875018,15,4,124.09931815112454,2.185711355600278,6,4,114.09849975488004,1.8393904126095693,6,3,112.6300500639243,1.8276119008148308
JETLUQ_#[2],3625.91,3485.27,3672.45,3720.03,133.5,-16.14,176.81,239.83,0.7626103476734913,0.0065684224563451,40.4243813600894,152.55596606516875,169.4592018689593,2.025093834862967,1.1462107572344624,174.49115664234694,-37.87,-173.53,-182.36,242.29,2.057530609735856,1.137148622652289,170.98412243446128,-33.09,-169.48,-177.3,247.5,171.2985377322809,2.0578877860563725,1.128190737419874,173.60277476945166,-31.84,-168.29,-175.04,247.82,2.0460232061245054,1.137215691942386,173.69592835897865,-31.5,-169.57,-176.63,251.7,173.27100956602487,2.0085908020301213,1.145945317194497,174.7360876341521,-39.94,-176.69,-181.29,238.15,1.0347990669797662,0.0252979227594609,51.25612624500033,4,2.496591456366059,8,2,111.5693639732648,1.64504250704959,6,4,116.42373670831724,1.8985155516876864,6,4,121.08408928298768,1.876618176401369
JIXSUE_#[8],3557.08,3416.88,3521.18,3733.19,227.84,123.43,254.25,305.85,0.9559638034462712,0.0103544767942418,38.38449942260458,160.2462948760756,169.29853577715068,2.024205999892303,1.143057828808324,173.93061332162577,-35.79,-173.0,-177.38,243.01,2.015140325138674,1.155883017437318,171.35981350055386,-39.35,-174.92,-181.11,237.98,173.4240317602416,2.039547971978106,1.1426455530915962,178.55720489327007,-35.26,-175.33,-181.36,250.9,2.026779733962228,1.1331292688832983,178.91760427024383,-34.69,-172.43,-177.95,246.3,174.93427775939466,1.9715860062396464,1.1411848009853611,179.78964097719643,-40.58,-174.1,-180.35,232.72,1.2477515840033275,0.0230401194332888,39.31730579290914,4,2.589030289509955,78,4,124.79370689384209,2.3250477866056856,6,3,104.74945891426704,1.831130191985267,6,3,112.2431548352538,1.835196300127046
JIXTAL_#[4],3702.37,3571.0,3710.74,3825.37,284.88,170.18,257.86,426.61,0.9206073542269688,0.009723656330215,37.462352646450896,148.57171005435217,170.10766779351192,2.050686882485964,1.1248664542957978,173.0660522226059,-28.09,-163.56,-171.91,251.2,1.9999859874509125,1.1586789115194942,171.8542284662711,-41.52,-177.49,-184.72,237.67,173.94389787313662,2.028815186260197,1.1368413301776112,176.87897669893914,-31.42,-172.88,-176.43,255.05,2.0104858666501486,1.156733547538067,178.67191478905582,-38.53,-179.23,-184.95,248.57,174.57146099214717,1.9675035273157708,1.152974093377645,176.27808971975043,-40.13,-175.97,-180.99,236.56,1.1972355367155345,0.0214001036384721,97.4668566580171,4,2.5638599025687805,78,4,130.0557559267388,2.308730417350628,6,3,117.63284517844846,1.841108046802252,6,4,122.70351906288928,1.8342467364016224
JOJYOX_#[4],3348.89,3102.91,3288.2,3655.55,50.44,-93.3,193.89,50.74,0.716888085139896,0.0058019186440759,20.58288792567108,90.39815399376836,177.3694391298946,2.0540363896484406,1.1282323386607915,175.97091961357995,-29.2,-170.63,-174.33,257.37,2.047142283770232,1.1420394082517469,178.89605912571687,-32.66,-174.42,-176.78,253.23,177.4306794949033,2.0520914234019885,1.127649435773371,179.58484417105447,-29.22,-170.07,-172.16,254.57,2.0756192955356725,1.1150737464401177,179.21402544007336,-23.93,-163.42,-167.32,258.96,174.41694806002255,2.010582186830471,1.144587882165454,179.35028567894065,-43.19,-178.27,-182.13,230.84,0.6699904171076692,0.0086355341272197,23.938520108164155,4,2.4780271669212985,17,1,114.56420961783977,2.0738275603337906,17,1,109.8593604216942,2.0662806343766587,5,4,115.26082581248406,1.9539924718381083
JOJYOX01_#[4],3359.21,3106.13,3305.89,3665.6,51.34,-90.78,191.46,53.35,0.7183463340848171,0.0058055023279537,14.326918128694956,72.66496221093851,177.42209699800208,2.048755207436946,1.140087509799137,179.46053442206417,-31.62,-173.9,-175.49,254.54,2.047035607897429,1.1335047375286953,178.36677446317583,-29.63,-171.87,-172.25,255.24,179.34732040199256,2.0474677848503497,1.130078453028816,179.0640041690892,-29.16,-170.78,-173.79,257.08,2.0406382285941818,1.1432266179546382,178.32322052398175,-34.12,-175.67,-180.25,253.54,176.9703882389129,2.0189033409254646,1.1535400383168328,178.21664036778364,-44.94,-182.85,-184.03,232.04,0.6615832212400994,0.0085479826082861,27.651833336138026,4,2.471567834391765,17,1,113.42638653510345,2.0724800867559616,17,1,112.18354628201092,2.073401760392808,5,4,115.902692356452,1.9456552135463248
JOJYOX01_#[8],3301.04,3016.92,3284.36,3601.85,44.36,-108.16,198.54,42.68,0.7144621644049192,0.0057029518758402,12.513191548036446,71.46456633394126,178.6355109868955,2.06014059228976,1.129957140780128,177.6364921287196,-29.07,-169.95,-173.61,256.34,2.039446819605748,1.139982552498064,179.420486386938,-32.0,-174.63,-175.59,254.22,177.32161612649466,2.0476400220741926,1.1290552643692875,178.88048407798,-31.02,-171.38,-177.26,255.58,2.0565191951450394,1.1359341398162115,178.1361561781629,-31.73,-173.64,-175.24,253.69,176.91683175448105,2.03369316269687,1.1326926414522172,177.99712249801067,-40.75,-174.81,-179.31,231.88,0.6684434143517239,0.0088344642381724,22.69048875282144,4,2.476165257005273,17,1,110.67368890265234,2.0690280568421486,17,1,111.13868771941095,2.08533789348393,5,4,117.14531202487092,1.9372429919862928
JOJYUD_#[4],3250.5,2970.87,3170.5,3610.14,42.16,-69.05,147.91,47.62,0.7286160676498863,0.0059745766116783,21.50361629720329,91.64553268213125,177.10230773533354,2.0482532314145145,1.1436615146099829,176.4159252297956,-34.37,-176.64,-180.37,253.9,2.060853478537472,1.1420237344293689,178.7207950048003,-33.04,-174.7,-176.3,251.87,178.41560332488206,2.048247050528817,1.1314909500300927,179.63227565585814,-30.51,-170.62,-173.41,252.5,2.062602739259308,1.1341124371066555,179.12206223617778,-29.71,-169.98,-174.37,255.22,174.30638200402106,2.011265815351119,1.1401288041269724,179.42309620048383,-42.12,-176.4,-179.65,229.7,0.5512039444566077,0.0068398472765102,22.681338123908706,4,2.483414103608178,35,1,113.75203466962786,2.256999233495661,35,1,109.07003730592729,2.247404843369345,5,4,115.45020272644383,1.9618034305199896
JOQGAX_#[2],3679.51,3521.0,3729.9,3787.64,238.78,200.5,220.48,295.37,0.8559136838509636,0.0083413138047354,18.37914413957843,93.72723746025312,176.519191373985,2.0125139502622096,1.1452935606210308,175.95496033843844,-34.15,-176.8,-183.17,257.52,2.037030237870807,1.1438864541553069,177.1693921284181,-33.27,-173.02,-180.32,253.52,178.64009229734248,2.0182887281060657,1.1383646559868237,178.20551659596052,-30.48,-172.54,-180.0,261.11,2.0183080091997856,1.138914996828121,178.53000925572778,-30.93,-170.79,-176.55,254.54,176.8885464153377,1.990336197731428,1.1397820668882273,177.74423308874182,-35.45,-173.32,-175.62,242.59,1.0580353374748583,0.0233327486059138,53.65852625102137,4,2.528843634944637,6,3,122.61350172013418,1.8321536562199128,6,3,116.11415626372673,1.8189557828600444,6,3,113.93784997044668,1.8193507908042363
JOQKIJ_#[4],3675.67,3592.28,3688.73,3746.0,192.24,199.08,24.96,352.68,0.7044125964487553,0.0056600373724102,21.629846926067927,89.01636437517254,178.88825781668808,2.0386134528154183,1.1440801370533449,178.52318549609262,-32.02,-174.76,-181.3,259.98,2.033280897957781,1.14931893745818,179.65383359310923,-34.86,-178.18,-182.15,255.76,175.6145239681877,2.034527448819504,1.1447979122971883,178.04701246010976,-34.98,-176.66,-182.69,254.41,2.039954004383432,1.1506813372954303,176.17179423303045,-36.13,-179.8,-186.36,257.77,176.6621134690697,2.0027921759383824,1.1491535537081192,178.29796419120888,-40.59,-177.99,-182.79,239.0,0.9526307869117954,0.0202438716579828,101.4731929990527,4,2.4524811538521565,7,3,124.80270244887446,1.7221415418019508,6,3,128.61236205410654,1.872657216363956,6,3,120.24952983751156,1.857383129566972
JOQKOP_#[2],3719.45,3694.45,3713.35,3750.54,340.47,196.52,238.63,586.26,0.7087477953288901,0.0058151499613592,20.398631815654056,82.81808360531382,177.64487062354303,2.034016897668257,1.141636903748298,179.3189929887828,-31.86,-175.19,-176.73,256.34,2.049842320765185,1.1404639494521518,176.79057322014418,-31.89,-174.37,-179.47,258.17,176.84956332411303,2.0407991008426083,1.1401720615766726,177.39611857108855,-32.84,-176.31,-177.03,254.81,2.053530172653911,1.132030825552025,177.1363318384073,-28.94,-171.48,-176.25,260.92,177.61557393825996,1.980200005049995,1.1573939735457413,177.08137004917037,-41.33,-176.15,-180.25,232.41,0.8901056711961346,0.0166489407097797,224.9791218626836,4,2.456926376593324,6,4,144.33668494630646,1.9237511975304915,6,4,135.0052268666302,1.830400956074925,6,4,140.58206300753525,1.8364156337822863
JUXVUV_#[4],3708.02,3646.59,3707.91,3769.56,301.68,234.93,303.94,366.15,0.7934243460595021,0.0071007159349211,13.056085427291748,77.57814340836427,179.31809978721046,2.0500611210400543,1.1329031291332894,179.19853669383795,-31.79,-172.46,-178.86,255.95,2.051218301400413,1.1312131408359796,178.24992098505146,-31.24,-173.16,-176.4,255.82,178.20562616526337,2.041030144314385,1.1401634882770098,177.8777642725873,-32.51,-176.3,-179.59,258.34,2.0465656451724192,1.139465085028936,178.99435166206806,-34.24,-174.64,-181.62,253.55,178.23515094142664,1.9977323294175315,1.1563322619385836,179.32418323904326,-42.6,-180.21,-185.28,237.69,1.2286905495428275,0.0427372048528839,42.82351565969337,4,2.513376115904661,6,4,118.96508333905231,1.8315320745212191,6,4,116.43700237228578,1.831761747608024,1,1,113.09988481299948,1.4194534264990866
JUZMIA_#[4],3645.08,3500.03,3657.32,3777.9,367.29,229.7,288.19,583.97,0.8275573748220213,0.0078538409906595,18.667234598096115,89.93964078978699,175.65774746201842,2.0162933764707964,1.1326520648460403,178.60129357632582,-29.55,-170.68,-172.4,254.44,2.033730466408957,1.1335865251492725,175.40381058918678,-28.76,-170.22,-173.65,257.61,177.87421778714187,2.0388891043899378,1.1323532178609288,178.94387733936478,-29.77,-170.33,-175.16,256.18,2.022029282676192,1.1375879790152497,178.17538120236702,-30.47,-171.83,-175.45,255.88,177.90152150577504,1.9766506089848044,1.1502742890284918,179.59112616235765,-37.72,-175.22,-178.63,240.69,1.0240172831186254,0.0218193922402851,137.59018002834347,4,2.5140529926793507,6,4,135.3366408191797,1.8381101435985827,6,4,138.16929934900074,1.838475308509745,6,3,114.83366288105596,1.8175389596924736
KADBIA_#[2],3651.53,3408.07,3695.52,3851.0,277.02,361.49,383.8,85.76,0.8745815081431665,0.0086461438024582,36.66071567373759,126.423069388671,178.19219109320255,2.0361767973336704,1.1355794644145325,177.58233117546197,-29.69,-170.15,-178.12,259.21,2.032550919411369,1.131194532341807,176.72076064503364,-32.63,-168.23,-176.21,246.56,174.70915062515354,2.0394746897179177,1.1331901605644128,174.1785535153715,-31.72,-168.97,-177.21,251.01,2.035208495461828,1.1291063988836494,176.6955223395882,-28.77,-170.3,-172.85,256.84,173.5548324496643,1.984301980546308,1.1402692182112089,176.78049363799678,-37.1,-174.78,-177.59,241.07,1.7121695522019071,0.0518044287995629,62.18103116323306,4,2.550291481380119,15,3,129.09763938610186,2.254230591576648,7,3,117.1455331844676,1.6705386616298334,1,1,108.82121970662575,1.4218138591250262
KAGTOD_#[4],3528.88,3426.13,3500.83,3659.67,153.14,169.61,240.24,49.57,0.8086824933556587,0.0073852348989107,36.64052547963972,141.2086543359892,169.39999197001805,2.049058139731521,1.1448563272306262,168.24492917781583,-33.88,-169.89,-177.78,246.04,2.037105417007179,1.1379498451162071,173.94501262909912,-33.4,-172.24,-179.17,251.21,178.16875845225755,2.038470976001375,1.157043646540614,177.8792328257496,-38.37,-180.91,-184.32,250.13,2.056523517978824,1.129711697735311,178.5680908318654,-28.55,-170.93,-172.95,258.24,176.12204213301564,1.995392713227148,1.138579088162083,177.8355749538674,-36.71,-173.93,-177.28,241.08,0.8993778687948404,0.0176578287812455,40.80185132907079,4,2.520519648802604,17,1,112.1300931122549,2.072592444259122,6,4,119.86636749970314,1.864321198184476,6,3,115.4663266260841,1.82941302608241
KANMER_#[2],3647.64,3503.53,3704.09,3735.31,272.1,227.3,260.96,328.05,0.8119370931612848,0.007403708956591,18.04834043154688,94.61184872839748,177.45599979598907,2.0387818642512987,1.1486197543138452,178.76807271059818,-34.21,-175.78,-182.97,256.11,2.0394128101000035,1.1460469580257189,177.76789653157562,-35.5,-176.6,-182.61,252.73,174.0512585913651,2.0437110020744127,1.1406882220834915,177.46480740747091,-31.68,-172.43,-179.27,256.67,2.0411967396603408,1.1411561900108156,175.818357361578,-34.09,-174.08,-180.82,252.65,178.21437754804157,2.0064441831259594,1.145229383136846,179.0307735749146,-40.87,-176.41,-181.52,235.31,1.0158978253315232,0.0212371301206263,49.30057166023042,4,2.5210715757391733,6,4,116.43257516176796,1.8505202349609693,6,4,115.52471277252567,1.8500402752372715,6,3,119.29969998280242,1.830858566356233
KANMIV_#[2],3639.51,3539.34,3646.56,3732.64,279.84,237.69,270.31,331.52,0.8182351862683936,0.0075365734688187,13.901898498308723,84.35148701791297,179.03916348565164,2.044038377819751,1.1389286632621027,178.39376295711875,-32.12,-172.54,-179.48,255.64,2.0454410820162967,1.1427796813034434,178.70495765400003,-34.56,-175.82,-181.9,254.04,175.71694565743272,2.043046335744737,1.1462099196918516,178.1206836413223,-34.02,-176.34,-182.19,256.46,2.032383573541177,1.1540574205818357,177.1895955684637,-37.84,-179.55,-186.54,252.58,177.81109862050366,2.000772873166767,1.155762090570546,178.7959165499803,-43.29,-178.53,-185.24,233.9,1.0224054248171786,0.0215066852179814,56.67397665336537,4,2.524077560218782,6,4,118.8538733486608,1.8487515300872648,6,4,117.37155956341653,1.8445705353821515,6,3,118.4852569230763,1.8340997655525724
KEPKAS_#[2],3630.85,3548.87,3620.74,3722.95,299.25,274.96,302.65,320.13,0.8417593049030492,0.007950951446738,23.541100819934115,92.1528291228394,178.39948690600465,2.044611740649066,1.1425209144694022,177.9549791431045,-32.82,-173.85,-180.3,255.68,2.038698773727988,1.146753726830657,178.8489182979273,-37.31,-176.72,-184.58,249.37,178.60821280592754,2.054877242075545,1.1442458564486913,177.85286702906083,-35.36,-175.4,-184.21,253.54,2.031936842030285,1.151032453929948,176.35262641104256,-36.24,-178.96,-181.9,252.15,176.82332475869458,2.002380068818105,1.14562958236945,177.29415230227568,-38.87,-175.48,-178.59,237.47,0.9605817230830428,0.0160673807868908,36.47595340492286,4,2.539556516402028,15,3,113.84554569059613,2.193432948599067,6,4,115.95418748405848,1.8845209630035948,6,4,115.33462835642544,1.887886778914457
KIPVAI_#[4],3664.08,3564.52,3699.13,3728.58,266.12,109.94,217.35,471.06,0.7765277486774185,0.0068550217475618,34.678948140684454,136.15412177382515,171.11877700218497,2.049657898284491,1.1389865012369549,174.15385081029189,-30.88,-169.81,-174.09,251.27,2.022815715778381,1.1447752355812038,175.18576314186367,-34.48,-176.76,-179.55,252.89,174.09516164787885,2.0424212812248115,1.134652215438722,178.83043200624226,-31.58,-174.84,-176.32,256.44,2.04922086657344,1.1361465618484266,177.1471916988312,-33.85,-175.67,-178.34,252.45,176.51790482915413,1.9954097073032384,1.1545622243950304,177.67683563071776,-41.89,-179.52,-181.34,235.2,1.100647837598186,0.0275904109041283,100.20584631449312,4,2.4978217430393235,7,3,121.5743165505562,1.665547024253592,6,4,121.37094324886476,1.80308522815756,6,4,125.21174189631272,1.823537301510446
KIQDIZ_#[2],3716.56,3506.58,3756.68,3886.41,305.58,209.33,626.01,81.41,0.7559450673840153,0.0064828079355302,17.715981331536113,86.40597462705527,178.60754193268318,2.041468505757559,1.1455779196545297,177.87219412469997,-37.77,-176.86,-183.53,247.07,2.0564046051300315,1.134249536036934,178.3790301850774,-26.49,-170.2,-174.7,265.44,177.14171643124283,2.045001608801323,1.1401587959578263,177.73168981542173,-35.74,-175.59,-179.82,248.18,2.046609718534533,1.1404806092170094,177.4585172035424,-34.38,-175.06,-182.95,254.88,174.69659932276093,1.9964795891769087,1.1479606352135945,178.72538368871795,-38.69,-174.04,-179.41,237.38,1.0546483959892217,0.0255074215417459,130.4744674257052,4,2.49075984591048,7,3,118.24667208210067,1.672078099252544,6,4,131.8405991798503,1.881035993807668,6,4,132.71868479285718,1.8098686526927856
KOPSAN_#[2],3757.25,3655.15,3772.66,3843.94,212.87,102.0,215.38,321.24,0.7761374443356459,0.006794036877175,17.773692371267728,84.7782829651427,176.93673326203964,2.050037758188857,1.130954110474869,178.74026236323323,-28.7,-168.71,-177.12,259.72,2.021893946279084,1.1372698580372196,178.9566437462687,-33.15,-174.63,-178.19,253.37,175.50962425137146,2.0524628595908867,1.1346733670973337,177.10372887263458,-32.62,-172.56,-181.07,255.77,2.0311466342930538,1.1350346470482735,176.8439112492606,-33.54,-173.21,-182.6,255.2,178.60116457918826,2.015662662748904,1.134016265315449,179.06633206328567,-34.36,-169.57,-175.67,242.15,0.9633078040362864,0.0192758794497916,92.55990102620414,4,2.499923238821544,6,3,121.59200726133454,1.8073610541339,6,4,120.38363914524244,1.861102648969153,6,4,128.01686631334053,1.9046904052890063
KOPSAN_#[4],3889.91,3794.01,3869.65,4006.08,214.34,222.4,324.0,96.63,0.7700026783979554,0.0067277171678016,22.937442384520185,102.4859131599128,176.23521557111914,2.023704202693665,1.1384903688657182,178.36094793775737,-33.19,-173.19,-182.77,256.38,2.030901619970796,1.1358843867225203,179.32298700441822,-30.76,-173.34,-178.16,259.22,173.99970342213018,2.023357949053998,1.147496984745494,176.55445343749898,-35.05,-175.55,-184.16,254.55,2.0449517280366303,1.13569124325232,176.94486550271117,-31.88,-171.35,-181.49,257.2,177.35434892596425,2.008500619865476,1.1433885166469009,178.61292965776664,-37.15,-174.78,-179.56,242.9,0.9578149388490172,0.019080951285139,92.974033381115,4,2.488284830962886,6,4,123.75345711535122,1.8748054992451872,6,4,124.13883804945792,1.8638491918607585,6,3,122.53087233761562,1.81056992408468
KOPTIW_#[2],3871.79,3755.59,3879.9,3979.89,218.62,119.34,206.24,330.29,0.6914512080986723,0.0054270015685871,19.707767447981663,84.56328662720031,176.83598009197712,2.0447770074020304,1.1281911939028777,178.08473705045557,-30.11,-171.05,-177.05,257.76,2.051001250609077,1.1311878977428993,178.84185670004305,-29.97,-170.28,-179.85,260.23,177.00012661947144,2.0392068654258693,1.142382777356172,178.96853271736575,-33.81,-174.48,-184.51,257.56,2.044550759947036,1.134357130713251,176.88441341572977,-30.42,-172.78,-179.23,260.74,176.40335962883097,2.0089319152226146,1.131123021602866,179.37107181750036,-32.55,-169.06,-172.8,244.22,0.8932260806392087,0.016590784948069,91.65622926585816,4,2.452564284580529,6,4,120.4866363289579,1.8775455919897128,6,4,126.3128094958222,1.8619388120988287,6,3,123.13776859214433,1.8317562883746288
KOPTIW_#[4],3953.39,3893.31,3924.34,4042.52,186.7,180.49,290.88,88.73,0.7701331773706959,0.0067400894977247,24.558801992505536,102.54002425482106,174.538932844101,2.03289166705951,1.140998869412236,177.69987604373077,-33.12,-172.13,-184.53,257.29,2.019379429428755,1.1185003620920284,176.04280474676548,-26.89,-164.26,-172.8,256.38,175.5622024083103,2.040363845004122,1.1156740966787728,177.818563856957,-23.31,-162.16,-171.16,263.38,2.012711727992858,1.1428601182996985,178.6402721658376,-32.25,-171.38,-183.92,258.54,176.69803637600594,2.014645425378868,1.134749241021998,176.91208046810664,-34.55,-173.48,-176.82,246.65,1.0516683948839776,0.0250479538217505,89.9448011339269,4,2.48607832539524,7,3,121.64117942283772,1.6812100106768344,6,4,123.8759809745386,1.846224485267162,6,3,123.61039135746002,1.827463690473767
KOPTOC_#[4],3857.73,3744.87,3891.02,3937.29,180.44,173.8,288.1,79.42,0.7356446562591654,0.0060615708844518,13.825028472507611,70.17025165272281,177.42073053602323,2.0457915314127195,1.1454962330797966,178.00694160015374,-34.35,-175.05,-186.06,258.07,2.052344622620674,1.1323268476901889,179.7863485057842,-32.49,-171.61,-181.07,255.22,177.38060991618477,2.038556256275504,1.132751084748984,178.4810361080152,-30.74,-170.08,-180.2,258.07,2.042305579486088,1.127000399290078,176.629665226749,-27.21,-169.02,-177.38,264.77,179.1070463603221,2.027936848129152,1.1242092242994632,178.06497012985685,-32.0,-170.45,-171.99,246.44,1.0316839051430844,0.0239901615718806,87.89035387532397,4,2.482773761340328,7,3,120.20630240848038,1.6917176655695252,6,4,124.2508493717997,1.86191369832224,6,3,123.80243971681882,1.8313221098430497
KOPTOC_#[8],3839.18,3714.32,3830.45,3972.79,205.41,210.6,327.02,78.62,0.7477229046240637,0.0063266961609315,15.367113795694609,84.20695753790737,175.09029078540897,2.042011253641858,1.1480968251850543,176.0997848044011,-34.2,-176.18,-184.5,258.1,2.038008093703261,1.1368612492296497,176.80153168998015,-32.02,-171.54,-182.75,258.24,178.43165774107197,2.04040493285034,1.136215903778855,177.51606422536057,-31.31,-172.98,-180.38,259.43,2.0441982902839926,1.1387088741201596,178.6146367893841,-29.75,-172.28,-179.75,262.77,179.70887737844,2.0049922169425,1.1375408432227827,179.2163462767423,-35.35,-172.94,-177.18,244.07,0.9282302946734368,0.0177401378535266,93.13446213064296,4,2.482556700258828,6,3,122.54146489832551,1.828629270792744,6,4,124.16026871818706,1.886200638850491,6,4,123.72572518890448,1.876379601786377
KOPVIY_#[2],3834.18,3711.4,3833.98,3957.15,199.79,216.65,328.0,54.73,0.7637630591713263,0.0066636582440298,28.76545391532389,112.98366298207574,174.2940001931662,2.042453132877227,1.1257305450239856,177.02103644559497,-26.72,-168.66,-173.63,262.12,2.0326352181343306,1.1345871892454984,176.45883476806088,-29.91,-172.11,-175.75,258.14,175.61850065633175,2.037682526793612,1.1328637914595028,176.9016075529216,-30.74,-170.48,-179.13,257.39,2.05443702507524,1.1242409038991592,176.9562568802309,-27.86,-166.94,-175.09,258.44,174.1946895533575,1.9880731098226747,1.142599151058673,177.8463371357001,-34.81,-173.89,-174.86,244.34,0.941889059016788,0.0183925388896482,92.69743290342127,4,2.4893140380434127,6,4,122.34288020574787,1.868270505039353,6,4,128.52101006072073,1.9022290871501253,6,3,119.20658471785724,1.813664403907183
KOPVIY_#[4],3882.72,3788.88,3857.94,4001.32,219.14,225.34,336.0,96.08,0.7638441553161766,0.0066142968220177,18.0272785510752,85.8249458795353,176.53575297631863,2.0308957161804235,1.1335469421245865,177.4225420351873,-31.5,-170.98,-181.43,257.93,2.0470529182217048,1.132816229580069,179.18793697905008,-30.5,-170.14,-180.94,259.58,179.47793346781538,2.0457392038087363,1.1313043224526282,178.4404255637928,-27.01,-169.58,-176.15,264.7,2.0194699750181977,1.143302772672226,178.42650013544994,-35.76,-175.64,-184.12,252.49,175.57079686862252,2.00867893900444,1.1379464135010926,178.56667434716292,-35.57,-174.19,-175.1,242.58,0.9603746615952382,0.019129036202247,90.40461079522598,4,2.488673843636405,6,4,122.15363419128307,1.859480642545116,6,3,121.03461386757157,1.8200450818592384,6,4,126.23016147076083,1.8657464833143853
KUGJOM_#[4],3760.17,3638.84,3769.29,3872.4,259.86,224.59,250.91,304.07,0.7957459296020668,0.0071857612152602,17.08830611979141,79.38063205204107,176.09040298974767,2.035320677436359,1.138272348781257,178.5187996721718,-33.85,-175.09,-180.14,253.68,2.0426527923266846,1.1323388980336226,176.40837186685548,-30.16,-170.27,-178.78,258.56,177.72771284805447,2.0370206528162647,1.1384410085726882,177.83089184981267,-33.62,-175.84,-178.9,253.89,2.0467492298764887,1.1354065042970292,177.18523571515945,-29.4,-172.15,-176.58,260.55,177.26003006785746,1.99124638857174,1.1474047803630592,178.99791256132883,-39.14,-175.27,-180.16,238.02,1.0592618271518672,0.02393377955059,49.13233037153769,4,2.5080455059667486,6,3,121.4453595869975,1.8233223412221995,6,3,112.93292625034272,1.7882266439129018,6,3,116.2940898731582,1.7940638784614102
KUHSOW_#[2],3738.74,3653.07,3712.57,3850.59,234.01,151.43,2.07,548.55,0.700201915520454,0.0055309873857117,26.0441792915167,100.49989812879645,176.0495317111312,2.056834560678132,1.127510217248606,177.16996080225783,-28.93,-170.25,-175.61,259.08,2.057571962289532,1.1308046206131286,177.85610009726534,-30.61,-171.45,-177.0,256.62,174.3667824184249,2.056498852418839,1.1357670271671032,174.81258099013994,-29.86,-170.13,-175.69,256.22,2.03186142736162,1.1468018704205185,174.57144109240542,-34.59,-174.65,-183.64,254.51,175.18367352442897,2.019019071232365,1.134139294795837,177.89479035519176,-32.48,-169.49,-176.28,248.34,1.036335113094788,0.0247683296137323,106.2864568262137,4,2.46447832410837,8,2,119.22313646186365,1.670507859903688,6,4,125.36145892476937,1.7989845885943545,6,4,124.51803425389356,1.851272297637492
KUHSUC_#[4],3652.58,3537.33,3678.05,3742.36,261.79,225.28,4.88,555.22,0.7506449194600626,0.0063512487001038,31.35927467008105,118.857421577925,173.19546048052572,2.034668707677002,1.1418038097676848,175.75593686309412,-34.69,-173.61,-179.96,249.48,2.0492828599292974,1.1362723661165046,173.4456707825274,-32.29,-171.24,-178.87,253.24,176.93253886889954,2.042229690803657,1.1446926661772578,175.3094485209453,-34.65,-174.74,-183.6,254.37,2.0522818739149846,1.1414137812379874,178.94347866072542,-32.38,-175.38,-180.67,258.91,173.5036890170133,2.0109453647476347,1.140532989439586,177.79056419580922,-34.09,-170.46,-178.39,246.58,1.0736831379670666,0.0263956643575648,112.44333586139813,4,2.4882686510905536,8,2,120.75964785014708,1.6715955581419817,6,4,119.749619924204,1.8585188941735296,6,4,132.8588661353028,1.787325225022016
KUHTIR_#[2],3740.37,3634.83,3722.67,3863.6,247.63,11.61,176.37,554.91,0.725195127076288,0.0059796781881322,29.680569873499262,123.24634744945442,176.44289480806643,2.029343908754748,1.14501972908767,177.85393165388692,-33.43,-174.51,-182.43,256.65,2.0515623729245966,1.1384443684256154,178.9505652559639,-32.37,-173.65,-180.09,256.61,173.52816613799888,2.0521485740559817,1.140614106523324,173.05291764943533,-33.8,-172.75,-179.9,251.25,2.033142016682554,1.1450306895450442,176.74233453604717,-31.87,-175.38,-180.58,260.36,172.67768914726454,2.005349660283713,1.141932375405829,177.72672229328953,-35.84,-173.63,-178.68,244.8,1.0507984619755235,0.0255521442227741,103.7700520476948,4,2.4694263827860907,8,2,117.49578983475644,1.6661506054375752,6,4,125.2339081431612,1.854743596834883,6,4,125.35879477136984,1.7857880221347664
KUHTIR_#[4],3752.95,3660.14,3767.03,3831.69,240.88,168.93,4.23,549.48,0.7203393874283455,0.0058737805471069,22.10859330615463,102.3689470790724,178.33214793880535,2.041352338524636,1.13480751231211,178.7747057090907,-31.07,-171.51,-179.8,258.09,2.0509771354161903,1.1399489286805788,179.47425401554602,-32.61,-175.08,-180.81,258.07,174.8625532889425,2.0456990858872666,1.13084267252346,173.31845595280387,-29.76,-168.49,-175.45,254.65,2.0309629391005632,1.146193474069714,177.96026063608304,-32.81,-176.43,-181.78,259.78,176.6893069790431,2.0116645769113704,1.1445267886773114,179.07537417005526,-36.02,-174.74,-179.67,246.35,1.047423641607948,0.0253418843242313,102.45946746900104,4,2.4683348476250133,8,2,118.51121807224987,1.6711744044234282,6,4,124.54278816884457,1.857983242658555,6,4,124.64789209186144,1.780999612577161
KUHTUD_#[4],3561.92,3248.92,3609.17,3827.67,236.3,-56.78,231.39,534.29,0.7452439557977595,0.0062770395062921,13.383738893160668,72.24908451199228,178.02687601095528,2.038251164601656,1.1435508996105053,178.06310809033943,-31.93,-174.05,-180.13,258.41,2.0344179536172,1.1466248776299952,177.9074791717216,-33.97,-175.54,-180.6,254.23,179.04120479679958,2.0377208076672324,1.143563985966679,178.16988439417733,-31.96,-173.66,-178.8,256.58,2.044966320016054,1.14174472628517,178.68830812995137,-32.61,-173.81,-180.24,256.22,176.13371569516582,2.010600370536124,1.1530492704130224,178.52221017752996,-41.92,-179.98,-184.64,238.85,1.0879036556509485,0.0270658225961169,110.79342779044366,4,2.4803376967663087,8,2,119.87036014114489,1.6691594321693777,6,4,136.25550774800476,1.7845891543994106,6,4,117.55664236976465,1.811457192428241
KULSUH_#[4],3621.66,3525.32,3613.29,3726.37,283.57,237.24,283.69,329.8,0.8802820012734522,0.0087348887844884,32.45037838146236,113.2843770112864,173.88877287954148,2.01690426396495,1.1457242731128634,173.70485982529368,-35.12,-175.3,-181.9,251.86,2.051421153737087,1.1384114941443633,177.61629464106502,-29.83,-170.36,-175.33,256.21,176.3062058579898,2.014977630148781,1.145018139594303,174.62460640941688,-35.8,-173.78,-181.86,248.24,2.056616391065675,1.134589079799378,176.95018145992546,-31.41,-171.75,-178.61,256.14,177.02846095182534,2.002542276707286,1.1429636608396607,176.68688145426572,-37.01,-174.61,-178.79,242.38,1.1026686548272175,0.0252704830928225,41.39650367591752,4,2.556661543888827,6,3,115.5123107185768,1.8013653294098888,6,4,119.73353443532982,1.814600730188324,6,4,112.80713422920984,1.8486812624138325
KUWKOC_#[6],3534.51,3394.11,3539.78,3669.64,255.65,206.93,247.56,312.46,0.8520901527063329,0.0080886151959409,40.75205601491628,147.41278157069817,172.22569658890546,2.0344870926108127,1.1551631962627624,173.9686499697949,-41.0,-180.08,-190.41,247.49,2.0370291652305816,1.1408318412456764,174.30152089844668,-32.74,-172.07,-179.73,253.58,174.9389498239782,2.0335688972837875,1.1455588548826288,176.91354883003626,-31.92,-171.17,-179.73,255.14,2.031812176358829,1.1614370452159684,173.97541031940835,-38.84,-179.02,-185.31,247.79,170.89530626476963,2.030320666791332,1.1278366105070368,175.56553257822588,-33.38,-170.1,-173.38,243.32,1.0914953146307125,0.0248554603431572,38.091424567328815,4,2.544697691278868,6,4,115.25295802977176,1.8100463971953864,6,3,121.47890221727395,1.8266924344289608,6,3,109.53109239709356,1.8143636129508325
LAFSEQ_#[8],3665.44,3373.5,3718.93,3903.9,357.51,222.38,45.27,804.87,0.7438375675921045,0.0062667060961355,19.97342415416597,87.03331455382285,175.57002659246234,2.0431297242221302,1.1228195313584464,178.82761251043277,-26.96,-168.49,-169.75,257.34,2.040691534749923,1.1384325232529149,177.27963105983198,-30.0,-173.91,-176.46,260.36,178.8373393328311,2.042236433422927,1.1309708307467523,177.44557917057372,-29.01,-170.99,-173.34,257.28,2.028597781720172,1.1358523583635334,177.7564382634268,-30.01,-173.17,-175.11,258.26,175.19308379579326,2.007603040942108,1.153311419348652,179.02583110689133,-42.19,-177.47,-187.04,237.95,1.0394413966833136,0.0357563328429377,21.99734035199685,3,2.478754243566716,8,2,111.40199883115424,1.6421035472831784,6,3,127.65878289134324,1.7562428448252825,0,0,0.0,0.0
LAHCEF_#[2],3619.45,3555.71,3584.01,3718.62,366.43,290.92,296.19,512.18,0.6800466230512279,0.005244111229806,15.63865015601246,68.97096387784939,175.72711639765643,2.0557675890041653,1.138395735234457,177.11216830526888,-30.24,-172.87,-177.35,259.49,2.0339352029993485,1.1504645192269074,177.34915932293762,-34.83,-179.24,-182.35,257.11,177.27283689998458,2.030260261641349,1.1479501121564477,177.59106388477156,-34.49,-177.69,-180.56,254.79,2.0588839816755096,1.133443536308713,179.0839692018217,-27.94,-170.91,-173.18,260.25,178.25650864313394,2.021341359097963,1.1382003733965298,179.79050077062735,-38.19,-173.55,-179.04,238.02,1.0013556049824195,0.0220356814985987,78.33370069406966,4,2.448065652714404,6,3,121.77299862745495,1.7835695613011566,6,3,120.62899342063318,1.776358710959023,6,3,121.84215164622576,1.781557475918193
LAHCEF_#[4],3643.06,3564.93,3588.11,3776.15,367.19,292.0,298.58,511.0,0.7024016314233577,0.0056166452488026,10.714024219953544,63.68571187851457,177.64099566781277,2.0534813707457884,1.1383180091696694,179.0921963119345,-29.32,-171.92,-175.37,259.32,2.0119510878746527,1.148486134004238,179.35748795117394,-32.84,-176.74,-179.33,257.56,179.08005547792334,2.044575374008012,1.1306145320134533,179.39274966630285,-28.89,-170.62,-174.23,258.18,2.0469034393444163,1.1294394804503685,179.68316386703523,-27.02,-169.84,-171.45,260.24,177.46041783693394,2.0187953066123376,1.1391345969638524,178.65796923141173,-37.55,-174.43,-177.93,239.71,1.0097151397936155,0.0223042458600802,78.67477432244222,4,2.456582294571057,6,3,123.09137061567712,1.785318178924978,6,3,120.626638229814,1.7832422325640458,6,3,120.66389083951614,1.781756192636915
LAPQAU_#[4],3460.18,3299.06,3402.34,3679.13,-85.28,-154.5,-257.66,156.33,0.7776005011959837,0.006854672635715,23.16332696212322,85.8105199903061,174.71629586654777,2.0430054968110096,1.136781720472316,176.59716847838584,-34.15,-176.14,-178.72,252.41,2.047426931541148,1.1354392409988303,177.31339505985488,-33.81,-174.47,-179.56,252.59,178.5596819055897,2.0340774665680743,1.1381837022203414,178.9476514614878,-31.48,-169.15,-175.11,249.82,2.0499482164191365,1.1369343824513356,178.13333088822984,-33.08,-170.44,-174.91,246.11,176.8013375108447,1.995378996581853,1.1478085423972066,177.82589009314606,-45.54,-175.82,-177.37,216.58,0.2875546063434657,0.0018807566952873,94.55733591271144,3,2.500527722301834,74,5,134.17966965139172,2.297723268803274,74,5,147.81027443292984,2.2720002662851955,0,0,0.0,0.0
LATBAJ_#[2],3577.74,3307.5,3666.43,3759.29,220.66,145.2,216.42,300.38,0.9112895292308388,0.0094548204995385,33.735856554722645,122.27973057775372,174.9241973012057,2.0249241442582484,1.1427659821678275,177.7627396456971,-34.16,-174.67,-178.85,251.04,2.007030789499753,1.1521010155363984,174.79151884650847,-36.91,-176.11,-185.25,250.62,175.5343202410354,2.003473368927074,1.1684305199711282,176.79723676790914,-40.85,-185.05,-189.8,252.29,2.001000732133799,1.1567210294621608,175.46365581837975,-36.36,-177.16,-183.22,251.3,175.75563045501372,1.9962545353736825,1.1417115616476874,178.73594183124337,-38.72,-177.2,-179.59,240.62,1.0615162669582996,0.0230240751372864,32.684822497744875,4,2.553310431577015,6,3,112.21071861679869,1.873105659059306,6,3,119.24321933297249,1.8329580982662967,6,3,112.65562087436729,1.830835003488844
LATBAJ10_#[2],3577.83,3307.36,3666.62,3759.51,220.65,145.19,216.39,300.36,0.91123003809264,0.0094532881567542,33.75373770916265,122.29828478679332,174.92283393438422,2.024827118546174,1.1427367019571923,177.76089159465295,-34.16,-174.67,-178.85,251.03,2.0069395132888284,1.152124233752594,174.788607191071,-36.91,-176.11,-185.24,250.61,175.53205485056654,2.0036748912934947,1.1683029316063545,176.8020897523646,-40.88,-185.08,-189.82,252.27,2.0009509089430457,1.1567210294621608,175.4644605804924,-36.39,-177.19,-183.25,251.27,175.75577321151405,1.99635452512824,1.1416880221846943,178.74159517784062,-38.75,-177.23,-179.62,240.6,1.0614936884578383,0.0230232826657391,32.69038947112608,4,2.55328741429554,6,3,112.21079077970116,1.8730839543384057,6,3,119.25275179763229,1.83290241147749,6,3,112.64865810933657,1.830888500155048
LAZKAZ_#[4],3700.38,3639.8,3682.64,3778.71,418.13,220.65,285.12,748.63,0.7863413950623517,0.0069913043537921,14.872189116085847,83.89222673665537,178.17523164371713,2.042025014538265,1.1349156356311243,177.26585334609757,-30.68,-172.68,-176.87,257.51,2.0642169992517743,1.130268521193084,178.43910895121002,-29.57,-169.98,-176.56,257.84,177.37207718809074,2.04276983040185,1.140686052338679,177.46880776640327,-31.94,-174.45,-180.19,258.83,2.0489842093095785,1.1377640396848552,177.5969326358439,-33.18,-174.75,-181.02,256.23,176.57282219640078,1.9962770273686967,1.1473722238227662,177.45384227862772,-37.28,-174.4,-179.24,241.81,1.031232942237934,0.0223353889926541,115.15862311089025,4,2.5106594532114443,6,3,122.76864568835776,1.8237855712775024,6,4,124.20141847182823,1.8464846411492308,6,4,127.67190619595532,1.7992422627317315
LAZKAZ_#[8],3717.22,3633.46,3727.56,3790.63,419.56,219.38,283.09,756.2,0.767913348537121,0.0066922737299413,14.376873384719488,81.51909022756831,177.61638610406527,2.060252979611971,1.1315879727179845,177.60092988382007,-30.22,-170.7,-177.04,257.09,2.049547701323391,1.1326145063524495,177.31157715409233,-30.01,-171.92,-176.4,258.28,177.77617296168322,2.035711733030981,1.1420439089632235,178.3147294140583,-33.98,-176.37,-181.86,256.3,2.045610199915908,1.140531192032905,177.59102635486238,-32.07,-175.24,-178.87,257.9,177.42333058537517,1.994964561088744,1.1440396146987195,177.5516714769025,-36.04,-172.41,-178.94,243.22,1.010215998753549,0.0214735659937633,112.9819880250513,4,2.497965444116472,6,4,127.23199674986604,1.8023110719295927,6,4,123.84378557647486,1.8458455189966456,6,3,122.58588293430844,1.8253077439160768
LAZKED_#[4],3707.85,3592.41,3698.76,3832.38,416.78,222.19,281.76,746.38,0.7833725963664318,0.0069002729985564,18.554254654056308,86.23270314153413,177.05015735331642,2.0312235745973406,1.1407592471683063,178.57459812390957,-31.88,-172.6,-179.97,256.93,2.0496144247150485,1.1354064558562271,178.03119528585407,-32.7,-172.83,-182.33,257.08,178.64657254888425,2.05192304923942,1.1351582885219131,177.74425329258813,-32.01,-172.86,-176.79,253.64,2.03509970271729,1.1385344658814682,179.39555633014268,-30.67,-173.09,-177.71,258.78,174.5131122144245,2.012757521411856,1.142732365867004,178.56297085132292,-35.63,-172.58,-178.43,244.12,1.0313966713534646,0.0224149844160068,108.43374577692528,4,2.5061472123560504,6,4,123.02389939293217,1.8008517318202522,6,4,118.8835457099928,1.8363334147153123,6,3,127.56504829470852,1.8184631478256577
LAZKIH_#[2],3719.44,3660.58,3692.51,3805.23,419.5,217.7,284.34,756.46,0.7836046538833392,0.0070188830784671,25.86317227162452,113.09104221925897,173.7931010249486,2.0473026644831984,1.1367096990876784,174.64475646574022,-30.3,-170.71,-178.74,258.55,2.023537901794774,1.1473560737626305,174.71059702931126,-36.58,-176.42,-183.48,250.16,178.457158037462,2.040983966130061,1.1370190191900935,175.98418146061653,-30.88,-172.72,-176.06,256.12,2.0399372490348817,1.1416374643467169,178.14019569260518,-32.42,-173.14,-178.74,254.62,175.74880943688217,1.9852490674975776,1.14317481165393,175.76140355285844,-34.81,-171.55,-176.49,243.63,1.0056902998577772,0.0213126583776667,112.68385680371952,4,2.497564962118102,6,4,123.33107979707084,1.7961142753176915,6,4,124.75417184946096,1.860292917795475,6,3,124.70935433885674,1.8249070935255856
LAZKIH_#[4],3732.9,3689.23,3730.6,3778.85,424.97,223.45,292.41,759.04,0.7774441475560241,0.0068935986502532,20.34297627310165,94.40516244783063,174.323857551976,2.0230802406231936,1.150960755195415,174.23884398286373,-36.18,-177.37,-182.32,251.15,2.062981345044109,1.1273449782564349,177.03227715958403,-27.2,-167.35,-174.58,260.33,178.62458110000762,2.0356480270420034,1.1511247282549355,179.52233461208522,-35.59,-177.41,-183.23,253.86,2.035601842207852,1.1339557707424042,175.37876204744012,-30.19,-172.91,-176.12,258.45,178.02301281641203,1.994207240985751,1.1436772752835471,177.73654893753863,-34.6,-170.88,-177.22,244.3,1.019467132916827,0.0220496056142562,112.43654852844634,4,2.4967702277141965,6,3,125.39400369804471,1.808423296686923,6,4,123.85978172507085,1.8504919913363589,6,4,123.2214510846258,1.7924611292856536
LAZKON_#[2],3713.55,3569.0,3741.63,3830.01,411.33,231.29,272.5,730.2,0.7473407655299067,0.0063523688209381,21.25266931098089,87.50571745835268,175.65999893973597,2.048442378979696,1.1409343670869068,178.62577434806155,-33.52,-175.55,-180.9,255.89,2.0519165821251124,1.1314899822800024,177.27109796134454,-29.92,-172.03,-175.28,257.56,178.12653160513256,2.041605990390898,1.144120212215482,178.1285647114589,-31.94,-175.54,-179.41,259.13,2.0290707060129765,1.1445985759208337,178.3723592621539,-35.34,-177.27,-182.37,253.62,175.88465416317692,1.9980895150117768,1.149071942917414,176.8732027508343,-37.46,-174.33,-180.89,242.85,0.9957807112345876,0.021062043847164,113.3567484497513,4,2.4822294938220355,6,4,125.72426922834022,1.7921546975638012,6,4,122.81408535679444,1.8409214784992864,6,3,124.72201539233292,1.8220508829338435
LAZKON_#[4],3686.85,3497.67,3721.53,3841.36,404.7,216.8,273.9,723.4,0.7285145934744901,0.0060391778498459,14.33849772418975,75.24533702984218,178.65794665259187,2.04216981908949,1.1386382129544046,178.57745979128046,-32.21,-174.17,-178.77,256.31,2.055765991060266,1.1253224293508068,179.06911900305266,-27.24,-168.88,-173.02,260.19,178.792210691915,2.0208291417138664,1.1430292472198598,179.53331500147783,-33.65,-176.26,-179.56,254.87,2.056576086606085,1.1289837332751964,178.18536863604692,-29.07,-170.71,-174.33,257.83,177.11981675612353,2.00615859293327,1.1331572662256555,179.34429095067054,-32.66,-168.38,-174.6,245.0,0.9847320710273824,0.020686997424878,113.6691264137803,4,2.47340868236529,6,4,122.63245189868844,1.7930802714881449,6,3,123.75104197860016,1.81064735937178,6,4,126.8237809148188,1.847034274181181
LAZKUT_#[2],3698.35,3611.61,3708.11,3775.32,399.34,206.73,268.91,722.38,0.7907750626326875,0.0070264601241128,14.648557890922916,81.55359079937854,177.58478852900828,2.0387588503793186,1.1422897924782482,177.77711437360767,-33.1,-175.85,-180.28,256.85,2.049293080552414,1.1412032860099897,176.5675227907319,-33.44,-175.38,-179.83,254.88,176.7259031707639,2.0401248344157774,1.1408961959792838,176.81588316359324,-33.94,-177.1,-179.91,255.2,2.0518481157239674,1.1395510387867676,176.34227254674403,-31.98,-173.46,-180.76,258.29,177.32251313467552,2.007323095567826,1.141014062139464,178.6467781475816,-34.45,-170.32,-177.9,244.88,1.0352948253333911,0.0224634154379364,116.64486629185228,4,2.511934632907473,6,3,122.31645745352694,1.8286881937607613,6,4,126.22234533088644,1.815673797795189,6,4,126.8950852273338,1.8208522564996872
LAZLEE_#[4],3723.85,3608.02,3724.49,3839.05,383.4,181.41,273.11,695.67,0.7504548298544815,0.0063476991721916,22.02549112001286,91.9708346653047,176.57655653178065,2.039535253433978,1.1403456405844676,178.40952153351537,-32.7,-173.38,-180.25,255.51,2.0461314669395025,1.1394334995953035,176.99051876517316,-34.04,-175.33,-182.93,256.13,175.48457639125664,2.050882039513731,1.137978637760832,178.1636482411011,-33.58,-174.84,-180.53,254.64,2.037052267370673,1.1433970657649948,179.1148554544238,-37.42,-177.88,-185.04,250.65,178.6527424845796,2.0114014566963005,1.1404574564620988,178.62657530713582,-36.49,-173.73,-177.55,241.82,1.0006857030972645,0.0211373736650739,114.7438966062392,4,2.4872733947035264,6,4,124.52328737418875,1.8199054645777617,6,4,124.36397706159376,1.821177706869925,6,3,124.64630573100352,1.819365606468364
LAZSEL_#[4],3555.71,3401.31,3555.92,3709.89,280.72,214.4,281.03,346.74,0.7792602772900121,0.0068087897401265,16.81403651467545,81.80077023232337,177.64199960350055,2.0486071560941106,1.1428999518768042,177.1678699179322,-33.58,-175.31,-179.43,253.99,2.043998720645392,1.1379098953783635,177.0791087186907,-29.79,-169.71,-174.2,254.55,177.8558903213026,2.048217774066029,1.1438244707996064,179.68448784766014,-33.9,-175.89,-182.47,256.66,2.034735348884469,1.1421668091833173,177.71650496005276,-32.87,-174.76,-180.01,256.17,176.62526106497302,2.015542371174569,1.1445178591878749,178.18439431646473,-39.9,-178.04,-179.63,237.97,0.985607363088792,0.0200272188620882,36.47816917980742,4,2.505776440546921,6,4,114.64436434564944,1.825638611554872,6,4,117.13041049954856,1.8597152201345228,6,4,113.93715061162492,1.8607607637737849
LAZSEL_#[8],3559.91,3418.36,3558.51,3702.86,282.16,218.58,283.76,344.14,0.7774499514023927,0.0068122970315612,14.55375008008943,77.36002824185312,178.1568636136909,2.061578827015838,1.1347800183295436,176.4191900211166,-27.58,-167.93,-173.51,258.69,2.0385369753821,1.1446429749052758,178.0201638755738,-35.34,-177.33,-180.13,251.45,178.39701883631247,2.0262237684915254,1.1467854071272447,178.39748028526483,-34.21,-178.01,-179.75,255.15,2.0550154281659303,1.1369712661276885,179.6479604643903,-32.07,-172.78,-180.29,256.85,176.08941486007907,2.010921288862397,1.1363388975125353,179.03256801153452,-36.6,-173.22,-177.29,240.7,0.9865364652376842,0.0201025643853003,37.64406030537161,4,2.5049252284249928,6,4,117.96187674355431,1.85427478546196,6,4,114.99473858191762,1.8650318817650275,6,4,113.36907575648236,1.8223960875726224
LAZSUB_#[2],3549.29,3335.46,3554.42,3757.99,379.27,185.88,268.75,683.18,0.7156313952741007,0.0057913215790316,22.042342365038834,79.57847629387894,173.99464702451968,2.0467811827354674,1.1353638095341951,176.89765517099565,-29.43,-168.89,-176.08,256.69,2.043737485588597,1.1325656272375573,176.20833863023617,-30.48,-170.38,-176.26,255.21,177.151385125846,2.0263591044037583,1.1432928102634072,177.22085642776605,-34.26,-175.36,-178.33,250.91,2.059263487269174,1.1316115278663434,177.87184858808791,-27.43,-168.97,-172.59,259.29,177.5419830027285,2.0176363349226243,1.1401435742922903,179.1250235813359,-37.96,-173.11,-180.1,239.32,0.9513690064341198,0.0191046515535797,101.9732947223904,4,2.468134356148384,6,4,124.28494299660063,1.8393079214748127,6,4,124.59989851663492,1.8596903290601905,6,3,119.17485844893235,1.8026668050419088
LAZSUB_#[4],3488.66,3326.32,3447.3,3692.36,273.55,230.37,247.64,342.66,0.7672154029296161,0.0066255820575644,13.016694997830442,74.18072149214328,178.05878049836554,2.042641596071128,1.1412215779593375,179.41483083965196,-32.17,-176.07,-177.24,256.81,2.0399065566834174,1.1369207712061562,177.9163396386057,-30.22,-173.07,-174.34,256.76,176.88215879591488,2.037408091178593,1.139696718429951,178.4386956577053,-33.77,-175.14,-178.03,251.85,2.047382470375285,1.1403486396712184,178.19910428571558,-33.28,-175.87,-178.86,254.88,177.27696354283924,2.0111646252855584,1.143695540779975,178.2849597695549,-39.64,-176.43,-177.62,235.14,1.02360434727171,0.0222058604426446,29.64863470322058,4,2.496029909676565,6,4,114.12708549177025,1.8135592022318976,6,3,113.42460338801986,1.7985482951536227,6,3,115.10704305031854,1.8287735371007527
LEJSIE_#[4],3650.45,3568.96,3636.37,3746.02,34.52,-122.8,0.71,225.64,0.7574646992210563,0.0064960838661358,29.53706684562097,105.77883333044136,176.87336281610587,2.0460843017823094,1.1395261559086742,174.80289372791248,-31.76,-172.06,-178.06,254.86,2.0517551583948808,1.1414552378433418,178.3363683967145,-32.72,-175.29,-178.77,255.9,176.49477182741134,2.0379022425033053,1.147666179688153,176.03844802697796,-34.62,-175.14,-182.49,253.77,2.0170379173431523,1.1597161118135764,176.8616552184642,-37.31,-181.66,-185.5,255.24,174.09824860858885,2.012736828301206,1.1553461386095512,178.22237377432955,-43.22,-179.8,-185.48,235.61,0.9696150845355282,0.0314221559995003,31.47234664705435,3,2.487582109197604,6,4,123.95336349789268,1.8734089809755905,6,3,121.48097725076776,1.6473326106163253,0,0,0.0,0.0
LEKDUB_#[8],3591.85,3486.09,3577.09,3712.38,315.36,153.86,352.81,439.41,0.733791807611428,0.0061372026991265,16.224278871213784,83.79398655779602,177.52263249517227,2.04313362754373,1.134615300443282,176.39698043726608,-29.29,-171.18,-173.71,257.03,2.0427792269356964,1.1296735192080938,177.8847490244865,-26.83,-166.97,-171.22,257.71,176.8596040342714,2.064777716849928,1.1306215856775428,175.46749155052797,-27.91,-168.29,-173.18,257.75,2.035956234794845,1.1355385814669636,178.16319997003234,-30.82,-171.71,-178.41,257.67,176.32819221677067,1.9971899008356724,1.1412769909185052,179.69005620831214,-36.5,-169.35,-178.08,237.91,1.0485863450479875,0.0170210115087605,211.4653360537197,4,2.4770424259588304,74,8,141.66047173577095,2.5314627392083007,15,4,146.13053012181044,2.161476708178923,6,4,128.9852475509999,1.7984421119402203
LEKDUB_#[16],3548.88,3443.29,3528.07,3675.29,301.17,147.08,338.53,417.9,0.7199878812719906,0.0058822387520047,19.16202816425249,81.9281043604725,176.75468230824094,2.056187416068876,1.13895286557434,178.67458693858794,-30.25,-174.55,-176.42,260.22,2.0518565714981154,1.1476894614833753,178.17744153825504,-35.46,-176.04,-181.31,250.97,176.36746430412057,2.032013371019,1.1445830856691874,177.34648493144624,-32.64,-174.07,-179.7,255.86,2.055027002255688,1.137216157992842,175.95920849567918,-29.17,-170.67,-173.04,256.21,176.57453673522377,2.005017306658472,1.147372080015897,179.3865007516922,-38.84,-172.06,-178.49,234.04,1.0030874547727489,0.015513765597388,210.09951268935345,4,2.4720130622632244,74,8,145.13934506216987,2.510027991875788,15,4,141.6578114017856,2.161476708178923,6,4,130.28001668244394,1.81747689118734
LEKFAJ_#[4],3641.35,3622.01,3633.09,3669.01,262.51,281.06,427.27,79.27,0.6489692003204097,0.0047184959539659,22.712448767409995,94.99808552560287,177.34825699430246,2.059950312507562,1.1332178298985598,174.9061346220059,-28.5,-170.48,-173.53,258.5,2.047513465157188,1.1335583487408138,176.50374461892247,-29.11,-169.28,-173.95,255.9,174.94534343293307,2.0393250206869915,1.1497340431595493,178.05434161164817,-35.53,-178.0,-181.24,252.66,2.046304056097236,1.1430558385310836,177.12033642949748,-31.65,-176.36,-177.82,259.22,173.79876410388997,2.05688764155945,1.0764804968042865,177.04946644057063,-16.63,-146.87,-152.21,249.2,1.368703097041727,0.0260503416135666,201.44325255271903,4,2.4393776193939307,74,8,141.92899756237733,2.4940718073062773,6,4,136.05277055583886,1.7982128711584722,6,4,135.250735272927,1.7665334585000083
LEKFAJ_#[8],3728.23,3685.54,3725.2,3774.0,277.35,302.95,434.22,94.91,0.7176590349581569,0.0061372975339346,23.41554701353799,89.25353219758884,177.65928602331783,2.024905474337011,1.1559158533388152,177.2934250393785,-35.05,-179.71,-182.19,256.74,2.0537830727708326,1.144543301933134,176.78822257030507,-32.36,-172.82,-179.69,255.42,176.86953133306798,2.01737948338928,1.171658286361685,177.81704629714994,-38.99,-183.78,-188.22,255.03,1.9661778352936448,1.246186699495706,176.08560395323263,-59.64,-213.96,-216.23,251.28,175.9689363812682,1.9819174831460569,1.129507857431722,178.05463418672414,-32.05,-163.76,-172.06,239.67,1.369695282567206,0.0261469706167326,201.7209469421269,4,2.4394280907622594,74,8,142.9772294653549,2.4931008924630387,6,4,135.67756689827183,1.806988325916912,6,4,134.96190108264923,1.7558453747411804
LEKFAJ_#[16],3628.57,3553.38,3641.6,3690.77,272.71,280.31,452.66,85.19,0.6475658955693544,0.0048008036864466,25.610391511101994,84.29978918348536,175.5271304383246,2.0883114542615515,1.1145541260970695,176.59099494568278,-22.95,-163.97,-168.29,263.39,2.0522171473798783,1.1469953443671843,174.28388652544746,-33.0,-175.47,-180.63,257.11,176.69272249971846,2.094549378744747,1.1023228746605958,173.01651133776886,-18.2,-158.35,-159.6,263.34,2.039391186114129,1.1333052236710108,176.23507872905938,-30.53,-170.64,-174.07,253.14,178.91411447717888,2.0197096375469417,1.1191021133033403,176.59471051612303,-30.61,-162.34,-171.01,241.51,1.3633766731378385,0.0256602843781516,202.97869013208032,4,2.447375298151063,74,8,137.91388130368642,2.495519907754695,6,4,139.19642131535346,1.7960253171934952,6,4,135.50025391163553,1.783493215574424
LEKFAJ_#[20],3697.22,3638.2,3676.58,3777.97,290.38,112.42,298.87,459.98,0.6942792208121813,0.0054528023652671,16.28914694983139,70.31200333674919,176.46552402915697,2.041176469588065,1.1307593643211622,175.0562382327835,-26.92,-167.65,-174.45,260.31,2.029372811979112,1.1505958717116975,175.3240974304962,-33.25,-177.63,-179.96,257.91,178.45222315528224,2.0334799458071866,1.1552182218091942,177.2262315070126,-35.66,-180.17,-183.06,256.19,2.0558260480887003,1.118378495859073,177.30626380257138,-25.32,-164.73,-167.77,256.54,177.47746525292703,2.02562215627693,1.1186668896503558,178.79779653392944,-29.89,-162.84,-167.76,240.93,1.4473039074117888,0.0295578531952917,195.7456460392068,4,2.453663018835308,74,8,137.7631825123463,2.480895324273074,6,4,131.57433681064964,1.7377535325816509,6,4,140.36122482994946,1.7495009031149422
LESNON_#[2],3565.39,3475.5,3547.55,3673.12,12.68,-285.86,144.1,179.8,0.728182585069705,0.0059900568750748,21.602290865541875,92.0587790330282,177.29983808075562,2.048209239799489,1.127070268439374,178.014212391585,-27.9,-165.76,-173.31,255.36,2.05243962395974,1.1165557039395757,177.5051102174044,-24.8,-164.6,-169.62,259.83,175.9069126280865,2.0312445913774138,1.1476848609265538,177.4296594938583,-34.67,-175.75,-182.31,254.05,2.033224436701468,1.144595557391343,178.0107601704581,-33.58,-175.75,-182.28,257.31,176.07882208536589,2.016851142251207,1.1275684014728342,178.84126060235474,-36.0,-170.97,-175.14,238.09,0.8857593971375999,0.0160540069178633,64.13395782129285,4,2.473303357859686,6,3,112.21396475942532,1.8366834811692525,6,4,123.41605377147812,1.902292942740419,6,4,122.55846266232874,1.9094148553941863
LESNUT_#[8],3615.47,3506.16,3577.2,3763.04,44.38,-172.06,150.8,154.42,0.7346782754989167,0.0061126351342313,17.86968826662364,81.54825668851403,176.61630983812023,2.0351170826269427,1.1387169182900552,178.5959898892217,-32.56,-173.47,-176.16,251.94,2.0452666280952223,1.1307331515437231,179.3351196827076,-29.64,-170.15,-175.47,256.72,177.6371310279959,2.047514131819363,1.1355561236680467,176.99198409541933,-32.13,-170.55,-180.43,254.59,2.031018961014397,1.1479300544893838,178.2203803990457,-34.77,-175.6,-182.95,254.24,176.46918376143284,2.0095169494184413,1.1399936227891805,179.30713753391225,-39.86,-177.31,-178.88,236.61,0.9326722348222588,0.0181166985110357,67.54758008953715,4,2.474493715894224,6,4,122.89755731293904,1.8666745752808656,6,4,124.67698405941428,1.877235272947959,6,3,112.17338792252202,1.8142268298093265
LESPEF_#[4],3603.17,3421.59,3603.9,3784.0,289.42,228.23,253.46,386.57,0.8005100307673332,0.0072359411979628,23.07341777027601,102.91111745326548,177.2650672769412,2.039465643250702,1.1304801546245735,179.31811467049928,-30.92,-171.7,-177.03,255.96,2.035214182831871,1.137125314114499,178.29283476449135,-30.32,-172.15,-175.88,257.06,175.12745885723854,2.046170349702097,1.1309073746333065,177.46296574656233,-28.7,-170.63,-174.7,259.24,2.0451121460692567,1.1312697512087906,176.07830194039025,-30.69,-169.97,-176.45,254.35,175.19640546284748,1.9982302670112868,1.1444594575606422,178.97188146719608,-39.87,-177.4,-180.33,238.12,1.0456588432878795,0.0231043883572538,47.95842917134772,4,2.513144536233442,6,3,120.0961613933941,1.8083928389595,6,3,116.00710083573232,1.7920810723848402,6,3,114.8940462521689,1.847642010780227
LIHFAJ_#[4],3503.03,3166.61,3488.8,3853.66,255.29,204.33,216.47,345.06,1.0203334658999454,0.0085926142460016,44.83919244813892,137.80332645634448,179.72803399438476,1.9810886754509505,1.155530860686983,165.7032730966969,-33.13,-177.78,-181.27,259.65,2.0276567239057006,1.1475117777173358,171.01302804639118,-34.85,-175.41,-181.28,252.14,178.79314733212547,2.003411872281883,1.168502023960592,176.27281179751492,-36.91,-181.56,-186.24,257.06,2.0042084871589583,1.126440331309209,175.5730449350542,-27.27,-166.61,-172.54,257.35,175.4808779547516,2.248922606494052,1.001808035503808,174.92003825402276,3.02,-127.32,-129.56,265.95,1.2645128068452978,0.044547215490371,45.34282586092532,4,2.5245103723296527,6,3,114.9760843965938,1.8385694656444167,6,3,120.90509541447308,1.787392259690077,1,1,113.60935952471957,1.4185437779638674
LIHFAJ01_#[4],3778.55,3635.19,3798.49,3901.97,272.45,227.35,246.32,343.68,0.8397191761888174,0.0082260210993572,13.824170918321528,78.64370786885274,179.79654438175993,1.985305087385816,1.1814580017927,177.4118647542864,-44.02,-188.92,-195.85,252.7,1.9958306491283264,1.1699867947972755,178.28536100319454,-38.17,-185.57,-188.95,260.0,179.04654264267631,2.0335201252999693,1.1431754021146538,178.72266529890047,-33.58,-175.51,-181.01,255.79,2.0360735595748984,1.1386605376493912,178.69433663238115,-30.5,-172.3,-177.34,258.16,176.0290681958282,1.968254549086576,1.1690861815965494,179.4818458828667,-44.53,-183.96,-187.71,238.07,1.2364440496659077,0.0430747094520318,48.22130736070923,4,2.5076282998084074,6,3,121.25971442799629,1.817375390501368,6,3,115.43049812484544,1.814468156237523,1,1,114.19335190913505,1.4181532533545165
LIKZIR_#[4],3475.93,3336.69,3451.16,3639.93,236.51,194.11,211.86,303.55,0.8508321179803777,0.0081093601802221,28.87716159708178,115.14731152446709,174.75894265790126,2.039930775786277,1.1444349610178803,176.7266666615087,-33.74,-174.65,-178.41,251.85,2.040708538718844,1.137578261044048,176.75905941601323,-32.17,-172.12,-178.94,254.54,173.83438453276247,2.051224370955064,1.1387595224629297,177.02006465507057,-29.89,-171.19,-176.19,257.7,2.049784191079637,1.145530169834039,172.90556036403325,-37.5,-178.23,-183.14,248.88,177.89803605709807,1.9996292381339105,1.143681677740795,177.40843746596988,-40.17,-177.26,-179.19,235.95,1.0545707560048052,0.0228203460317134,30.748382789710973,4,2.546754693722974,6,4,114.3606783559862,1.875971260440844,6,3,107.87917150536076,1.828270343794921,6,3,119.34999081919123,1.826880964923548
LOFLOI_#[4],3577.64,3375.97,3564.41,3792.54,365.87,181.13,275.62,640.87,0.7648634375227652,0.0065834383533709,17.209060370679126,79.21635907270017,178.56427244166662,2.041356989847684,1.1370746413494586,177.15457623721375,-30.82,-171.93,-176.62,256.09,2.047859045442337,1.1367182016665347,177.3009148340022,-30.17,-170.51,-177.22,257.21,178.04784385276648,2.051147261900032,1.1398995920694066,177.11074671250637,-32.75,-172.96,-179.38,254.09,2.0455626634253963,1.139212943220011,178.21761644217443,-32.97,-173.59,-180.18,254.87,178.47166067122004,2.00799658864252,1.1443596287880835,178.19586854038056,-36.76,-174.92,-177.8,242.43,1.1102855722002656,0.0199071857872477,94.85775010078072,4,2.497702572365253,15,3,123.7177880222066,2.2260642510942943,6,4,119.77238574660387,1.8274584126595057,6,3,123.4139169844322,1.7860228385997758
LOFLUO_#[2],3611.01,3419.29,3611.04,3802.7,365.68,202.4,243.11,651.52,0.7820218660628901,0.0068964819255236,26.966761555174514,103.3644919016172,174.14953814032734,2.042120569408183,1.139368180177064,177.0827575380782,-33.79,-174.81,-179.61,253.04,2.0458830905015075,1.1349073838864572,175.86710184432908,-27.81,-168.49,-175.19,260.26,174.46543096762997,2.044383853389573,1.137434187107106,177.7587001965018,-31.76,-173.53,-177.39,255.66,2.045807569152094,1.1402498366586151,178.10197318155642,-33.67,-174.35,-180.16,253.51,175.8020747230664,2.001620456030562,1.1441750390565253,177.72151792170615,-37.25,-173.71,-179.02,240.99,1.1433581027442328,0.0208005674125479,95.16344856564466,4,2.5051762273341174,15,3,120.49801010814532,2.239960526437912,6,3,120.8588867046198,1.788390435559305,6,3,123.7743427989171,1.8133882154684915
LOLQIQ_#[4],3490.36,3289.18,3500.02,3681.89,99.37,-193.12,430.53,60.71,0.7345980406336352,0.0061164374827512,28.256898578186764,107.9969525323532,175.76564344516714,2.040029396847016,1.1369839488752689,177.5852855805391,-31.36,-173.37,-175.8,255.08,2.047262643140836,1.1311172927685262,177.84028595922993,-29.62,-171.26,-173.72,256.1,176.34211241912433,2.042264573947264,1.1349469987624972,176.69934797048103,-31.81,-170.24,-174.21,249.03,2.0475588709485257,1.1395827569773065,177.8015998429246,-29.62,-172.51,-174.28,257.93,172.81307540314492,2.002890234136659,1.1422445403677794,177.57461850587583,-40.27,-173.57,-180.34,233.1,0.784941722545055,0.0213300107109784,52.45528510391093,3,2.4767599681842407,15,3,126.60656234402296,2.1448646996955305,6,3,128.00883926847666,1.722106042031094,0,0,0.0,0.0
LOVKOW_#[4],3490.01,3292.5,3482.34,3695.19,371.54,226.48,292.71,595.42,0.8573282790822434,0.0082603881237932,24.618561821207123,109.78958095293233,177.00115315303114,2.047029054508022,1.1390252236013036,179.5571468105836,-32.84,-173.31,-179.31,254.11,2.048974126239762,1.136249220021734,178.43538803405733,-32.68,-175.05,-177.09,254.1,174.40902391527143,2.048197844447652,1.1381757948577171,175.46207405220252,-34.74,-173.0,-178.0,246.78,2.0486966734975667,1.138655909394932,176.86316859447993,-30.12,-171.73,-176.15,257.5,176.1555942185918,1.9898425590985829,1.1473238993414192,178.79729989016886,-40.34,-175.92,-180.32,235.23,1.0864322604331638,0.0190113516842235,107.14930311342168,4,2.550945019007662,14,4,136.74114652237895,2.243629078078638,6,4,128.94508369231988,1.8796317245673424,6,3,110.1770102513247,1.8285101120857936
LOVKUC_#[2],3539.94,3436.35,3516.9,3666.58,85.43,-105.09,174.52,186.87,0.7395684570890513,0.0061479311914066,17.937702306266004,75.34857222757921,176.9425397816058,2.042721961011826,1.1387058619327473,178.80173256585002,-32.77,-174.62,-177.38,253.68,2.045545582479159,1.141969631820392,177.21772465344367,-33.33,-176.26,-179.14,255.4,177.93822637412416,2.053968940855728,1.132594499368596,175.68359669869014,-31.31,-172.33,-177.57,255.96,2.0462829349823544,1.1352799170248713,178.39022743103354,-31.67,-172.19,-176.53,253.72,177.23783509156834,2.015366867346984,1.1413489913256163,179.1375968903994,-40.17,-176.42,-179.41,235.32,0.9446192980164292,0.0184629352124416,64.90698882921423,4,2.4845183315886405,6,4,123.13676557036275,1.8658642474735392,6,4,123.753898243754,1.8757283625301395,6,3,111.6979849143725,1.822723788729384
LURTOJ_#[2],3640.96,3504.88,3656.64,3761.37,234.36,176.25,233.88,292.94,0.859171749216328,0.008769732885476,29.44656177220305,121.18975975061518,177.0767842897835,2.023577401534223,1.1469976198754732,175.52403674110676,-34.75,-174.86,-184.58,255.21,2.0331894378045545,1.1676443551013302,176.18000448614555,-41.9,-183.36,-191.64,249.32,173.08954869525985,1.933835411817664,1.237161569884872,174.27253701197918,-60.47,-208.16,-212.87,239.61,2.0605449982953545,1.169817434474286,178.48493989819596,-39.66,-184.16,-190.53,255.71,174.60803317451476,1.992024023449516,1.1871885191493388,172.45640749776322,-50.18,-192.12,-194.39,235.97,1.0415938952655976,0.0225417735878039,46.665791728422406,4,2.52413730411006,6,3,120.43075689777513,1.8313903707293,6,3,113.87476019375644,1.818174790827328,6,3,115.34136688156477,1.8396589602423576
LURTOJ_#[4],3722.34,3589.24,3716.59,3861.18,245.87,185.97,231.28,320.37,0.8460449770624783,0.0084783364973049,28.28154098467772,116.96839443796158,177.25463292953526,2.0715135553502915,1.113303040506042,177.14162454310826,-25.92,-163.88,-172.61,258.72,2.07798444171269,1.110004189181284,178.06105846282293,-27.17,-164.04,-173.56,256.1,173.9807000114035,1.9669319535764325,1.1829122368121818,176.12468680420977,-40.54,-186.31,-191.2,255.89,2.028620587985837,1.135556555174598,177.01720806383446,-31.58,-172.06,-178.01,255.32,173.39184882119952,1.9708912349493053,1.154700896336363,177.78345098974677,-39.53,-178.68,-182.9,242.98,1.0646059530979382,0.0236589006898565,49.93782853673139,4,2.530815340952398,6,3,113.29654247065386,1.8304626655575365,6,3,113.84349502887152,1.811281706416757,6,3,123.86607992157565,1.821489744687024
LUZSIK_#[2],3345.92,2994.1,3301.98,3741.68,370.1,136.78,363.74,609.78,0.913788426038453,0.0093533954511072,20.15823794791322,89.65759408889487,176.33965683995436,2.0387118138667866,1.143024763511273,179.7181302240018,-34.52,-172.73,-177.58,246.75,2.0478023659523386,1.140086935281691,179.47993965528073,-34.52,-173.67,-176.05,246.15,177.44358101749702,2.0392985117436835,1.1424344795216914,179.2108217484144,-33.16,-172.76,-174.0,247.28,2.051768429916008,1.137424749159257,176.57835128710477,-30.93,-171.0,-172.52,250.73,177.00065376998938,1.9870857656377088,1.160395854870224,179.36348428963888,-44.53,-180.25,-184.51,231.18,0.7438981402689735,0.0060061814634832,97.44471289303344,4,2.581206433046377,74,6,125.06682349954184,2.591335451075372,15,3,104.91956513947574,2.2112238873528844,15,3,106.52346827545716,2.217419856499891
LUZSIK_#[4],3455.03,3290.19,3374.5,3700.4,370.1,136.78,363.74,609.78,0.93653933572537,0.0098814075238541,33.83960642851832,131.84343837106064,175.4990142767668,2.031393356787405,1.145676568670233,179.32227500560745,-38.9,-176.03,-181.9,241.24,2.046847361187444,1.1397410451501695,177.2361320492902,-33.88,-173.54,-181.84,253.72,171.89417357848828,2.0613107116589675,1.1422375672337166,172.75069336208838,-38.51,-171.16,-187.01,242.63,2.030803235175678,1.141383301086887,174.654331356432,-35.6,-171.21,-175.54,239.95,174.14910053371895,1.976704583391256,1.155254504427488,179.53312191534437,-42.57,-179.51,-182.24,234.05,0.7438981402689735,0.0060061814634832,97.44471289303344,4,2.591335451075372,74,6,125.06682349954184,2.581206433046377,15,3,123.9908395673824,2.2112238873528844,15,3,118.74816183524854,2.217419856499891
MAFXOJ_#[4],3465.9,3246.52,3430.61,3720.57,69.02,-222.26,177.72,251.6,0.7138378413398883,0.0057474883900479,19.210522699137712,85.13687966509404,175.31455496672447,2.0468238663842087,1.1376850267099423,176.71979757442182,-31.93,-170.58,-177.93,252.73,2.0460699230475954,1.145060745113551,177.41663871274133,-33.36,-178.22,-179.95,258.09,178.57148475709266,2.035857534308332,1.1486946896368946,177.37075896836714,-35.09,-176.3,-181.53,252.57,2.0487465777884784,1.12483130290724,178.6956488765164,-26.78,-168.04,-170.84,258.53,177.2546251746942,2.016969261044897,1.150137326583221,178.45116607660174,-44.9,-181.52,-185.31,232.13,1.0275212185791207,0.0240346684353727,59.31234124327951,4,2.4671961373186355,8,2,114.2756809926334,1.6877810047515074,6,4,116.32043895385556,1.801490219235174,6,4,124.24560372358188,1.857274750810984
MAFYOK_#[4],3546.36,3491.17,3508.63,3639.27,77.93,-175.53,200.12,209.2,0.7198018923830474,0.0058328880968661,30.09846247809226,106.34917036605626,175.84988790518744,2.047030090155003,1.139130361284432,177.60826915533036,-32.61,-174.57,-177.91,254.65,2.057000529897842,1.1386075091970893,174.71744546746905,-31.95,-171.39,-180.85,256.37,176.86408986416603,2.053378486787081,1.13637783769308,175.99081760208222,-30.65,-171.64,-179.17,258.86,2.054848339902485,1.135426629069444,177.3969648715672,-30.66,-172.9,-176.62,257.55,174.78753866192488,2.012172691396045,1.1495368719619226,178.34914813397882,-40.37,-176.52,-184.41,239.84,1.0095037314401716,0.0224085929151684,64.90695041539857,4,2.47676716305752,8,2,116.91114223232938,1.727309700082762,6,4,121.01256011958712,1.834684218060428,6,4,119.09326440694232,1.8493001081490257
MAJGUD_#[4],3870.04,3785.49,3847.47,3977.18,229.25,127.41,229.39,330.95,0.7404270041128864,0.0062072675334535,16.14091544604821,76.49185593877512,175.5014515435182,2.047305900445754,1.12815970943834,179.18068813495552,-29.8,-169.56,-176.88,257.05,2.025103343042028,1.1260637060131196,176.75613125235748,-28.77,-167.92,-177.43,259.05,177.7837612145939,2.03540672593956,1.136893315135594,178.29914149117462,-30.37,-171.68,-178.69,259.25,2.037755772903122,1.1320551620835442,177.4044558761909,-30.41,-169.94,-181.06,259.77,177.27835688952163,2.0131563426619405,1.1357820785696524,177.82807916010907,-36.56,-171.38,-177.19,238.89,0.9359538190038168,0.0182047345425892,91.6982542908342,4,2.476001819466213,6,4,123.26640260410848,1.8579186984365057,6,4,125.7625751914574,1.8770426553491,6,3,120.90055685991452,1.8211364666054
MEFRAQ_#[12],3511.23,3259.57,3446.98,3827.13,302.78,-8.65,433.11,483.87,0.807876543520966,0.007408462680928,18.60294056755903,79.67049986329903,178.2489389325637,2.071730428892716,1.0882765227643214,178.41320002583274,-16.28,-150.89,-158.47,260.53,2.0368252305978523,1.145738203081317,175.9620128433181,-34.42,-174.53,-179.99,251.27,177.6937585656869,2.061374507458554,1.098376456411917,176.29539047392507,-18.77,-155.46,-159.52,258.67,2.032341216429957,1.1197540846096523,176.165009168108,-27.67,-162.66,-173.94,253.6,177.44090947749393,1.99137169056909,1.1750313570283994,176.02332241721683,-46.5,-181.61,-189.88,232.0,0.4215230493855886,0.0027812433556665,200.10472274528595,4,2.5234545409022133,74,10,140.26035430432125,2.4339022289319674,74,10,141.07977267971953,2.5381864608416778,33,3,130.33153745710857,2.2174990439682274
MEFREU_#[12],3547.86,3331.17,3511.27,3801.15,360.77,459.8,557.15,65.36,0.8225541954495978,0.0077092566710767,14.752898806309062,79.19597743586495,178.92209115108778,2.017693004398836,1.1534367212812338,173.6241725976983,-35.06,-174.6,-182.86,252.28,2.02888480944582,1.1545778016227384,177.6666360379582,-36.15,-176.44,-183.24,251.23,176.90850549663455,2.0399612177686124,1.148247956671381,178.7029760085908,-33.6,-174.55,-180.25,253.98,2.044938835271118,1.123286641957431,178.81084488943762,-28.6,-163.31,-176.03,253.54,176.80409763720215,1.9866387240764232,1.1628934001016606,179.5003314580971,-41.24,-175.78,-184.1,236.16,0.5881247510786296,0.0052848475126965,204.1788565332257,4,2.5171558354619203,74,10,139.79450772733975,2.427736443685764,74,10,141.33589822275815,2.519172532797227,15,3,132.28006189501778,2.095938436595884
MEHZOQ_#[4],3601.57,3423.91,3643.79,3737.0,346.93,253.7,306.53,480.56,0.8448398299903483,0.008057954482944,20.912802027406173,83.24133160061542,176.5655332586404,2.025705378380578,1.1483465200016936,178.51301565314017,-36.45,-179.87,-181.72,252.25,2.0426822195339147,1.145165376703295,176.9064792723435,-34.15,-174.62,-181.77,253.92,175.1736781319832,2.0307139680417823,1.1470225193953258,178.0877949275189,-40.04,-178.53,-186.38,244.8,2.053729001109931,1.127514070865637,177.76296594192428,-30.86,-171.6,-177.13,256.15,178.79377208566453,1.9951563297145407,1.1469551604138677,179.56590218499835,-41.83,-177.27,-180.17,231.96,1.2679605610544846,0.042392594072326,20.31953920047493,4,2.5365012773503586,6,3,113.05582902922218,1.825315561759117,5,4,113.40801073358548,1.9789071529508409,1,1,110.74815845241594,1.4221323074875978
MENCAJ_#[8],3650.01,3534.65,3658.31,3757.07,167.86,-68.83,252.56,319.85,0.8507425709555125,0.0081613489953868,23.01734578936272,100.43075302145915,177.25237443997815,2.0350973957037053,1.1443967887057356,176.21387349104833,-32.73,-172.78,-178.86,253.44,2.029168669677313,1.1327057252437636,178.23820283693655,-28.46,-168.88,-175.25,258.75,174.17484464783632,2.044988376495085,1.1239763787553545,175.83099975794406,-28.27,-164.95,-176.26,256.4,2.0209721769485105,1.159163426786748,176.4746144353745,-40.09,-180.98,-188.87,249.59,176.777846990487,2.000443000937542,1.147091025158858,179.00507709768763,-38.41,-175.47,-180.33,240.58,1.414536970425933,0.0267710477103487,113.16372095126182,4,2.536579466525738,74,8,127.51692738356373,2.5516966394930263,6,4,124.27318676190276,1.9189665890786125,6,4,124.56193038047486,1.7547725465142197
MEQRUV_#[4],3527.0,3365.67,3571.47,3643.87,350.8,145.76,284.58,622.05,0.8015040195422007,0.0071898728455125,25.227122164246,110.37563694595676,173.87791820061906,2.0483846977557696,1.141944871699156,177.3952380911756,-34.49,-175.83,-178.75,251.12,2.047365695228872,1.134351572485356,175.91920343205442,-30.8,-169.98,-174.19,251.77,176.4339916117114,2.0563695339116457,1.1267889465201562,177.74164183838656,-28.69,-168.62,-174.01,256.55,2.0631663263052733,1.1271332263756588,179.30218591984732,-28.23,-169.34,-172.6,257.25,176.40114254380896,2.006222607289629,1.1382118695568064,178.52729389162477,-35.9,-167.96,-180.12,240.38,1.0389866937104006,0.0183956414534687,123.33174973327412,4,2.525204183823558,15,3,123.35690839127317,2.1977649874361003,6,3,119.64693338025862,1.814108604797408,6,4,137.99056679834038,1.8698738727518496
MEQSAC_#[4],3517.38,3341.45,3568.68,3642.0,205.66,218.64,300.84,97.51,0.8970986717368024,0.0089562854499924,27.229576734945425,116.86850249400337,171.4410417009396,2.044425838713648,1.1421955086586533,173.66183234377326,-34.9,-173.95,-177.76,246.99,2.044092960214873,1.1358745837459343,175.35865761046472,-32.47,-171.5,-176.86,250.95,178.7490584252225,2.0462562962639854,1.1366335293312446,178.10249496969143,-33.53,-172.9,-179.11,251.43,2.049630066621778,1.1372842476707403,177.86632439249888,-31.47,-172.77,-178.88,257.22,178.1661353320948,2.001117840108376,1.1503218810402576,178.44374301350163,-40.13,-175.54,-184.1,239.24,1.0704579283900189,0.0203457940291636,45.83093920332806,4,2.575363803426613,15,3,106.07284084721132,2.184368956930125,6,4,124.6015750755388,1.854417679488631,6,3,115.41926720299402,1.8348571524780883
MEQSAC_#[8],3527.24,3376.62,3582.62,3622.49,202.22,212.0,300.34,94.32,0.906989546928186,0.0091782062179761,33.818102208353,122.12355219125708,170.42077625359303,2.042655874101167,1.1373737336513443,173.49746742945752,-33.54,-171.67,-177.31,248.36,2.049961553298012,1.13892581408975,173.1131419108173,-33.69,-172.12,-175.35,246.41,178.09811937433443,2.048973347801284,1.1367017638765238,175.49325194770094,-30.15,-172.15,-177.26,258.95,2.0382402458984075,1.145887010136688,178.12339951841224,-36.21,-176.68,-182.23,250.28,177.19058682289284,1.995391432777038,1.1450265062434142,178.4621809324587,-37.88,-173.07,-180.51,239.95,1.0752629189036675,0.0205706115573221,47.12608360873124,4,2.579238218932093,15,3,105.08911605125054,2.1840067078651555,6,3,116.53031417655184,1.8352344427892573,6,4,124.1717241999108,1.852747565104324
MEQSEG_#[4],3620.38,3471.97,3602.78,3786.4,183.08,220.89,291.28,37.07,0.7946413484459498,0.0071092796742853,24.833023046344664,108.83249116680388,178.70604707850103,2.0476808198545,1.1160053628903404,177.75661789669564,-23.09,-163.64,-168.3,262.67,2.0577911215670066,1.1234417163342298,178.35938270361743,-28.34,-167.28,-171.91,254.17,175.89371898914834,2.052534024078528,1.1190944642879803,177.92888502915622,-29.46,-167.21,-175.87,254.71,2.0394867932889387,1.1347005860578383,175.1653708814036,-30.05,-171.69,-175.04,256.59,171.56317792006095,2.0003828783510413,1.1433144186967998,176.73253857002518,-39.47,-175.92,-178.04,235.55,1.0240809885310531,0.0230828923618655,52.19632358114201,4,2.516359936495572,7,3,124.75550217280932,1.73063044293113,6,4,118.3779410620448,1.9372322266574027,6,3,110.0884882113495,1.8330551628360776
MEQSIK_#[2],3569.73,3392.27,3613.22,3703.71,211.8,269.47,296.73,69.21,0.7982583972462038,0.0073163417218995,22.1258360417252,90.82051305342593,174.1771733836426,2.0376830592611803,1.1393493362441558,178.194817679302,-33.32,-175.43,-180.34,255.81,2.0466015953282164,1.1345239221805763,173.67564390015082,-32.14,-172.45,-178.1,254.12,177.11616421051156,2.0333949173734056,1.1504054980744831,177.5585647229551,-32.21,-177.3,-179.55,260.22,2.0240096170720143,1.1587517292327971,179.07468269822922,-38.6,-181.27,-184.83,250.3,177.07498081145258,1.9763273640771155,1.1762952180468986,178.60944586235738,-47.64,-187.5,-191.68,236.25,1.0529534702598438,0.0254349375046364,31.112864911575542,4,2.5025583489701093,7,3,118.45139827824292,1.6743606421556858,6,4,112.2728323331794,1.907364514192292,6,3,112.6092727071377,1.820042950042663
MIGWII_#[4],3603.8,3403.27,3660.57,3747.57,292.27,229.84,292.6,354.37,0.7924437408693277,0.0070624051675563,21.066481198562045,91.45948252242138,176.92550990372104,2.048840362253731,1.140654886457775,176.88457441101465,-35.07,-175.0,-182.17,251.95,2.033175855650466,1.1415116556566562,177.6217287898333,-33.25,-175.73,-180.03,256.02,174.68622020145946,2.048622908199555,1.1341628895357132,178.6097465001705,-31.61,-172.92,-178.83,256.92,2.04674990411628,1.1379799998242497,175.83615437562452,-31.3,-173.49,-175.21,254.79,178.341999236192,2.006204842482441,1.1447280244669484,178.29992528260564,-38.79,-173.47,-178.57,235.67,1.254093527493697,0.0439081226504296,35.18657898629084,4,2.512185019062092,6,3,115.8116773720312,1.7792066799559856,6,3,114.4053914737704,1.829475318226513,1,1,114.84096083163725,1.4196860040163817
MIHGOZ_#[4],3742.06,3666.96,3741.56,3817.65,492.31,394.13,494.86,587.93,0.87823898325243,0.0087387689947844,27.950625642926013,103.9862527617996,177.66611730069644,2.0294913796318528,1.137695257966737,177.53500603504938,-34.16,-173.41,-179.01,249.93,2.039620028338612,1.1322368789259605,177.60348770270534,-29.72,-171.77,-174.12,256.72,172.71902009946837,2.033406835829958,1.1407212586780346,177.26305673910946,-35.5,-178.41,-181.8,253.72,2.0250864129710617,1.1449517588090772,176.5488921653903,-36.08,-175.82,-183.86,251.45,176.1297682470877,1.9829611090487884,1.1560705774302866,177.4421684748349,-41.53,-177.37,-181.42,234.19,2.083090047626704,0.0729006793468787,38.27350167200221,4,2.5490565431155114,13,4,118.43709844029983,2.376446635209805,1,1,114.04179391033304,1.41994815046184,1,1,113.71976072005876,1.422464980236772
MIHGUF_#[4],3804.81,3733.67,3788.33,3892.43,495.92,394.02,511.63,582.12,0.8465731381762911,0.0081070830152119,13.089490780827248,79.7498605195146,178.60211651709548,2.040499502572838,1.1190481893108977,178.17909981848496,-27.51,-167.35,-172.06,256.88,2.033676800772434,1.1310105967673336,179.3254943837571,-30.46,-170.17,-175.65,254.44,178.53188772072815,2.0540667321194803,1.1279730537561614,178.72698747095035,-30.08,-170.47,-175.93,256.16,2.028152176243193,1.146813555029762,177.5592749157138,-35.25,-177.56,-183.16,254.96,176.28928496516505,1.989496750437155,1.1255531751099106,178.26617687906293,-32.38,-165.53,-170.36,238.75,1.4909837454067003,0.0865683596420117,26.16351121613225,3,2.5371222753347946,1,1,115.92313880784504,1.418441352330084,1,1,116.10297976020254,1.4193275802294547,0,0,0.0,0.0
MIHHAM_#[2],3478.74,3262.96,3495.37,3677.89,109.82,-121.49,170.83,280.11,0.8498429053969883,0.0081140165127189,25.944895479236664,100.42348725710954,172.85243255090444,2.041715562951902,1.142562317775272,176.95227543483665,-34.99,-173.86,-178.36,247.26,2.043470031588425,1.1412068567967852,173.88374616988563,-31.79,-173.62,-175.47,253.73,175.5241612887236,2.0594262162068344,1.1301427918630458,175.75323043528573,-32.23,-170.35,-177.13,250.78,2.033454784351008,1.1361502409452724,177.24999027869578,-32.02,-172.17,-178.73,254.85,177.78337155291442,1.9972085870033711,1.1458676581525444,179.23960604317267,-37.8,-176.6,-179.31,242.53,1.0064245362588309,0.0172527015089383,50.748293555456215,4,2.5449607796585,15,3,115.14279404670744,2.2078768353329856,6,4,127.47945443158868,1.9009247802056768,6,4,109.15127652401424,1.8454882985269767
MINDES_#[4],3462.68,3285.08,3454.53,3648.43,157.74,200.47,22.6,250.16,0.7804215100706946,0.0069006907620848,23.525614091088457,96.92720463413268,175.09402964226308,2.059848171589353,1.1369580203332046,176.9333630703535,-32.74,-173.49,-178.91,254.17,2.035297781652601,1.1466915452727475,177.64251776209008,-36.96,-180.33,-181.75,251.21,175.1089077363875,2.0611433914213726,1.1334320358980503,177.4956529400555,-30.63,-173.18,-176.65,257.94,2.0357362329142745,1.1417478049026408,174.9235268421807,-34.27,-176.27,-179.56,253.03,179.30603058964329,1.997559713750756,1.1559517853267065,178.12088231409118,-45.19,-183.55,-184.57,232.56,1.0693756020216127,0.0252550161075884,45.724308742855456,4,2.5061699643080875,7,2,113.2439758673479,1.706201142890251,6,3,113.9357593333758,1.8432536531904669,6,4,119.08608981596502,1.8303038928003188
MINDIW_#[4],3440.39,3264.39,3433.92,3622.86,156.74,203.63,257.41,9.18,0.794312211757747,0.007094645025344,28.747737950996964,111.16463846699786,174.0895984070943,2.0526391548443192,1.145244903939767,177.15098374993923,-36.1,-177.54,-183.3,252.54,2.0330304965740167,1.1509123076933372,177.31971834874065,-38.12,-181.87,-183.22,250.73,173.7506450214842,2.049798160795352,1.1417908608847769,177.14040041663645,-34.23,-177.11,-178.55,252.97,2.042764195887522,1.1408817861636675,174.47996681006563,-34.56,-175.75,-180.24,252.31,178.3121001150016,2.006534696933994,1.1491180052544656,178.89378176633576,-43.93,-180.87,-183.2,232.28,1.0771135110995331,0.0255243607813497,47.78318954159916,4,2.513540668061689,7,2,115.35748064025378,1.707865021013079,6,3,115.02313959265712,1.838213050764247,6,4,117.9495173419852,1.8403169102086736
MINDOC_#[2],3456.95,3285.91,3412.74,3672.21,173.92,198.24,256.68,66.85,0.8341695306169337,0.007796980693667,41.48797739135178,154.95796772195192,171.543187523781,2.0365449589930487,1.144707290096469,176.04969124636384,-38.07,-177.86,-182.94,246.59,2.051666527484426,1.1388653081027624,176.90258700282797,-34.98,-173.22,-181.71,249.99,171.11956205205863,2.053655616212223,1.1377808312676023,173.2368650636066,-34.82,-173.15,-179.49,248.18,2.045339866623637,1.1430668440646865,174.54911114212263,-34.87,-176.02,-177.59,248.99,174.01004668596573,2.002262712532997,1.147896062368018,177.15704843379388,-41.91,-177.16,-182.25,233.67,1.124481491944162,0.0277313922808012,38.44360770835418,4,2.538395654739426,7,2,113.11546865947902,1.7004486584428231,6,4,121.36753424073704,1.831210651454387,6,3,110.91924621532388,1.834564670432744
MISDAV_#[4],3565.07,3444.96,3566.68,3683.6,167.09,-82.32,280.92,302.69,0.7149806378196564,0.00577589020408,26.172706960880703,106.594947845248,174.36359719360334,2.055900274818796,1.1338432387239423,176.97146040116291,-31.22,-172.89,-178.42,257.64,2.038650740072954,1.1380284794327422,178.38907676586732,-31.25,-173.6,-175.65,255.5,173.66279482474854,2.0500042756052985,1.1374117372350232,174.67955625623898,-34.27,-175.51,-179.93,252.63,2.0405746445548134,1.1369781748125158,176.33097222840988,-33.41,-173.48,-177.86,251.12,177.55499487376625,2.0128677527348886,1.1378658049172583,178.9727909176721,-38.65,-173.44,-180.6,238.07,1.258279709895855,0.0443821603317556,50.183012809495565,4,2.468587920249144,8,2,118.43230334182908,1.6608882864298844,6,4,120.4969953831439,1.803193322969005,1,1,113.02130808319215,1.4251227315568324
MISSAM_#[4],3537.96,3270.96,3555.07,3787.84,147.13,115.05,27.83,298.5,0.6581811667961364,0.004955387381255,15.002320430810542,64.56902052093517,177.27220183213566,2.051563016336569,1.1454147327496704,178.22493082910017,-32.02,-174.34,-179.62,257.89,2.043046981838646,1.1539115650690048,176.42162352861837,-36.77,-177.84,-185.14,252.69,176.83504434153,2.037190099131645,1.1433655452216491,179.3757457208227,-30.12,-171.94,-177.82,259.41,2.049155099059121,1.1359473843448908,178.074722499775,-29.79,-172.64,-175.39,258.65,178.51909480609612,2.0037322924981766,1.1420412864691014,179.3013229388093,-39.33,-174.16,-179.77,235.95,1.045681361130094,0.0207254158308456,58.60953363025325,4,2.431846197850514,17,1,111.47353460761302,2.0989287577238063,7,3,120.5582130858059,1.6970270268914405,6,3,123.91320049680148,1.7880665675527858
MOGDIV_#[2],3473.37,3357.35,3415.86,3646.91,235.52,183.28,243.1,280.17,0.9281912811531694,0.0097113212001104,40.29215842114692,146.68660744485638,174.60248673240628,2.032750368343344,1.1407856108840084,176.36366767588413,-33.3,-173.58,-174.87,248.56,2.0254434798334904,1.1239881049192646,173.83757061712762,-23.34,-161.71,-167.04,258.74,167.98417430931246,2.038090805140929,1.138856202511976,174.8138997591382,-33.74,-171.81,-174.86,245.46,2.022598489567319,1.145512256590909,172.3628855533547,-34.0,-174.15,-176.62,248.78,174.8113229966283,1.9842617896840105,1.1509661115775764,178.5890726010839,-39.27,-177.02,-180.84,240.06,1.093263865677495,0.0242141762203307,113.79117570634344,4,2.57754375520572,6,3,123.96622827566974,1.840311921930628,6,3,123.54922457846531,1.8307458288905096,6,4,130.9479425501537,1.8750457834410328
MOGDIV_#[4],3523.07,3411.83,3501.07,3656.32,7.21,-253.94,-52.01,327.56,0.8235896557711269,0.007777630197994,29.232693020586524,130.47458195587632,179.4483153240441,2.041527707379942,1.144105554570905,178.42244903648998,-32.69,-173.89,-176.37,252.19,2.051555473293374,1.125460727879921,177.43153654987768,-26.67,-166.68,-168.79,255.46,169.37955276093936,2.001897622257442,1.1675481660299931,174.73034456356436,-37.99,-181.99,-183.78,251.79,2.027387442005104,1.1484310340634305,174.30674635753184,-34.98,-176.46,-177.25,248.77,177.48872469177311,1.984978793337601,1.1415884635016251,179.42145547148206,-39.74,-173.09,-177.37,231.24,0.97101917839337,0.0304643112424333,73.42065018452938,3,2.5156232011173696,6,3,135.92751219633627,1.6799252185737312,6,4,135.50423970821822,1.8947924160709533,0,0,0.0,0.0
MOGNAZ_#[4],3451.16,3295.64,3433.46,3624.37,138.0,-26.87,158.05,282.82,0.704086002682144,0.0056290348927084,19.476991377441763,96.03282004571572,178.21506758016193,2.0452973231293288,1.1322847565873175,178.3489324297653,-29.96,-171.82,-176.33,258.26,2.038578490026812,1.1403096333891087,178.4745721729183,-31.37,-174.63,-176.38,256.9,174.72522832143994,2.042205305545944,1.1293562812505182,176.09788488856984,-29.95,-169.75,-174.21,254.1,2.052529037553427,1.1294848250419307,176.19040432796658,-30.14,-170.45,-179.45,259.47,179.14252869085993,2.00639715161281,1.141889775766471,178.7790221445055,-38.27,-176.51,-179.45,241.15,0.943385270485282,0.0141139294870256,54.68496874239237,4,2.459453063182951,35,1,114.28056233418228,2.2277864372511123,6,4,124.15358241301632,1.8446538455764527,6,4,115.22015635967608,1.899200384372328
MOGNED_#[2],3544.36,3425.3,3588.38,3619.4,185.35,157.62,26.76,371.67,0.7259580497342053,0.0060074902967983,13.82134687481856,72.6029630818967,175.97666340800004,2.035373560307788,1.140913760982836,176.8437750471868,-32.99,-175.0,-182.54,258.58,2.053513693648036,1.133353228256752,179.4336607508354,-30.68,-172.91,-176.52,257.39,178.61623062129425,2.042427656001553,1.141139553253676,178.67843844784548,-33.75,-175.01,-179.87,253.63,2.058032511890908,1.129142085833311,175.96027528320835,-29.04,-171.56,-177.04,261.47,179.26343256819035,1.996965240058025,1.1544509950621549,179.61263236900086,-44.1,-181.08,-186.69,235.47,0.8162915552646117,0.0147580761578988,50.52976923589803,4,2.472837362221785,17,1,116.31252921835272,2.0609184214810643,6,3,121.0734888519597,1.8219095641661247,6,3,114.78648281313085,1.9031009904889435
MOGNIH_#[4],3612.89,3427.28,3653.61,3757.78,181.6,181.96,325.68,37.17,0.7287927172398279,0.0060130846593272,22.87634382173097,94.30615683816724,175.12132094661877,2.03272157955781,1.1403962162336387,176.78832262523122,-33.62,-175.32,-179.88,254.33,2.052815749160162,1.126370787085674,176.751818414784,-27.76,-169.05,-172.81,258.58,174.69277339659368,2.0293517979887072,1.125092329544558,178.66452968098815,-27.89,-166.87,-173.15,256.34,2.044326654426832,1.12838320175373,177.7474714300663,-29.48,-169.05,-174.08,254.69,177.83991541328348,2.013657632270193,1.1341001234458974,179.14558074768937,-37.34,-172.94,-178.49,239.42,1.0544679056803334,0.0273788738585881,38.20152582492159,4,2.4718503130246376,8,2,117.02530969109895,1.6024006303044194,6,3,119.8355018074007,1.821016103717922,6,3,109.70282333571323,1.883198393690904
MOTBOO_#[2],3747.06,3623.69,3681.11,3936.38,139.73,-20.29,160.79,278.69,0.7167815628052292,0.0058114890078904,19.12780279563586,78.7903589701131,177.77051486251457,2.0568112139912107,1.1230344518312878,177.8382905462543,-26.94,-166.13,-172.42,257.74,2.026020446589817,1.1506257688753527,178.4548572585231,-33.69,-176.99,-182.21,258.13,178.32371041166942,2.056148732460761,1.1238524636267886,176.1561529182007,-27.88,-166.92,-173.65,256.94,2.049559613673144,1.147526609713256,177.00029581904298,-33.22,-175.88,-182.73,258.94,175.42038343603326,2.0149277629731546,1.1379954525392446,177.78284052263882,-38.05,-170.19,-178.77,234.81,0.987225921421047,0.0313121386338429,42.91893036319446,3,2.470762491620755,6,3,128.39621416501322,1.7009481973299474,6,3,127.19737251419656,1.7597379037799916,0,0,0.0,0.0
MOTBOO_#[4],3789.34,3683.4,3717.12,3967.51,125.05,-51.64,154.94,271.85,0.71752259319168,0.0058194333925193,26.168221543151333,96.88227650211924,177.20105813499188,2.059405292796928,1.101672151776562,178.68099856826154,-19.75,-157.64,-163.12,261.5,2.068402982979864,1.0993083552852674,177.43669822464275,-21.36,-156.81,-165.42,258.15,174.41274363104398,2.0261346870334163,1.1596634468672364,176.89274183251715,-36.55,-179.91,-189.56,259.82,2.04416760809871,1.150806812631903,178.89286382929816,-36.4,-178.34,-185.4,254.53,174.95648213531268,2.019145556912626,1.1080745868397126,179.22296381241736,-29.01,-160.08,-167.7,240.76,0.9850145317988924,0.0310213108623453,41.21769986372797,3,2.4739647814793164,6,3,127.91823753494928,1.7629533998378968,6,3,127.1807651553602,1.7074543654223973,0,0,0.0,0.0
MOTCAB_#[4],3609.35,3464.75,3670.19,3693.12,151.22,1.18,197.03,255.44,0.6918908993140946,0.0054294409221988,5.209290978723743,57.85784002375174,179.6730093252352,2.0552989612219443,1.1350148589335731,177.86436856369113,-29.51,-171.38,-178.97,261.82,2.0411125716138248,1.1336044018968878,178.9176346995247,-29.03,-169.35,-175.85,258.09,179.33507064636112,2.025149273510473,1.140030903089913,178.40193433134095,-29.99,-174.05,-175.51,259.58,2.0345563717921404,1.144960414162865,178.98686131132456,-29.0,-170.26,-176.78,260.04,178.7509005745546,2.0220986598086665,1.121616128628685,179.36805656176097,-33.39,-168.61,-171.71,240.15,0.8651816733235538,0.0156341806290757,58.77216345336565,4,2.450777707177866,17,1,116.20548995968936,2.067975746956429,6,4,122.34073076090117,1.8446200042285128,6,3,117.26521393153688,1.8089517765822285
MOVXAW_#[2],3702.84,3637.89,3695.49,3775.15,348.81,292.97,343.73,409.73,0.8368157768255997,0.0079139938700247,21.81488955198764,102.51539885514708,174.7697459405053,2.041169187010229,1.1411497973535285,179.40226344937005,-33.96,-175.71,-180.36,254.19,2.037871502327858,1.141350314320718,178.45601753880206,-35.56,-176.14,-182.45,251.91,176.68855119101883,2.0397663322057253,1.1380105535538767,177.23416390468245,-31.15,-173.47,-178.23,258.26,2.030161464022013,1.1544061417023035,176.4579562278769,-40.12,-181.53,-187.61,248.79,177.06436914658428,1.9920774357439024,1.1521388891969584,179.76476296920902,-41.0,-178.55,-180.52,236.07,1.28829333408485,0.045184262650697,39.64851550868174,4,2.530298650357305,6,4,117.24214493887432,1.7950194260787264,6,3,120.20790843128528,1.7924593272930902,1,1,108.99565815430024,1.4268305295303996
MOWDUX_#[4],3509.33,3303.49,3497.38,3727.12,222.68,207.32,377.33,83.39,0.9533380104641552,0.0101175646876946,25.631876254690013,109.1530661648438,176.7244212359609,2.060781164995449,1.1278292556943177,178.9826784553411,-32.24,-169.69,-178.71,251.68,2.0405338737693133,1.1286842295345505,175.1129783790931,-34.21,-168.79,-178.2,244.37,179.196642160717,2.043162729691395,1.1363027501506815,179.8188108857209,-33.38,-173.56,-177.85,251.26,2.048269867473524,1.1229257900680696,175.02415392896935,-29.9,-166.85,-171.51,248.66,175.46345972322675,1.987989250473956,1.1437399966775663,178.99836012319153,-42.7,-177.0,-181.93,230.84,1.2780007035651697,0.0234283919436752,35.802243510203226,4,2.608150183559221,78,4,118.22103306784312,2.3601672673774616,6,3,115.67936550965852,1.8500991243714493,6,4,106.18981069810418,1.840217623000063
MOWFIN_#[6],3598.25,3475.93,3554.34,3764.47,198.12,108.69,158.64,327.04,0.9073093796960598,0.00922735814169,29.164758471115604,117.36611556491216,174.67755081223402,2.0404575050708607,1.1418112672416574,176.2684995847098,-35.2,-172.31,-179.48,246.18,2.043478074264561,1.1373239512117923,175.02844353548863,-31.13,-171.2,-172.71,250.52,174.58243049950653,2.032808387428584,1.1336486095788236,175.25367477777078,-33.65,-169.01,-178.55,246.6,2.0430748468913222,1.1390771045017096,177.36219643419406,-32.93,-171.6,-180.72,253.52,175.0890562131762,1.9903254231406493,1.1459438206125094,175.2933311138746,-41.11,-173.3,-180.17,230.16,1.2669666844313916,0.0230802483227528,30.05438227504642,4,2.5744144751768308,78,4,104.43439210235395,2.3537489968133807,6,4,114.61499683691017,1.82556195731616,6,3,115.51445990385406,1.83563483024266
MOWFIN_#[8],3545.48,3431.53,3446.01,3758.9,211.35,111.25,192.84,329.95,0.9370891198959715,0.0098442542312295,26.908937436819286,113.97562335018506,177.30794504094925,2.0334961371982,1.139380862574055,178.49450253310746,-32.95,-171.71,-180.62,253.47,2.031447575006554,1.145012056705081,175.9529060717587,-36.35,-174.36,-181.45,246.75,174.8096710546518,2.0286995169319675,1.1444601085227937,174.2342972754571,-33.34,-173.5,-176.59,250.07,2.042597243707138,1.1376416395332938,177.02314725227154,-32.51,-172.71,-176.18,251.37,175.6609182380987,1.989172131817656,1.1486442225510909,178.75387503005584,-41.03,-176.42,-180.57,233.91,1.294708494875519,0.0241307861564498,28.29935173317952,4,2.5873359928698862,78,4,105.6505891097367,2.3579489795158843,6,3,111.79126705162298,1.8389299198175009,6,4,115.89187821615424,1.811646557692751
MOXMIW_#[8],3429.15,3216.17,3474.74,3596.53,-250.58,-240.36,-595.8,84.4,0.6771476710775688,0.005280327344945,23.864425291594102,103.74850891924034,171.90624535077947,2.054639031557611,1.1438953579764202,173.61231351887363,-27.6,-165.42,-169.1,251.73,2.0167032925048742,1.162213018340441,172.79515257941802,-32.43,-172.34,-176.99,252.05,177.897570597381,2.04463515816392,1.147861198054887,179.0281354137344,-29.26,-168.11,-175.88,256.2,2.057112026604288,1.1249942844299254,178.17059205426258,-21.84,-159.15,-168.11,261.74,176.257232519337,2.000599277716555,1.1567375934065596,177.2893632275541,-43.74,-178.63,-183.87,231.29,0.451736258356382,0.0051994635099387,80.67523601397758,3,2.441026359955991,15,3,138.49048756920877,2.099437574685182,15,3,136.5960336816043,2.1050107576922272,0,0,0.0,0.0
MOYMAO_#[4],3743.33,3635.9,3741.89,3852.21,385.26,190.56,264.99,700.24,0.7706656307977764,0.0067136481382906,14.973529854934483,75.7128052805151,177.79731113528968,2.063679059350073,1.127955610828724,177.8721135943194,-29.18,-170.0,-174.82,257.29,2.042074136754099,1.1374014638640135,177.15321142995634,-30.81,-173.66,-178.52,259.74,177.70708506915977,2.051167036104081,1.1289066303286557,178.18489927764116,-29.19,-169.88,-177.38,259.71,2.046264349980227,1.1387372875250903,177.97620305224825,-33.68,-176.9,-182.62,258.49,177.4663787708696,1.998742879912272,1.1386978967223909,177.4020780015685,-34.35,-169.86,-177.71,244.53,1.0181326790336895,0.0219234785406394,105.03631197680473,4,2.502784870898816,6,4,122.53516391834307,1.866412074007238,6,4,121.11953806876912,1.7896106923015394,6,3,125.19435450111162,1.816066488320292
MOYMIW_#[4],3616.74,3418.77,3653.3,3778.16,380.71,205.92,243.45,692.77,0.765294237829333,0.0065839975247236,15.5069573729905,80.87243622648528,177.39591794177363,2.050665226213192,1.1372864283020354,178.21020134139434,-30.86,-174.19,-177.38,258.97,2.0443757506877254,1.1390698442150076,178.08903156301878,-33.97,-176.37,-179.4,253.87,178.67748140373004,2.0568377524734416,1.1346128723049114,178.55825411873505,-29.68,-171.75,-176.9,259.61,2.0463819120584503,1.1401269622283303,178.8905686735363,-34.44,-176.08,-181.19,253.95,175.96339415819904,2.00800553037087,1.145283632992282,178.2087078008084,-39.2,-174.42,-180.86,237.7,1.0044815759401071,0.0212982767949511,107.18739486456214,4,2.5004297770583364,6,4,123.80484294910237,1.7938346774438272,6,4,130.74815292685386,1.8790861209641243,6,3,117.53951680269616,1.819405380886844
MOYMOC_#[8],3689.88,3533.38,3687.13,3849.13,400.75,231.65,267.54,703.06,0.7592683433323901,0.0065199429166792,11.678085380301496,71.45981199836449,179.26721401324278,2.0370934048295384,1.1444162179906394,179.67127182561856,-34.49,-177.96,-181.84,256.34,2.051430388777548,1.1403667217171851,178.05811039710971,-31.77,-175.19,-178.85,258.75,177.1458232886387,2.0360826775944045,1.1486484362066578,177.4425694102358,-35.92,-177.4,-184.12,253.78,2.0582532278609458,1.133096116840932,178.0561477166316,-29.17,-170.97,-176.44,259.91,178.0289004812143,2.003859780523577,1.1471111105729903,178.47080529056765,-39.08,-173.95,-181.89,238.58,1.0019708224445716,0.021113684066009,108.13968569231103,4,2.492904901916638,6,4,124.67599982338,1.831305212136961,6,4,126.61119490086696,1.8356106613331693,6,3,120.66607683839484,1.8078571873906408
MOYMUI_#[4],3685.58,3561.8,3680.45,3814.47,387.44,206.13,249.82,706.36,0.7775120800251085,0.0068309262053233,27.24224473678933,110.45171947155848,176.33906270968117,2.039505023283835,1.1426519811386149,177.8308148362494,-36.78,-176.25,-185.52,251.42,2.051532873243811,1.1359291087035317,178.19742783409825,-30.19,-172.88,-176.4,258.71,175.0947039364111,2.0295694075345136,1.139415942489835,177.13567862258046,-34.15,-176.0,-181.58,255.13,2.060011041232547,1.1380475253696576,177.65174758732536,-32.53,-173.7,-179.95,256.06,173.4660210745126,2.00367675287208,1.1434636417481758,178.21920068507728,-39.09,-175.62,-177.84,236.19,1.0043096182174998,0.0210515681014408,104.27864116454494,4,2.503366267648423,6,4,122.88512280873566,1.8475227224583737,6,4,129.03322709604095,1.84620445779984,6,3,117.96153502645736,1.807752386252056
MOYMUK_#[4],3853.73,3754.79,3860.8,3945.61,59.33,146.61,26.13,5.24,0.7133258511617488,0.0058177835674811,12.609693636374018,71.84259622469735,178.39467825524028,2.0400902161424144,1.1506829146207038,178.15891462203348,-35.76,-177.71,-184.63,255.05,2.038618492999611,1.1523859813447896,179.0640608623914,-37.33,-179.72,-185.94,253.66,177.07915168844238,2.0363422207477795,1.1390221420148072,176.96622139043689,-31.87,-171.59,-178.66,254.63,2.059164944825936,1.1247869664963228,177.71678285593288,-28.48,-167.92,-175.39,257.87,178.3867435292889,1.996605824893837,1.1638005370337308,178.06630759524202,-43.33,-183.35,-186.47,239.83,0.977803720817772,0.0220255365742099,116.860471791653,4,2.462159850618964,7,3,120.62239524890778,1.6832363648638302,6,4,128.6606156139278,1.865656069590535,6,4,130.86509832299143,1.881979675766983
MOYMUK_#[8],3824.9,3710.09,3825.09,3939.51,42.21,-17.73,12.41,131.96,0.696137947917304,0.0054914789369865,22.37875343462747,96.74936772659112,175.59246329175457,2.0446415700557408,1.1466882662694335,177.4385288567876,-36.22,-177.33,-184.85,253.53,2.046461612149125,1.1359407290875705,178.67124633914423,-32.53,-173.73,-179.53,255.66,175.06216318639525,2.0523396258904127,1.141464151868117,176.85721811188114,-34.57,-174.92,-182.41,253.63,2.04213822255008,1.1386010934475688,176.02393363321323,-31.66,-172.13,-177.24,254.39,175.54841570171203,2.0098084759498853,1.156767327512322,176.1048460651531,-43.35,-180.98,-185.8,236.73,0.9485903128406544,0.0206883283092544,118.0994476850778,4,2.456760670069431,7,3,121.2010736307902,1.6945592760361028,6,4,130.9032599297905,1.8862513538762529,6,4,128.5274711542967,1.892290754614629
MOYNAP_#[4],3665.27,3529.83,3676.3,3789.68,392.54,201.15,255.99,720.47,0.7846973950680076,0.0068630165592249,20.299010085367044,86.75402321935009,178.5408770542738,2.052562866272309,1.1327895523882632,179.53276505452354,-30.38,-173.4,-176.5,258.75,2.0509692220996394,1.1358262763292637,177.32703573505776,-33.59,-172.89,-181.15,253.26,176.5562258540994,2.054086952881986,1.1298488527232302,178.5566625823362,-30.7,-171.82,-177.18,256.89,2.048417257298913,1.1359784901132592,178.5634483285525,-32.1,-173.08,-179.73,256.52,176.62627389609534,2.0179712634227487,1.129617337862694,178.37275803773915,-33.58,-170.85,-172.21,242.33,1.0111199007758231,0.0211273964267933,108.56988008042224,4,2.515619949435923,6,3,116.0329218786876,1.8229724792217792,6,4,130.8941987380359,1.859268097935314,6,4,125.4482222059529,1.8423794695990288
MOYNAR_#[2],3746.76,3576.08,3747.01,3917.2,122.78,227.26,49.09,92.0,0.8364314674150455,0.0079232026857676,29.6569091347626,120.06783755914866,179.53490351855876,2.045592630510777,1.16292072386728,176.6158976328517,-38.64,-183.69,-189.74,257.51,2.011896391467513,1.1611659054588197,177.84349733070655,-38.86,-180.74,-189.18,253.33,170.82157243245285,2.030394038111815,1.1434593871231278,175.13998027020148,-34.89,-172.23,-182.96,250.52,2.0122821000048674,1.1543565567016112,174.40196275551716,-40.02,-175.32,-190.81,246.07,177.6055874109732,2.011108144779888,1.147909417157992,178.79067308719505,-40.33,-178.59,-182.52,240.11,1.1674236470486232,0.0311530193191765,64.96288298224749,4,2.524113541423999,7,3,115.85931003666242,1.6979495192731733,7,3,117.56168609383842,1.694099468744382,6,4,125.26534462113008,1.845444342157194
MOZFEO_#[2],3628.97,3556.25,3628.67,3702.0,262.62,11.18,171.26,605.43,0.7081809705776223,0.0057405817346928,25.898940747460628,96.86271592538093,174.1354577028372,2.050615617320809,1.1366309515405602,175.78898436348996,-29.28,-169.65,-176.22,258.02,2.043339979053901,1.1434022258155705,176.21165547873105,-33.65,-175.27,-181.91,256.22,176.22986947308337,2.0559035045449,1.1377169463447394,178.25641326274234,-31.37,-174.69,-179.02,259.59,2.06128262496922,1.1317132675726655,178.07219460199047,-27.71,-168.2,-173.47,258.53,175.88507842968696,1.992250915422051,1.157727368597632,179.27582186339097,-41.71,-180.38,-183.94,239.2,1.0276455619848872,0.0248214807638333,102.56444373947404,4,2.46558711060875,8,2,117.36538542812994,1.6633612325649534,6,4,127.83577623610492,1.7860403718841296,6,4,123.1694720301608,1.8920686034073924
MOZFEO_#[4],3622.52,3548.27,3585.79,3733.49,264.27,164.98,618.01,9.84,0.7160592184180068,0.0058132670357753,33.62032892140934,122.9758101788533,171.67234482143488,2.0495696450718626,1.1312730262849902,174.90683218236353,-30.18,-171.54,-175.17,256.16,2.0547638136778645,1.1451413973828737,174.0271766230824,-32.26,-173.51,-178.56,255.28,175.1019940250713,2.051470847952757,1.1435406639031247,178.33813884190656,-30.4,-173.13,-177.33,259.27,2.041379959733121,1.1469791672040075,175.56582467051655,-34.22,-178.3,-181.07,256.7,177.9639790051398,2.004021160067927,1.134263113214918,179.5612693022686,-35.3,-171.81,-175.64,241.55,1.0283844884492788,0.0247011962877021,102.756191127264,4,2.469876616351512,8,2,116.99769302781851,1.665547024253594,6,4,124.48474248423318,1.889619699833806,6,4,126.53054584236452,1.7976941480685762
MOZFIS_#[4],3612.07,3539.05,3577.05,3720.17,261.26,-0.26,153.53,630.53,0.7074296920109528,0.0056630112889688,40.52850142119416,144.85371911524894,170.85729775882558,2.0336008851296263,1.1516407165431417,172.7325016714892,-34.08,-174.2,-180.88,252.85,2.0537084140646646,1.1403086687384252,175.93469237329674,-33.42,-172.49,-181.14,253.36,176.6061955510064,2.046837465457382,1.1364767661505448,177.86911596445805,-29.68,-171.02,-174.79,256.78,2.0459966593325607,1.1424177038194043,176.7184577630186,-28.84,-168.9,-174.05,256.42,172.5032444596527,2.012806900822829,1.1423163703633072,177.43763026165033,-36.1,-171.61,-179.07,242.38,1.0237062230171134,0.024435952837094,100.8752013259522,4,2.4630478801679843,8,2,115.77631113670584,1.66821635287513,6,4,125.40713672805224,1.792801623158569,6,4,125.19557622374012,1.880713218436028
MUBRUW_#[4],3456.27,3195.29,3465.73,3707.28,184.03,219.87,325.97,6.15,0.8243057030654612,0.0076615246064798,29.15347906654071,107.40839625632262,175.21472276145013,2.034865683528032,1.1504238957879824,175.8259694720481,-37.36,-177.89,-181.32,247.66,2.0366248083532708,1.1440744162859344,177.39867519080516,-31.67,-173.7,-176.72,255.36,176.7781310423323,2.046389535254713,1.143314519281549,176.15017408681047,-33.28,-175.25,-181.24,256.65,2.040458843005661,1.1504708818566425,177.60409028152495,-35.81,-175.73,-182.7,250.99,174.22320156187465,1.997322147276197,1.1550093592694386,178.6348408036458,-43.48,-181.45,-184.91,235.9,1.2068701140198153,0.0230910139934925,66.60187525123136,4,2.525715625322851,15,3,132.895075805191,2.257653706838142,7,2,110.8859942982244,1.7471382887453413,6,4,114.15490250835944,1.8293609293958368
MUCLUS_#[2],3359.02,3024.74,3441.36,3610.95,-209.01,-190.41,-567.72,131.1,0.682792985387795,0.0052904959019526,26.020212817927344,89.20643458927978,174.25164519390972,2.056631875178444,1.125994178492944,174.77839068423478,-25.78,-163.87,-168.11,254.65,2.041702517508366,1.1357947173675358,175.53326714007616,-28.67,-166.56,-171.83,252.36,175.77567915447608,2.027833262376373,1.1394901184301685,176.3998682465659,-30.18,-169.6,-172.7,251.77,2.066980795750168,1.1188300362432184,174.8271257028102,-24.04,-160.03,-165.06,252.97,179.22706139508335,2.019149338211515,1.1521960510260396,179.18110191824795,-44.72,-180.04,-183.99,229.88,0.4283220866750925,0.0049982527260846,82.7894157644081,3,2.45213534903765,15,3,140.53320515389015,2.0747499849379447,15,4,135.3713605410166,2.1870375831247166,0,0,0.0,0.0
MUDFAW_#[4],3690.56,3575.4,3682.82,3813.46,179.42,12.53,197.94,327.79,0.7352671191007316,0.0061707863426876,22.047722203171983,94.42126845677323,177.60350081488562,2.055118558623809,1.122333034352994,175.1215289143496,-26.09,-168.8,-172.82,263.36,2.036182801223897,1.1418800199670711,179.0547034811085,-31.47,-171.63,-181.1,258.32,175.84798740533458,2.0380297618042773,1.1450489989515742,175.99641531382346,-32.48,-174.6,-181.02,258.18,2.043183447466232,1.1610284578768948,176.9130218938785,-38.24,-182.87,-189.84,257.99,179.00329452069266,1.993922250239461,1.1336129895162634,176.14366772716,-33.95,-171.24,-175.74,245.14,0.9826429679487728,0.0213717671357327,100.45878069686994,4,2.474447635331975,7,3,121.45848476964476,1.7220261147845572,6,3,127.5585070205142,1.87612850572662,6,3,124.26489024359788,1.8599023495872025
MUJVIY_#[4],3490.26,3288.04,3465.57,3717.17,180.57,171.36,25.73,344.6,0.874354575819587,0.0087327398719032,30.59202642482586,112.39455999197408,179.26419832025047,2.008183910900593,1.144557215695222,179.2701541338719,-35.33,-174.55,-180.1,248.66,2.0565578085723737,1.141726613511307,175.35164053888428,-30.95,-173.86,-177.58,258.58,178.6728017455386,2.0177081280502387,1.1587455717283242,178.1352227943477,-37.76,-179.33,-182.18,248.23,2.014709991537244,1.160303904156148,173.76453257067882,-35.85,-176.07,-181.01,249.53,172.7346131219426,1.9859348025552097,1.176149331505145,178.61159049996505,-50.5,-190.89,-192.25,231.63,1.114354442529146,0.0338491336716397,37.871856856081465,4,2.541231673814885,8,1,114.53553233619247,1.5173243654538744,6,3,106.900787528677,1.921353684254932,6,4,121.93502190836564,1.956308086677556
MUJVOE_#[4],3475.24,3299.34,3494.66,3631.71,149.68,-39.58,189.95,298.69,0.7776088813815156,0.0068419834139807,39.95404209782056,137.79587296909446,176.1852736149567,2.0405444322533133,1.1358581689630098,176.56566025822215,-30.46,-169.65,-175.86,254.13,2.0539182310890576,1.1350326074611246,176.4622765639173,-28.49,-167.56,-174.71,256.81,172.26137219331176,2.025198805055938,1.1498051443614263,174.49197424138148,-34.93,-175.85,-177.81,248.87,2.050485408385049,1.1422742840491504,176.10035574883807,-29.62,-172.7,-176.17,260.0,173.66408343944153,2.0026842986352085,1.1423659702564672,177.29061163598718,-38.64,-175.57,-179.54,239.17,1.021573347946727,0.0245305955555299,54.914969511702935,4,2.501131563912623,8,2,107.1671254684937,1.656196636876189,6,3,116.2311395350989,1.885435032028418,6,4,126.19296363374738,1.9186163269398075
MUJVUK_#[2],3456.21,3298.85,3477.87,3591.91,135.05,-62.11,171.1,296.15,0.7547156121951955,0.0064047939056801,34.748709668616755,129.59048609612097,178.21474217240478,2.0394222073911035,1.146968151257915,179.29324169201703,-34.92,-174.88,-181.51,251.62,2.0478892377274702,1.1384157149301828,174.15540505500874,-28.58,-170.05,-174.08,258.4,173.50956683356662,2.0580011224486734,1.136841017908837,177.2071801558768,-30.39,-173.03,-175.9,257.78,2.0460219231474523,1.1337717715660414,174.50216226697336,-30.65,-170.63,-173.82,252.5,178.2295896933926,2.0119747985499226,1.1449721175644407,175.23691116837745,-37.66,-175.47,-179.52,242.0,0.993406492176856,0.0231107505039927,52.19001214774308,4,2.4934912251700423,8,2,109.51749959922913,1.671571192022643,6,3,113.75623145715755,1.88457429145152,6,4,125.90165833633512,1.937515207682252
MUSQAU_#[2],3616.96,3502.04,3587.97,3760.87,282.57,183.49,273.66,390.55,0.8528673223551482,0.0082957065046204,28.925756989911463,117.66663916925886,172.37331241410843,2.036543444172012,1.1367646986074118,173.90826078077168,-33.68,-166.33,-172.84,238.12,2.063480201019627,1.121028162001295,174.9294463312005,-24.15,-160.3,-166.23,254.08,175.35280411382834,2.014599578079972,1.144865376365274,178.933741979196,-32.75,-174.99,-177.59,254.32,2.034119418814933,1.1441396811578557,175.23595556724212,-32.03,-174.26,-178.07,256.24,177.3291598247684,1.981701700559395,1.140776073556945,178.8101469649338,-36.77,-163.87,-177.24,230.8,1.023493369490182,0.0325554940165721,34.77404431937492,3,2.537809261942276,6,3,121.10478328500486,1.8337778573207824,6,3,130.26789807834376,1.7066006123284965,0,0,0.0,0.0
NARLUO_#[4],3675.68,3572.78,3648.68,3805.59,302.58,228.18,295.45,384.11,0.7616564574051421,0.0065466563061129,13.90828601043016,72.21641111351482,178.92826169276853,2.050892900665464,1.144897261766313,178.1778106025728,-33.73,-176.82,-181.21,256.84,2.040806049089428,1.1307377635862348,177.7684417433363,-29.19,-169.89,-173.97,256.29,175.82566237221766,2.045486128039005,1.145269601447624,175.45025254666814,-38.28,-177.88,-188.02,251.07,2.0333251436993542,1.1492342711562338,177.3929768392794,-36.73,-177.18,-186.12,253.12,178.88647592486657,2.007705282156721,1.1410381150513775,179.62212913524414,-38.29,-176.11,-177.73,238.98,1.0035325683798846,0.0211967132603586,55.12200427250623,4,2.49263697517308,6,3,116.10401406609344,1.8095713608476447,6,4,118.3483843750074,1.8247248641918592,6,4,116.84816261911104,1.836549563719966
NEPBUH_#[2],3602.38,3424.82,3557.76,3824.56,419.63,250.15,274.47,734.27,0.7399295182440784,0.006225555969583,15.19655027448688,72.22510213834865,178.97522347373072,2.047441491227528,1.1258256570179952,178.02794330477545,-26.44,-168.07,-171.52,260.27,2.0381490549025103,1.1386599185006911,178.31018479514796,-31.7,-174.18,-175.67,254.75,177.17114933663632,2.0496745546549584,1.1375959607874844,178.65584877304087,-31.59,-174.42,-177.38,257.04,2.0302075780569826,1.1428238228178471,177.32382273031826,-33.69,-177.25,-179.26,255.46,177.26851276645604,2.000169885284748,1.1466441209023834,177.58806504991384,-36.64,-173.67,-177.05,240.81,0.9794781395157725,0.0202630016231233,105.67276263854444,4,2.477086223771793,6,4,123.30489846209731,1.833471488733872,6,4,129.7762176696795,1.8292809898973967,6,3,118.30303478549035,1.809549913652564
NESLIG_#[8],3633.99,3460.64,3576.09,3865.22,289.01,264.36,287.17,315.52,0.92988086773019,0.0097642122563517,32.837629871353656,140.71527306092344,174.35684033687377,2.007498655043136,1.1585111264031944,174.95826275979738,-38.59,-179.2,-182.35,245.79,2.023683893299545,1.1444781387165064,178.19044933177813,-31.52,-172.73,-178.28,256.45,176.8498085953473,2.023198183569765,1.1481139882433276,177.202855769567,-34.7,-175.98,-182.14,254.01,2.018203015060676,1.1425540731186423,176.45786092221195,-33.97,-173.2,-178.64,249.94,174.4581079996506,1.9954366664968348,1.131759488584036,179.08341345463964,-34.27,-171.42,-173.68,242.29,1.2378552401171838,0.0246268004924426,68.68951761979041,4,2.571532603332105,15,3,137.51626761477533,2.2497358289363665,6,3,109.67598714243528,1.7968615528192484,6,3,110.33208293198744,1.7865516393320398
NEVQOU_#[4],3403.18,3139.42,3509.35,3560.78,-36.61,-401.61,243.04,48.73,0.7560341648507425,0.0065888490477478,22.76811005708228,97.65946286489157,177.9328814624751,2.0349756779873323,1.1419068657294251,177.62795882951264,-35.16,-176.24,-179.9,250.66,2.0398771776751654,1.163167627644443,173.99521433758204,-37.21,-183.16,-184.76,256.3,174.8980181226184,2.046796504296409,1.134859405389055,177.5838787776878,-30.79,-170.97,-174.16,252.75,2.064892297433452,1.124950514467192,175.3967829370557,-29.0,-167.73,-172.75,253.47,175.6340423672197,1.9780197319541573,1.17344373959726,179.08114475487045,-49.43,-186.26,-190.05,228.02,0.988708226907714,0.0322890875308425,33.90654361459505,3,2.486532776779748,6,3,139.43044902573325,1.650488470120285,6,3,112.27092714027636,1.83951474307764,0,0,0.0,0.0
NEVQUA_#[2],3708.23,3624.25,3713.64,3786.79,218.25,109.8,178.32,366.63,0.7488983970664667,0.00647956358932,24.688618337256926,116.19997220214834,177.87559284281693,2.0264845841999386,1.1428042920815455,177.36133098687634,-33.83,-176.68,-178.36,253.55,2.054009564242581,1.14807369536977,177.97299110425422,-33.6,-177.21,-182.92,259.33,171.11149464585006,2.041488785176152,1.1330542970219917,173.79158570435976,-31.46,-170.51,-175.7,251.83,2.034159681539284,1.1088573082231996,175.07247827438002,-23.9,-160.2,-166.62,255.11,177.29287927751403,1.977361969898279,1.142497956234496,178.82352546445034,-35.47,-170.69,-178.18,242.47,1.1970045347929072,0.0217346715472816,167.5781201433536,4,2.4760399552511267,26,7,138.61911760898352,2.2891748054703034,6,4,134.8131643188803,1.7551043216857507,6,4,122.94009233882514,1.813105904242772
NIGCAJ_#[4],3689.53,3542.2,3711.31,3815.08,230.08,-19.91,166.56,543.57,0.7766505597244437,0.0068125669848267,32.2448784432452,126.68604991845696,173.65342812463803,2.039854960530282,1.1422557375649292,177.766256455618,-30.93,-174.05,-178.74,260.01,2.042227923127093,1.1417846863572831,173.79622738801896,-33.36,-171.69,-179.45,251.08,174.4279790926162,2.03335139363564,1.1550020735912123,175.80187636705293,-35.89,-177.93,-185.37,255.62,2.0323213230195663,1.1455039502332585,177.48967734718397,-34.34,-175.37,-182.58,254.93,172.3976372058796,2.007009877902948,1.1341923910871547,176.08325542695542,-34.23,-171.31,-177.4,246.01,1.0784727661319766,0.0266301950070533,95.68970498928118,4,2.4969434314777725,8,2,116.25891956964853,1.6679343542238108,6,4,121.23510243554254,1.8675669894276887,6,4,123.46532843541816,1.7983834185178642
NIYNUE_#[4],3506.74,3264.22,3459.89,3796.1,90.12,-76.6,124.34,222.63,0.9071548446391272,0.0093113752393008,22.57749320810516,103.86271753270732,178.09393495681542,2.032755509155,1.1264760716499929,176.14686780092265,-27.52,-164.79,-168.67,250.91,2.0429954038127454,1.1394092943275471,178.23567944840184,-31.46,-171.97,-174.84,252.43,175.5352922202157,2.037165300116807,1.1437411376705828,177.30398177513416,-33.74,-173.96,-175.2,247.93,2.0224230467436835,1.147813125033862,175.4362758833215,-36.28,-176.92,-179.92,248.02,173.93543732217222,1.978514462924141,1.1527191201676146,178.13549404904148,-43.48,-175.85,-181.46,226.88,0.9672057251776957,0.0280584911666222,30.937252894512056,3,2.567063651333952,26,8,126.00596274964728,2.2619334450863047,6,3,120.69066926656927,1.6890942543268568,0,0,0.0,0.0
NOLGII_#[2],3739.19,3598.94,3755.31,3863.32,103.9,-42.48,263.58,90.6,0.7175314883892807,0.0058709558506972,19.40266926657713,85.07698587393688,179.39330452808989,2.0296513690779507,1.1440206903723378,178.0241691311306,-32.03,-173.53,-180.84,258.27,2.021881433220059,1.142670932508568,178.94487041166852,-31.07,-174.74,-176.56,258.09,177.63404622866398,2.017007560719593,1.1452017027580774,177.67793403160965,-32.25,-174.48,-178.9,256.64,2.0467153978997668,1.1308105500038452,177.68366510207758,-28.1,-171.23,-173.89,260.82,174.90764158780627,2.0169127447661195,1.125358844991232,179.41824838169313,-31.91,-168.19,-173.8,246.25,1.1447044911727655,0.0321290783480279,59.98603412923725,4,2.456952594170265,9,1,111.2047961602309,1.606499116090638,7,3,124.71209988569557,1.673308859714787,6,4,120.48811025725108,1.801640824359839
NOLGUU_#[4],3675.65,3523.07,3707.09,3796.79,108.59,-42.52,274.2,94.09,0.6785553050089921,0.0052238286669908,16.301189527345926,73.62738282638215,178.00207752518926,2.041545532188788,1.1339638486301045,177.95627590190796,-29.69,-171.78,-175.7,258.41,2.070650945958782,1.109365845877725,178.1321206515986,-18.73,-159.75,-163.65,267.22,178.61700857870122,2.0422273477749737,1.135048699395756,178.29535831408418,-30.39,-172.69,-178.61,260.14,2.045537115282927,1.1366029605803425,177.9108953948795,-31.96,-173.51,-179.53,257.15,177.66488403407786,2.0154228538944388,1.138919492325951,179.34094305785231,-37.73,-175.82,-178.91,241.54,1.1335522650100174,0.0317126387577619,61.74508138300861,4,2.4502099420253773,9,1,111.10810602897496,1.6156934146056303,7,3,124.71619124508442,1.655339255258571,6,4,121.32922894377216,1.812492626191896
NOVPOD_#[4],3639.45,3487.45,3600.91,3829.97,225.93,-75.62,265.55,487.87,0.9244576318685782,0.009848143974774,34.686517145219725,126.06817715982224,173.86137687350598,2.005442031074445,1.167666823199152,175.00586371837528,-45.73,-184.15,-186.36,233.31,2.03075521419988,1.133767652563788,176.88507811216672,-34.06,-171.98,-176.19,246.0,176.24092319462233,2.012587620452834,1.1607419954494629,178.4831831953959,-37.79,-175.59,-183.6,245.82,2.060857069279672,1.1217913709776886,178.28759842311345,-28.36,-166.48,-168.13,249.54,171.17996820908365,1.958039769769757,1.1667269989161986,178.95024448007447,-48.01,-177.47,-184.82,218.27,0.7244456370509362,0.0178002718187502,74.9374663249999,3,2.568210920076464,15,4,126.89832279969794,2.2024446962409763,6,3,128.99701306470058,1.847308688335548,0,0,0.0,0.0
NOVPUJ_#[4],3574.68,3467.27,3534.42,3722.36,29.38,-239.34,268.24,59.24,0.643480370371337,0.0047775813621004,16.63430253341322,77.02450298090594,175.55823219484515,2.0508020284756903,1.1253148092867156,177.39697154754788,-25.84,-166.34,-172.28,261.11,2.0394985143412088,1.138626216104302,176.55689101183748,-32.19,-174.98,-177.57,255.98,175.29251808421776,2.033869732800014,1.1415142706072492,175.37482234466978,-31.16,-174.36,-176.71,257.58,2.0070922076476703,1.1426783011854214,176.6593055009826,-29.32,-170.02,-176.13,258.18,177.54568614271008,2.0124248110177936,1.1519368819514373,178.7992149806443,-42.75,-181.79,-183.63,237.17,1.0221469772320737,0.0249841256230777,49.1494978234384,4,2.4148256810792774,8,2,109.7224538288542,1.680992546086984,8,2,117.97328185752768,1.689535646264973,6,3,122.8165172525808,1.8296548964217272
NOZFIR_#[2],3548.14,3483.59,3497.75,3663.07,76.88,-104.26,147.64,187.26,0.7645794586488144,0.0066351808864433,31.33531905299185,112.64225778609412,172.8898104866745,2.030582283484223,1.147948975346901,177.87070050333577,-37.45,-179.08,-181.05,247.78,2.039873069580556,1.145559046928617,175.0333326598434,-35.66,-178.49,-180.56,252.08,176.11132825146944,2.0362257954362524,1.1369959762461783,176.95422015434823,-34.21,-174.45,-179.13,250.93,2.037855355514713,1.1378171953349985,177.32072064896784,-31.08,-171.71,-174.79,253.25,174.71306353933272,2.000018632413209,1.1413320069112225,178.6265467177398,-38.2,-174.71,-177.11,237.21,0.9544759579411062,0.0188987426188688,59.14284996708072,4,2.4876587024750805,6,4,123.28167019791778,1.87388532199812,6,4,121.41422384444388,1.8635426155577977,6,3,111.28179447163733,1.8165962539871097
NUDNIK_#[2],3646.72,3456.76,3645.98,3837.43,190.83,193.08,281.31,98.12,0.6962276201041746,0.0055175061746667,7.6625879140324,63.67911982206114,178.60764377001405,2.035811833151581,1.1273369948688812,178.33345772678882,-27.72,-168.57,-172.01,257.43,2.0450105623199115,1.1315889448028371,178.4522052786439,-28.97,-171.16,-175.01,259.26,178.90048717070644,2.0464967994111305,1.1240590420436107,178.47161163713952,-25.41,-167.45,-170.29,261.5,2.036141576610036,1.1385002195871543,179.40287087187284,-30.46,-172.12,-177.31,258.05,178.3013103462713,2.006080678836223,1.1393020363362825,177.90558642116255,-36.45,-173.39,-174.93,238.98,0.9523308096037828,0.0188188063739836,59.4429861159997,4,2.451644862128281,17,1,114.13073645696176,2.0545503790367365,6,3,118.84276173494472,1.7825612051203183,6,3,123.22198157133536,1.7713032264409163
NUDNOQ_#[4],3597.09,3357.93,3620.67,3812.66,309.79,178.9,45.82,704.66,0.7380285850918169,0.0062028628353129,16.745656889458346,90.649116742575,178.92138577091868,2.041759366330909,1.1410789718507657,178.7040957804515,-32.02,-173.63,-179.94,257.52,2.0575379413269643,1.127228322035958,177.72025531865998,-27.18,-168.96,-171.86,259.28,175.5981370741024,2.0413703265208887,1.1366770385646043,175.59796435572733,-32.13,-172.36,-180.32,256.3,2.04381610229492,1.144609383152174,178.62743307816734,-32.08,-176.83,-177.75,258.33,177.53119396549403,1.995233344749432,1.1479888893190553,178.61228664897743,-39.52,-175.11,-181.08,237.65,0.8930920027086287,0.0173739509363153,128.2304931271404,4,2.4787605672997133,17,1,115.96973633035702,2.053250303786657,6,4,134.15491256934013,1.8141587416761524,6,4,133.62910960939195,1.8247601267015887
OBOCEO_#[2],3427.95,3300.82,3392.79,3590.24,199.75,111.02,179.19,309.06,0.8526749067357435,0.0081579948284969,42.75478817141149,157.70259392443526,178.41951310634693,2.0489530131264604,1.145023357840354,173.111359410864,-36.52,-175.56,-183.61,249.62,2.045575921348313,1.1405736188427291,178.58520417542417,-31.96,-173.09,-180.11,257.31,169.1426079854694,2.0363657186271817,1.1445954132356118,170.75217806517594,-37.49,-173.15,-175.42,236.1,2.0562161972905475,1.139110473132435,174.68671246813082,-31.07,-171.14,-173.61,251.53,176.15409873037973,1.9959887224130304,1.1453669019139674,176.20727929496837,-38.97,-174.95,-181.35,239.4,1.1934136296523512,0.0222338185830984,79.05010180211316,4,2.548224858602553,15,3,132.0694899126643,2.2865516657184903,7,2,108.24906113380877,1.7534081812287747,6,4,120.27637075496447,1.8879547134399173
OBOQIF_#[4],3482.19,3357.22,3445.85,3643.48,234.57,196.03,212.45,295.25,0.8348407387003645,0.0078232135265185,15.746449399707616,86.77523677617793,177.45845386811325,2.0574518050248463,1.126588988939622,177.87516000965127,-28.77,-169.29,-175.62,258.6,2.0511921947979426,1.1378998989366336,176.42613420588634,-32.72,-174.56,-178.97,255.38,177.13122821826497,2.0498004902916778,1.1376115769453123,176.49671412086798,-29.25,-170.39,-176.53,259.19,2.044315017310199,1.1409281397178344,177.70559317176398,-32.72,-174.76,-178.54,255.13,177.07624794209218,1.9956825073142272,1.1560951085442754,179.34838807149993,-44.2,-182.78,-184.21,234.39,1.0649981819172012,0.0234407797443208,37.79457729619921,4,2.5405928461679967,6,3,110.59304035911497,1.828399299934236,6,3,116.51387826727918,1.8342669516730656,6,3,119.33440448304388,1.8291159230622864
ODUKED_#[4],3590.49,3363.42,3638.67,3769.39,356.11,125.5,256.2,686.63,0.7651785133622608,0.0066158721311642,25.952944917122736,106.42094724570536,175.15577511366308,2.0581739139343886,1.13183754134593,176.54908038125984,-31.53,-171.5,-175.1,252.02,2.028336180222598,1.1337005115990733,176.82769016582762,-29.65,-172.21,-174.54,257.81,173.5320620255466,2.033039989769016,1.148020269855894,175.20001981278529,-35.24,-177.59,-181.48,253.36,2.0575886736663382,1.1360857978163446,175.83558549415096,-31.61,-173.46,-177.79,256.42,176.85804184864776,2.0094575014167377,1.1353915183759304,177.83504138539806,-34.74,-169.18,-176.27,241.24,0.9843429939543344,0.020131907198371,100.88446782063954,4,2.496426359819172,6,4,125.0852397421007,1.852680927736884,6,4,118.63649328448672,1.84561196625943,6,3,118.7659887692392,1.8223001975525328
ODUKED_#[8],3523.01,3323.97,3518.89,3726.17,221.26,167.94,238.74,257.09,0.7682225135549796,0.0066428366609104,17.081379489504002,78.29931377503634,177.32762460153094,2.0307676922779723,1.1398252980172008,178.31961304617082,-32.39,-173.92,-179.48,256.23,2.042913218910681,1.1392137156828823,178.24268088175302,-32.92,-173.9,-178.84,253.98,179.1886018928726,2.053425688940313,1.1334959814661891,177.8716411004192,-28.85,-171.64,-172.97,258.07,2.0290554329539647,1.1387326376283415,179.43892343755164,-32.59,-173.09,-176.53,251.85,178.1654031818376,2.0190242915824466,1.1443113256452546,178.35571018627766,-40.26,-175.98,-180.73,235.94,1.024954804807936,0.0222639082864162,36.426597946092286,4,2.495970773066063,6,3,115.60704409533987,1.8034245894963283,6,3,116.02798991911916,1.8117589381592685,6,4,113.64487945171184,1.8228191819267208
OFADEG_#[4],3283.42,3076.22,3194.81,3579.24,296.22,339.09,454.86,94.7,0.9718559815720632,0.0105009424009797,39.32525875348834,153.59729292256335,174.44179253958973,2.0289143698047,1.1651503336479805,174.84246975768005,-42.53,-182.08,-188.5,242.99,2.0302427908996497,1.1515455223307494,178.0030856674446,-35.1,-175.89,-178.36,248.95,174.0807316161179,2.035717409170536,1.1467703955020812,178.60033535272777,-37.01,-176.34,-180.74,246.05,2.0555388539261434,1.1280862068122282,175.4442947513947,-30.28,-168.36,-171.55,249.06,171.7607897940439,1.998432720909063,1.136487197464186,179.30086287106516,-38.43,-174.48,-177.35,236.56,1.4726759740993176,0.0277553529708026,59.338814182768616,4,2.6128828178852563,74,6,120.21730610933405,2.577810252908464,6,4,117.66071719513448,1.9218298597950865,6,2,94.42976989214011,1.7961872368993164
OFADEG_#[8],3404.75,3111.36,3460.59,3642.3,296.22,339.09,454.86,94.7,0.8986562933803286,0.0090593972593827,35.07572796637359,142.2033002373421,168.63722816558715,2.0607576616380685,1.127711674143706,170.7670602429344,-30.52,-165.82,-169.62,243.87,2.036760270625878,1.137608618989853,173.18793786488965,-30.68,-169.65,-170.47,248.07,178.0178335535361,2.06990263780691,1.1310206054710052,178.29436480034664,-33.01,-170.1,-179.88,250.94,2.037129963944372,1.1412090299327289,176.90750399325478,-33.71,-175.32,-178.93,253.13,177.42455526846624,1.9885318503861085,1.1373251601894687,177.5752677073033,-35.84,-170.03,-176.46,238.98,1.4726759740993176,0.0277553529708026,59.338814182768616,4,2.577810252908464,74,6,120.21730610933405,2.6128828178852563,6,4,116.09803003509111,1.9218298597950865,6,2,102.90086632668988,1.7961872368993164
OFADUW_#[4],3351.28,3079.65,3336.35,3637.85,213.34,1.06,268.25,370.73,0.9698714941083072,0.0106006219236934,44.90617413850767,158.64941376258628,175.39490420855483,2.0535800203546977,1.1387582447561029,177.52060583546967,-33.29,-173.07,-176.39,249.59,2.0381501073277204,1.1392870533803146,175.26452869419722,-33.67,-173.48,-177.34,249.79,168.7252604350173,2.0432383757163533,1.1450346850641675,172.39238331871965,-33.22,-171.69,-172.68,244.72,2.050484523228595,1.1375670441780563,171.55385973332957,-34.14,-170.24,-174.74,242.55,172.9387881235475,1.964269581803883,1.1623424753488103,178.03263687666922,-49.87,-180.72,-188.43,219.53,1.4460388593293751,0.0263668303755785,70.3086832771948,4,2.611867418151235,74,6,116.98658844551528,2.606943641508193,6,4,117.01052436916808,1.957663418466004,6,3,118.99071760101964,1.81510878186405
OFADUW_#[8],3275.03,3091.45,3177.06,3556.58,213.34,1.06,268.25,370.73,0.9654675988594932,0.0104262097282984,51.1672471893844,181.50565893639904,171.2810623735308,2.039626056413282,1.1478168015846426,176.03972556793877,-37.98,-177.4,-178.93,242.39,2.023737858518242,1.1487492763871494,175.73950374007646,-38.41,-174.53,-178.7,238.0,171.2090451387461,2.0463522497361004,1.1384646195644377,172.69574669440175,-36.05,-170.48,-178.57,240.9,2.0440637490058866,1.1413337548675233,176.81330976928763,-34.97,-171.26,-176.94,243.29,170.2450805575312,1.9845354972889755,1.1559194695133392,178.63330585573956,-47.02,-183.64,-185.43,228.02,1.4460388593293751,0.0263668303755785,70.3086832771948,4,2.606943641508193,74,6,116.98658844551528,2.611867418151235,6,4,116.32810849914952,1.957663418466004,6,3,105.10786283204952,1.81510878186405
OFAFAE_#[4],3434.26,3254.38,3356.45,3691.94,213.19,-11.28,278.28,372.57,0.981591131355166,0.0107949764945678,31.012851108732463,131.37449786815776,171.39795761027193,2.036543039073812,1.1408430654564194,173.54226613808228,-33.3,-171.67,-177.23,249.0,2.0440174681249683,1.149737161267738,174.94001032206185,-36.22,-176.27,-181.67,249.28,175.72405480427358,2.045600364196292,1.1355298675067953,174.92322840987464,-30.63,-170.0,-172.73,250.83,2.047769650131577,1.130122940214913,178.09868596266128,-30.92,-171.27,-173.41,251.92,175.8023205412194,1.972550980329787,1.1536614928132076,177.96573638061952,-45.03,-177.77,-183.81,226.48,1.4442103907866166,0.0261374334684895,66.62077371761492,4,2.6182509791843867,74,6,120.02218202303744,2.6140145772355594,6,3,112.60740257978246,1.8225051001300367,6,4,116.53561760946802,1.965550065503292
OFAFAE_#[8],3375.25,3150.57,3352.08,3623.11,213.19,-11.28,278.28,372.57,0.9684596360680842,0.0104851803624169,38.289012485178006,170.2211914839884,167.88378962328824,2.023930967202193,1.1454625004774264,175.3742231784314,-35.3,-172.47,-177.45,244.02,2.0554848211553405,1.1401983204688555,169.48424866341196,-38.56,-169.55,-178.68,232.55,175.78066748533982,2.0500867371894285,1.140837354753078,177.65758783448788,-34.77,-175.18,-178.09,248.96,2.05389346120971,1.1304477033458906,177.0737335214691,-30.19,-168.9,-172.78,251.12,172.69271463900796,1.981297991216869,1.155371585248659,178.21648177000395,-43.77,-181.43,-183.02,233.14,1.4442103907866166,0.0261374334684895,66.62077371761492,4,2.6140145772355594,74,6,120.02218202303744,2.6182509791843867,6,3,106.44247815018278,1.8225051001300367,6,4,116.88959272300508,1.965550065503292
OFAFOS_#[2],3402.47,3199.47,3390.01,3617.94,195.44,-65.84,200.0,452.16,0.9075125413296156,0.009181496014711,34.124771102480466,134.21128745196177,169.3077768784133,2.051093491287025,1.1428366899955564,173.760303309235,-36.65,-174.28,-180.08,244.4,2.048890367979703,1.1490476970082657,173.19979526045728,-36.39,-176.27,-180.04,247.15,174.736987456789,2.0453078276875583,1.1394793635691698,174.60819892908697,-31.52,-170.57,-174.03,250.03,2.0380783498187696,1.1478386515534325,176.32355503293158,-34.22,-175.69,-178.46,251.5,177.36835869438485,1.9961322651567968,1.1331268993365218,178.59759398122748,-35.65,-172.19,-173.48,238.73,1.382753320632292,0.0240922760632218,66.6025364922218,4,2.5804079851837387,74,6,125.03335506295456,2.568672487881629,6,3,115.54074552197493,1.864860018875411,6,3,108.99258679375922,1.901467133557665
OFAFOS_#[4],3339.9,3143.25,3321.89,3554.54,195.44,-65.84,200.0,452.16,0.8829755813286781,0.0086951849672595,68.08021167593039,250.38449236232083,167.68662771001482,2.0588560925912227,1.1382129897343465,171.65525904995962,-37.7,-174.4,-175.96,237.27,2.053990920135726,1.1338885571342532,174.81864896349728,-33.13,-168.53,-172.85,241.99,167.34668243826462,2.0350225600715093,1.1375191954424329,174.3883743937758,-36.77,-173.96,-179.07,242.72,2.046166107626651,1.1412289034194674,173.87636505188985,-37.5,-174.75,-176.64,238.88,165.22923031310566,2.000400014997,1.1407924657885848,176.51393729909975,-42.59,-173.8,-180.32,226.34,1.382753320632292,0.0240922760632218,66.6025364922218,4,2.568672487881629,74,6,125.03335506295456,2.5804079851837387,6,3,113.96911107588116,1.864860018875411,6,3,109.12201724674364,1.901467133557665
OFAFUY_#[4],3374.72,3122.05,3362.34,3639.77,178.41,-93.27,185.33,443.17,0.913907465504482,0.0094049783482645,41.30831953807501,140.76137149435138,178.52752196704964,2.049082997342959,1.1412747872445088,179.66191668841267,-31.96,-173.34,-176.61,254.06,2.039651217733071,1.1359144730128226,174.39723646586927,-30.11,-169.83,-170.77,250.26,169.42438689786022,2.0339895206219727,1.1444473819271903,173.61181961275005,-36.81,-175.28,-179.16,244.01,2.043481154794436,1.14109283145588,173.19571666791137,-32.62,-172.99,-174.4,249.52,174.02721394917316,1.979662809672395,1.151060732541946,177.96183767358082,-41.78,-176.97,-181.63,233.27,1.3787210109729149,0.0238462474560737,69.02697159473851,4,2.5775180193356566,74,6,126.17597154403472,2.5766052122899983,6,3,107.9559565913276,1.895926259114526,6,3,114.86659910860324,1.8794759615382144
OFAFUY_#[8],3398.11,3131.91,3380.4,3682.01,178.41,-93.27,185.33,443.17,0.9105032201345268,0.0092809206843303,43.59123078194021,156.90087125190567,172.18448290299312,2.0277506281591915,1.1391385956063462,176.83706427870234,-34.29,-172.0,-175.06,244.18,2.0439522817326243,1.1388897883465277,172.94106467074167,-33.54,-172.2,-176.23,247.82,175.49301904260517,2.046415436806514,1.1441800470205727,173.56532223924248,-33.09,-172.92,-176.89,250.53,2.039778429143716,1.1449202854347549,178.1281161576075,-31.78,-174.18,-175.98,254.83,172.53077494183077,1.993619625204367,1.145450431053218,179.02953847794083,-40.15,-176.45,-178.62,234.62,1.3787210109729149,0.0238462474560737,69.02697159473851,4,2.5766052122899983,74,6,126.17597154403472,2.5775180193356566,6,3,108.55935348452564,1.895926259114526,6,3,114.18738106609908,1.8794759615382144
OHAYII_#[4],3546.88,3386.68,3578.32,3675.65,239.41,217.37,248.02,252.83,0.7782012333202559,0.0068442203651445,17.16111579581481,85.79741630938624,177.2071622357796,2.044357786689991,1.1438037244212842,177.78589076643934,-35.03,-177.3,-179.86,252.06,2.0449140837697803,1.1392500910686818,177.13758527994497,-31.22,-174.47,-178.07,258.87,177.95286721215848,2.0469525837204925,1.1323712906993009,179.11481343167458,-29.45,-171.83,-173.23,256.71,2.064209640516195,1.1362947240923018,177.15642483721078,-29.6,-171.71,-174.99,257.89,175.53707317072374,1.997916136878623,1.1449450205140856,178.60880424875833,-40.11,-176.77,-179.31,235.75,0.9721796993649778,0.0194682410301619,41.31155150732184,4,2.5065907863071706,6,3,114.17871915411412,1.8798546406570908,6,3,117.0054712517482,1.880795166944024,6,4,116.7156125269634,1.8147631525904413
OHAYOO_#[8],3610.08,3509.87,3618.58,3701.78,223.95,133.42,205.6,332.83,0.7939967553572043,0.0071021359910436,21.621704465322185,100.90670248279112,173.86500904717553,2.053976019821068,1.1352200887933594,175.15029510344135,-33.65,-172.11,-183.31,254.47,2.0240197158130653,1.1439584258180029,177.72753292538422,-34.78,-176.31,-181.06,253.04,176.7017333705154,2.060415183888917,1.1332533917884386,177.33943172411563,-29.63,-171.09,-176.5,258.71,2.047064757158405,1.1359686835472178,176.67468265443327,-30.96,-172.86,-176.95,256.94,178.1981778083067,2.006853372820247,1.146509790625443,177.76831162561896,-39.8,-178.89,-181.7,241.19,0.9507547549879274,0.0181103743609387,32.340514538137825,4,2.514863863114664,6,4,122.05760105591123,1.881496646289864,6,3,109.8300344236803,1.8786814578315272,6,3,111.68429993771322,1.8829039752467456
OHIBUC_#[2],3345.38,3150.87,3423.45,3461.82,75.91,-154.52,103.49,278.77,0.7440147666724113,0.0061496340922834,19.137529439566407,80.56586258731443,177.01362227347545,2.0605666065429675,1.1530437545904324,176.55992662565458,-37.19,-181.73,-183.17,253.32,2.043078326937075,1.150902089667058,177.1172966477816,-32.93,-175.18,-180.8,257.18,175.61883015379416,2.051421655827977,1.1397543375657753,175.43250261903364,-32.54,-172.05,-175.4,249.83,2.03886620698858,1.1521815568737408,177.00457506023955,-33.9,-176.47,-180.49,255.26,176.8666384426091,2.0504536132280577,1.1047361178127573,177.31172670565542,-30.97,-158.66,-169.39,235.15,0.975489045061886,0.0303389346962409,29.791719329248693,3,2.495286141908379,6,3,133.35127793070976,1.6930436881545612,6,3,115.34675644875206,1.834295028069368,0,0,0.0,0.0
OKUTIZ_#[2],3575.37,3443.32,3480.36,3802.42,460.78,205.8,517.12,659.42,0.9793650891473552,0.0107313106411637,38.92567502697298,149.2985276113401,175.08129697909553,2.040171223206523,1.139926668694088,177.7748188856021,-33.67,-171.56,-178.38,248.93,2.03845524601351,1.140584258176484,175.1593461834251,-38.51,-175.25,-180.99,240.69,178.70549296460302,2.0616471012275603,1.1280451143460533,177.70760619266625,-29.16,-166.57,-174.29,253.37,2.03762547098332,1.1411158311056775,178.91756782087765,-38.24,-172.62,-182.2,240.1,171.46860144508375,1.9767637466323589,1.1493986079685323,178.32946102050633,-41.74,-176.88,-179.16,230.82,1.3425945036569062,0.0658230428622472,34.053983564056054,3,2.6185516111010685,6,3,114.22387209251347,1.8023979638248595,1,1,98.11953954280771,1.4208135028919178,0,0,0.0,0.0
OLOXOE_#[2],3401.24,3063.38,3359.51,3780.83,152.38,-163.06,236.28,383.93,0.8918981860069786,0.0089067626445006,25.666224680356702,103.67375251275412,175.52720954874425,2.031790788934728,1.142989663120363,175.750369353847,-31.14,-169.55,-173.36,249.49,2.056908012041374,1.1310658778338245,175.7349838025268,-28.29,-167.4,-170.27,252.8,176.0477466364476,2.016806706157038,1.1497903721983411,175.72640564585458,-34.68,-175.0,-179.81,250.78,2.065333324187649,1.1351160777647364,176.26255526128014,-31.31,-169.53,-176.93,252.54,176.1468859915249,2.0060891056979497,1.1472491621265188,178.360427831576,-40.12,-177.23,-180.88,237.74,1.5751999054387524,0.0326206784512418,48.195605618397934,4,2.570524499007936,74,6,124.72625080474238,2.5784564917795287,7,3,106.55499326793532,1.7781210785545525,6,3,114.8434292308521,1.7956600067941595
OLOXOE_#[4],3359.12,3085.05,3207.39,3784.93,152.38,-163.06,236.28,383.93,0.9077440124728872,0.0091813287228433,15.78390729421038,89.69945114462143,177.8701301476937,2.03345790957177,1.1465721172259518,177.92820401934645,-34.7,-174.21,-177.92,248.03,2.04580518622864,1.1431066135754804,177.36784149013712,-31.94,-173.98,-176.77,254.92,176.47844426169232,2.047673592152812,1.1396604538194697,177.02373499892397,-33.51,-174.51,-179.12,253.08,2.04103313544881,1.1454786510450554,178.53896270317688,-35.52,-175.35,-180.59,249.39,177.81476501792994,2.001080598076949,1.1500777147653984,178.96172142165136,-41.35,-177.02,-183.78,236.75,1.5751999054387524,0.0326206784512418,48.195605618397934,4,2.5784564917795287,74,6,124.72625080474238,2.570524499007936,7,3,109.41627682401536,1.7781210785545525,6,3,108.0213486520579,1.7956600067941595
OLOYEV_#[4],3434.57,3189.97,3402.22,3711.51,158.89,-143.43,248.02,372.09,0.8481013642712103,0.008055274777627,17.375453434440246,87.94966559743648,177.64238820926175,2.062659722300312,1.1282856110045896,176.66794402011365,-27.66,-168.2,-169.34,254.56,2.028876383617297,1.135840525778157,178.22570538885395,-31.38,-170.26,-174.06,250.17,178.35494191064723,2.043076028932844,1.1325019161131693,178.13671696007674,-29.73,-171.16,-173.98,255.94,2.04876258507422,1.1387565060187357,177.45752949574964,-32.38,-174.06,-175.94,252.86,176.69722490721313,2.0047454850928084,1.1407529706294874,178.19038980239054,-39.68,-176.17,-177.83,234.95,1.5153051458245677,0.0305903328734706,45.41798354254067,4,2.5464848595662217,74,6,125.29247747806964,2.5465046122086643,7,3,111.7924013999446,1.7674838867723803,6,3,110.71076615107346,1.810200439177938
OLOYEV_#[8],3309.75,3030.86,3199.13,3699.25,158.89,-143.43,248.02,372.09,0.8452252965872589,0.0079803825601011,32.78935061522232,124.3638733751162,174.09531102725293,2.065948365763288,1.1213574719954378,176.75462594795007,-28.74,-167.29,-170.29,251.36,2.036004580053788,1.134654771285082,177.043902987723,-33.79,-170.46,-176.29,245.39,176.60797244023487,2.038485020793628,1.1400781946866632,177.279194950319,-32.98,-172.22,-176.99,250.25,2.046959230175335,1.139151513188654,178.20909443523263,-32.33,-171.46,-173.25,247.73,172.2167208897341,2.0094499744955083,1.1415939470757543,177.71048608413813,-41.85,-176.39,-180.03,230.88,1.5153051458245677,0.0305903328734706,45.41798354254067,4,2.5465046122086643,74,6,125.29247747806964,2.5464848595662217,7,3,106.2259783142293,1.7674838867723803,6,3,108.97694893416144,1.810200439177938
OLUGEK_#[4],3590.79,3425.89,3541.19,3805.27,268.98,193.11,248.5,365.33,0.8278414432105909,0.0077885854595807,31.084081269698856,126.96609063275528,175.41916198650728,2.056859008293958,1.1314162319853818,179.48601108971832,-29.54,-170.69,-174.44,256.53,2.0420772610261344,1.13170464344722,177.6138142270043,-32.36,-174.17,-175.49,252.58,171.4446304457884,2.0348204662819764,1.1399947631458665,172.85531916609918,-36.57,-173.78,-181.07,245.14,2.048827032718965,1.1364827759363534,174.69222207411732,-32.93,-172.59,-176.25,250.05,178.348181428473,1.981462073823267,1.155110631065269,177.815645055561,-39.71,-177.08,-180.26,238.22,1.1262238910923557,0.0214708496340248,48.990880006863975,4,2.529514034355215,15,3,110.27815668481846,2.1993235346351385,6,3,112.74597813285116,1.7791539168942077,6,3,119.9518653293431,1.82345976100379
OLUKIR_#[4],3323.0,3112.8,3171.95,3684.26,77.83,-345.59,210.44,368.63,0.8137933908219459,0.0073771920734619,9.349117837326034,69.84668270977757,179.01395492389614,2.044423207166266,1.1335276970590529,178.4164782557233,-29.68,-168.76,-173.91,253.63,2.054629024909363,1.1274121429184627,178.58953190977553,-28.5,-167.42,-172.59,254.52,178.49396079676387,2.04412493991928,1.1403512002887537,178.10995951494044,-32.66,-170.33,-175.29,247.65,2.037720086272892,1.132447014213027,177.0169331119462,-28.4,-168.92,-173.75,257.48,178.11138015202158,2.02136087079967,1.1397649977078608,178.6433222015312,-41.96,-178.99,-180.56,233.68,1.5155452122027688,0.0311034255961424,36.44781341186388,4,2.5287276603066613,74,6,124.32486173121931,2.526101074779076,7,3,107.01737076652756,1.7628453533988735,7,3,109.74871685668036,1.776438169484095
OLUKIR_#[8],3326.67,3115.88,3187.49,3676.64,77.83,-345.59,210.44,368.63,0.8091284024201841,0.0072875593992366,31.64119277341571,120.40468382277268,172.76160494404485,2.049380055041036,1.1425811393507246,173.46354553716745,-38.27,-174.66,-182.0,241.85,2.03372575830666,1.1355168955149897,175.81241332975333,-30.05,-168.97,-169.86,248.68,173.79624190925207,2.0487151095259684,1.1285982987759642,177.14384666661894,-27.74,-165.61,-169.45,251.84,2.044550011616248,1.1330253218706103,177.41640210373745,-30.85,-169.19,-170.39,247.04,177.48909837217337,2.026749232144914,1.1324695536746228,178.0827787257026,-39.18,-170.79,-180.2,233.45,1.5155452122027688,0.0311034255961424,36.44781341186388,4,2.526101074779076,74,6,124.32486173121931,2.5287276603066613,7,3,109.20128988811514,1.7628453533988735,7,3,110.0551252352781,1.776438169484095
OLUKOX_#[4],3095.19,2760.05,3059.89,3465.64,-242.66,-1039.36,143.45,167.92,0.6265109298552543,0.004398614963525,37.78688788724109,142.39389596660513,176.5420139633704,2.053372530740586,1.1377108639720377,176.63112076992908,-32.55,-169.73,-174.51,246.58,2.0507367602888484,1.144133646039658,179.67063773375915,-31.86,-170.34,-177.54,252.3,173.16457042277003,2.0538475186829235,1.1331190316996704,175.99982404663623,-29.25,-168.74,-174.46,255.44,2.053035192099736,1.13901264698861,177.12407180225009,-33.54,-169.57,-177.97,246.94,171.57728311572518,2.0418058379777446,1.1344346345206504,178.15694424832748,-43.02,-174.21,-181.1,226.25,1.1267554281826846,0.0342080434689157,31.14024955285153,3,2.42646612587112,74,6,131.76067275554,2.445479801593135,7,2,114.28168629609888,1.590906392595114,0,0,0.0,0.0
OLUKOX_#[8],3200.99,2959.35,3105.27,3538.38,-242.66,-1039.36,143.45,167.92,0.66355560682885,0.0049648148893824,15.82856095840151,77.54835121398003,177.95649651889926,2.045774410828329,1.141310093708104,178.7684945168496,-30.97,-172.08,-175.03,254.19,2.033874976491919,1.1384200850301256,177.40053097391757,-29.13,-171.91,-174.13,258.64,176.57913533493362,2.060601065223445,1.137757342318651,178.9000696966581,-31.41,-172.1,-173.52,251.4,2.066071286282253,1.1381003338897673,177.7528199421391,-32.57,-172.64,-174.79,249.72,177.21955101570742,2.0304104486531784,1.1418789778255831,176.4224519640784,-45.05,-178.18,-183.18,226.2,1.1267554281826846,0.0342080434689157,31.14024955285153,3,2.445479801593135,74,6,131.76067275554,2.42646612587112,7,2,113.59789050121267,1.590906392595114,0,0,0.0,0.0
OLUKOX_#[12],3190.8,2898.7,3111.57,3562.14,-242.86,-1037.81,144.38,164.86,0.6610297269121759,0.0049250221464875,13.632315556210116,72.12764848877075,177.7260447274031,2.0540130695786734,1.1414273038612666,178.50477235718384,-31.84,-173.39,-175.98,253.83,2.0393426538961017,1.1386786991948168,177.6171097451472,-30.36,-172.77,-174.95,256.64,179.06842374471432,2.063077124103701,1.1328464900417872,177.730458159874,-29.93,-169.27,-172.25,251.74,2.0706738637458098,1.1224035192389583,178.98251651329988,-26.97,-166.55,-167.39,253.01,179.05511740486875,2.025868865450082,1.1484809358452577,177.29813233077198,-47.92,-181.04,-186.28,223.58,1.1192775892551057,0.0336994765456687,31.24818083659521,3,2.447212951502178,74,6,131.64351126596267,2.424897826713529,7,2,112.97963331906637,1.5965971971665245,0,0,0.0,0.0
OLUKOX_#[16],3151.43,2796.77,3109.33,3548.22,-242.86,-1037.81,144.38,164.86,0.6257467847539906,0.0044019371709084,40.20757083287656,143.36038964129972,177.99109205037286,2.055352916167925,1.1387792542894355,178.78538403006368,-32.48,-170.67,-175.4,248.62,2.035796573825587,1.1433286360447732,178.93373476087095,-29.95,-168.1,-176.51,254.77,173.7483762149279,2.0505914293198435,1.134888333713938,176.72483202258908,-30.21,-168.24,-173.72,251.32,2.059854133185163,1.1259385507211304,176.00686779814723,-27.74,-166.3,-172.1,255.19,168.57108540901277,2.045653726807154,1.1340753678658229,175.10307965031677,-44.48,-176.56,-179.96,223.08,1.1192775892551057,0.0336994765456687,31.24818083659521,3,2.424897826713529,74,6,131.64351126596267,2.447212951502178,7,2,115.1250362515662,1.5965971971665245,0,0,0.0,0.0
OLULAK_#[2],3371.21,3004.03,3384.74,3724.85,87.63,-310.48,193.36,380.01,0.8503595253135394,0.0081262077669564,23.503688630871693,101.6311071793494,175.1865061646037,2.0152989083508195,1.151031094280254,176.40335089509338,-34.74,-175.57,-179.0,250.34,2.052041578526127,1.138274597801426,174.10121891204574,-30.1,-168.91,-172.51,251.14,177.6774421035481,2.0486171091738936,1.1387835307906415,178.02789577879287,-31.25,-172.38,-174.07,252.71,2.035263594721824,1.1447065693879803,176.94604406098293,-35.2,-175.26,-177.95,247.6,176.21511943873017,2.0078491800929674,1.1465208327806344,177.5647265295914,-42.88,-178.61,-183.99,233.97,1.5214135076635942,0.0315455797038351,46.52929875480365,4,2.5420297893612496,74,6,125.34164395993132,2.51460020281555,7,3,104.5047723633091,1.728102902028695,7,3,106.88736240136608,1.80711358248451
OLULAK_#[4],3269.39,3022.02,3154.84,3631.32,87.63,-310.48,193.36,380.01,0.7989561387233786,0.0071905837439118,34.38210133918564,138.21597614134726,178.6567336243336,2.046506643038327,1.1397830539185954,179.14928387367928,-33.25,-170.75,-173.76,244.77,2.051522922123952,1.1351950449151902,178.0200178782018,-31.4,-172.68,-173.74,252.23,173.52075695160363,2.047793722521876,1.1441035311544143,176.79771216671966,-34.12,-174.39,-177.88,249.91,2.0240175542717003,1.1587868397595826,175.0163616082608,-38.49,-176.53,-182.29,243.36,171.80807957210845,2.006291755951761,1.1517151818049465,179.53229632860302,-45.77,-179.3,-187.19,229.18,1.5214135076635942,0.0315455797038351,46.52929875480365,4,2.51460020281555,74,6,125.34164395993132,2.5420297893612496,7,3,112.82154362253569,1.728102902028695,7,3,110.74769072263284,1.80711358248451
OMERIH_#[4],3654.08,3575.2,3633.59,3753.46,361.41,318.08,345.15,421.0,0.7570282083524207,0.0064729893530454,33.15847484317857,126.4998301921926,174.86046498453976,2.0425832100553456,1.1348799672212035,177.89591976915284,-33.0,-172.78,-179.46,253.23,2.067216350554532,1.1205349615250748,176.1027340406483,-28.33,-167.14,-173.44,255.6,175.29644445844022,2.0552996326570003,1.1325889678078271,175.82237712054342,-31.12,-170.53,-177.55,254.73,2.048927844019892,1.1434039749799718,178.43295128770384,-34.74,-175.5,-181.15,252.42,172.01890846428748,2.002068063278569,1.1558364633459186,178.18562506329275,-43.12,-180.9,-182.23,233.77,0.973316638409429,0.0195563897925822,67.01518700635238,4,2.497435945124519,6,4,118.19450540751212,1.8643767215882097,6,4,113.57258904106928,1.8326938014845795,6,4,127.3557272018492,1.84860403548191
OMERON_#[4],3720.54,3656.21,3743.72,3761.69,362.15,300.25,354.46,431.75,0.718102177599939,0.0058916445662263,32.440036671041014,114.58453889739452,174.73116991703472,2.053074409270157,1.1263978781940238,175.79955154710902,-28.4,-167.75,-176.89,259.44,2.0666583147680693,1.1242602945937388,177.0756191467798,-29.3,-169.13,-175.01,256.23,177.59921039054572,2.059831755265464,1.131751447977867,176.56141362914576,-29.54,-170.3,-176.2,257.87,2.0608238425445298,1.1247840948377603,177.89054434113595,-26.7,-168.02,-172.58,260.51,172.15847562237775,1.991169083729455,1.146781029665211,176.18996192408952,-40.02,-176.88,-178.81,235.62,0.948677755860826,0.0187118896184614,61.28891168401026,4,2.477172787675498,6,4,116.47455531321812,1.857375788579145,6,4,117.1551018226738,1.8395265994271464,6,4,123.08820372524224,1.8372604632985508
OMINAZ_#[4],3554.54,3355.93,3630.66,3677.04,175.34,170.39,268.0,87.64,0.8287862208136381,0.0077001444778236,16.20918142988745,77.78941166714222,178.6981318041313,2.057071753731502,1.1204293239647014,179.39914470971857,-29.2,-167.65,-174.48,254.53,2.0597246029506,1.119173136739798,177.23505926520644,-25.53,-164.74,-171.15,259.31,177.64769926559302,2.0483112117058773,1.1312520718213073,175.60042280876928,-27.51,-170.23,-172.63,260.33,2.0486526401515706,1.1336461088011551,177.857395136343,-28.86,-172.12,-174.17,259.7,176.5817115507441,1.997654477130618,1.1445091436943606,179.87541479617272,-40.3,-177.58,-179.73,236.41,1.2146206773244312,0.0340845995589069,33.95971804303478,4,2.539554669622216,7,3,116.71579034095178,1.6710307866703114,7,3,114.43448821008955,1.6814822181634863,6,3,107.57632073890892,1.836909649383987
OMINED_#[2],3517.07,3420.68,3474.22,3656.31,243.32,201.38,207.1,321.47,0.8025839343099803,0.0071896340341524,22.707849033059915,97.20864947800014,176.51220670917348,2.0711940807176905,1.0926968197995266,176.98003717456575,-17.86,-154.87,-161.67,262.96,2.034139240563438,1.146518024280473,177.22671986378333,-33.62,-177.63,-179.79,256.55,177.87239330856457,2.063797221143588,1.116366884138006,178.6222963557084,-23.6,-165.07,-169.43,263.7,2.0523388560371805,1.114645508670806,178.67089047746396,-29.29,-167.11,-174.61,253.84,174.744751059412,2.015644060840108,1.1291576196439534,179.03001021591535,-34.56,-170.95,-175.41,242.69,1.0433055056137266,0.0225263888434424,38.434464385612046,4,2.5289730524463883,6,3,118.65367924100458,1.8382520202627275,6,3,111.5280331786492,1.841074593817428,6,3,116.45206777111684,1.8209815320315568
OPABIR_#[4],3329.63,2950.44,3398.05,3640.4,140.15,-33.79,185.19,269.06,0.7914633718599533,0.0071251958154399,19.588165152647093,89.42101337367303,175.3051309290543,2.0434962711000964,1.1341746646791229,176.84109280977717,-29.84,-168.46,-174.96,253.89,2.0404676865856013,1.144458457087894,177.95143289932363,-31.46,-173.58,-175.72,254.92,177.59924321517562,2.0485684611454897,1.133313941500765,178.8545307500883,-29.81,-170.95,-172.44,253.96,2.037778717132948,1.1388774999972564,179.65459566211447,-32.56,-172.85,-175.43,250.61,176.86813292849317,1.9871384677470267,1.163897263507394,178.969836500029,-48.02,-185.74,-187.35,229.04,0.8786613650566533,0.0163764609672098,53.07506008910551,4,2.5063679438582045,17,1,107.7835778143562,2.093405514944489,6,4,117.4596507141718,1.8096424785023144,6,3,126.19276548357246,1.9114696152437256
ORAQAA_#[4],3552.54,3464.79,3483.15,3709.69,238.13,192.08,221.84,300.46,0.8520531263262496,0.0082250146417235,19.154145380251947,98.98772771054738,177.0656465473912,2.031211239630187,1.1479189387757307,175.07547520003482,-33.02,-175.51,-179.21,255.67,2.0420757723453846,1.1357943211691106,179.74320330971548,-31.32,-174.06,-177.65,257.74,174.07006735377337,2.033573413968624,1.1428935602233483,175.56672003791024,-30.85,-172.91,-176.2,256.56,2.044853253903565,1.1245685083622077,172.45984519911434,-31.74,-170.65,-175.32,250.76,178.15127898965787,1.9844185092867888,1.1516348205920144,177.19446811893823,-41.74,-179.01,-181.95,235.73,1.0458505982726582,0.0224817089767061,32.370919497100445,4,2.53845831362266,6,4,114.79533817865106,1.8627171685470665,6,3,108.0188605446421,1.827137244434584,6,3,119.71981558682177,1.8338193313410125
ORAQEE_#[4],3642.17,3500.8,3637.26,3788.45,238.46,180.7,224.75,309.94,0.8387083144124168,0.0079612811507762,25.225145440405896,110.98978798972132,177.6612861324734,2.0329169215686105,1.1408530536401258,178.64398257309315,-31.2,-172.49,-179.29,258.16,2.0317354822909413,1.1329819636693252,178.6262862968942,-30.88,-172.15,-177.67,257.18,173.82930375655008,2.0423518330591324,1.130777630659539,178.40151247482925,-28.65,-169.83,-175.16,259.03,2.0390051348635687,1.122138823853805,176.82353492281788,-29.59,-167.45,-174.98,253.66,175.26463753490327,1.98958906561129,1.1443315690830156,179.5222515826501,-37.26,-175.06,-178.69,241.97,1.047734738410347,0.0227235385250371,41.5044363835614,4,2.5303446761261585,6,3,116.37120327340833,1.82852780673415,6,3,113.06128774828272,1.832335989931977,6,3,118.6633930532449,1.8347007548916527
OTUQOK_#[4],3246.11,2976.23,3241.31,3521.43,229.74,179.77,203.65,305.84,0.8535058296062616,0.0081226632436486,42.384801134352784,146.6836731225977,170.82359547839408,2.0610670294776927,1.128419531911781,174.82941200443244,-31.07,-169.29,-170.94,247.02,2.0599502251268107,1.1226884073508552,174.53867106301678,-25.81,-163.49,-166.43,252.48,179.72596960454356,2.047833245164264,1.13788815794875,177.34229771085091,-29.84,-167.98,-171.45,249.9,2.046008819629084,1.149557223456057,179.0015139001702,-31.3,-175.44,-179.34,260.88,171.36768771500996,2.002185381027441,1.1323036253584997,176.29692627020165,-37.7,-170.22,-177.12,234.27,1.1906453080561938,0.0196634126943306,90.70554275773286,4,2.555512437848816,74,7,119.78998069731168,2.61485743206011,15,4,130.66347901614853,2.1563045169919763,6,3,117.39602498395854,1.823420044860756
OTUQOK_#[8],3347.18,3077.28,3347.21,3615.04,248.28,199.55,245.35,299.72,0.884128123265111,0.0088182414403177,35.780886455071126,125.43791838550791,177.0064880738873,2.0454638055952006,1.158332253716523,179.08794611954286,-35.64,-180.97,-182.71,256.78,2.053046606874769,1.142241323013661,173.53324138328836,-30.65,-169.75,-171.09,248.9,171.89338928143275,2.055777368782916,1.1314307490960274,175.01972948933758,-26.23,-165.09,-167.46,253.84,2.030205501913537,1.1443810292031238,175.8450389374989,-35.73,-175.3,-175.63,243.74,174.5757453352923,1.982059822507888,1.1457699245485538,176.4354510926908,-39.94,-173.8,-181.61,236.22,1.1787131443016432,0.0190760507689009,91.84326127822314,4,2.563787495093929,74,7,121.7598523942226,2.605345132607194,15,4,125.9024995188702,2.1563045169919763,6,3,120.2871874231352,1.834114966407504
OXEZUO_#[4],3353.34,3033.12,3310.74,3716.16,366.6,219.82,352.12,527.87,0.9795946335814604,0.0107107656772257,62.91745094958111,205.3446412466621,173.92676766076147,2.0553129883304875,1.134870120322145,174.78648146202784,-31.16,-166.8,-171.42,244.74,2.044529872611305,1.1391504817187237,175.6352567672894,-29.05,-165.17,-174.82,252.83,171.02389940580136,2.0481834292855705,1.1424366109329656,172.05039980342207,-37.2,-171.57,-176.2,236.19,2.0487487376445164,1.138497035569263,174.24872480719588,-29.75,-167.97,-171.21,249.95,163.3888253268164,1.975867166587876,1.153197524277606,175.75541115605714,-43.49,-173.79,-180.06,223.38,1.0592336743193411,0.0321052490067786,34.670186106332906,3,2.622285219040827,6,3,133.50038780657388,1.8049383673688133,6,3,106.69129266757206,1.850781559233828,0,0,0.0,0.0
OXIRUJ_#[8],3673.87,3487.36,3644.98,3889.27,143.45,-20.76,108.15,342.95,0.6873565001904138,0.0053127280088054,23.727004988162548,85.21799351403395,178.51978373080752,2.03955380169291,1.1363327065608906,178.17769909502564,-28.84,-171.08,-178.68,263.24,2.059121419440826,1.1358708113161449,177.6422404581667,-30.68,-173.05,-177.72,258.74,177.61883520548312,2.057717526775724,1.1316103481322533,177.38968018134676,-28.75,-171.18,-174.93,259.86,2.0484010105445667,1.1337555688948118,178.7723570117612,-27.59,-170.31,-176.41,263.96,173.33859981505398,2.024804538714788,1.1290226968489143,179.41276016235258,-35.16,-171.16,-177.89,243.57,1.180677184590735,0.0343286450075773,58.37856113245687,4,2.458333559548011,8,2,107.41652732598187,1.5730347262536837,7,3,122.87077294355235,1.723532767312533,7,3,123.98672450606392,1.717078815896348
OZAPUB_#[2],3697.99,3609.23,3669.03,3815.71,147.65,121.69,314.46,6.81,0.6954555903516595,0.0054682415027803,12.288809129789769,65.9233636408824,179.1171381982508,2.054712911820042,1.1336359689071276,178.6946404828884,-28.41,-171.39,-174.26,260.42,2.032783601370299,1.1406282873925226,177.20565728542917,-33.04,-174.91,-176.94,252.73,178.46361120833996,2.060961380036025,1.1251719735222705,178.9921900093212,-27.36,-168.96,-174.2,261.09,2.038230067975645,1.1385732738827128,178.71615022514433,-33.17,-173.55,-182.17,256.21,177.43906010030463,2.020091101906049,1.1312665159015365,178.50409471077597,-36.3,-167.4,-174.9,233.41,0.9940178459856032,0.032127663922247,44.12636011942017,3,2.458629166832608,6,3,131.97258798551024,1.6998773426338738,6,3,124.70699236189336,1.7263542220529369,0,0,0.0,0.0
OZAPUB_#[4],3675.42,3594.67,3656.92,3774.66,141.17,-13.6,122.98,314.14,0.6897153969338627,0.005426309643035,19.27717716957341,82.96527842233688,179.3978537869779,2.056842492754368,1.1298041024885683,179.5532321395677,-28.68,-170.3,-173.0,257.25,2.0525750022837173,1.135576492359717,178.84418850092683,-31.76,-173.04,-176.42,254.18,177.67324006062037,2.070051344773844,1.1243706061615095,178.441918902989,-27.21,-167.53,-174.36,260.25,2.014390830995812,1.14770868690622,177.50424954771452,-35.46,-175.8,-185.37,254.79,174.92731220735843,2.0184387704362003,1.1345690194959497,175.5605248297497,-36.62,-170.06,-175.07,235.27,0.9842089806026552,0.0313951185541537,44.94628874316632,3,2.4562889264091057,6,3,133.02716958612032,1.7104254149187554,6,3,124.19044460674267,1.7258389669954728,0,0,0.0,0.0
PARCAM_#[4],3732.14,3578.87,3721.25,3896.31,405.0,215.57,277.87,721.56,0.7525413670907919,0.0064268375928436,22.94612017446173,89.2013188846189,175.9705434924753,2.050640473120532,1.1152185436047957,176.96707855318314,-25.06,-162.65,-170.01,257.49,2.022375944279401,1.140574876980902,177.30885709743376,-32.31,-174.76,-177.64,255.48,175.7664069932988,2.0445105502295653,1.132107296151738,172.51044323525915,-32.27,-169.86,-177.63,250.68,2.0476811787971294,1.121169037210714,177.80228204510763,-26.31,-166.63,-172.55,260.25,177.4114672583404,2.0037259443347035,1.1304590395056335,177.16900354866655,-33.23,-169.92,-171.76,242.0,0.9787643680358956,0.0200802382474012,126.87255995513476,4,2.485311638406741,6,4,131.75893820868066,1.8162655890590456,6,4,131.59748755055105,1.8520383716327256,6,3,118.52548132441142,1.830102218456661
PARCIU_#[4],3712.89,3612.4,3668.79,3857.47,185.06,160.72,181.18,213.27,0.7795018282699147,0.0068875836425977,15.95027182382401,86.36031744429746,176.46626746179453,2.044030550163084,1.1382951901857448,176.87135816721792,-31.09,-172.52,-178.48,257.73,2.005265391413316,1.1508455543642682,175.99859218054172,-35.15,-176.89,-182.7,254.15,178.26967288207865,2.043301057113218,1.1182463682033594,178.483212029807,-26.83,-165.9,-171.8,257.21,2.0542732169796696,1.119685018208246,178.54850219710164,-26.05,-165.3,-173.45,260.59,176.19028656798366,2.015240494333121,1.1281286673070592,179.0252937490367,-33.38,-169.15,-173.98,243.0,0.966900113353903,0.019352332162907,63.80430522380571,4,2.5001232389624306,6,4,122.98608715890342,1.8817061433709568,6,4,122.18086774481267,1.875304212654576,6,3,112.77326538173554,1.809559134153952
PEQNEH_#[4],3535.39,3397.51,3444.19,3764.47,394.64,179.78,416.68,587.47,0.9371391510103624,0.0098225553200541,34.03178954615895,137.63017974310037,177.715539785512,2.03743972180774,1.1375263073880977,179.43402627464172,-29.39,-169.48,-174.4,255.71,2.0521294525443565,1.1341890274552997,177.22610449438275,-32.31,-170.96,-172.75,246.79,177.67401340236975,2.0353639306030744,1.1426299357184724,178.16008834514685,-33.18,-172.19,-180.13,252.77,2.0388038086093525,1.1411211548297575,177.54802058617068,-34.97,-175.14,-176.5,246.72,170.86941838963082,1.9879175687135524,1.1511201978942072,178.00770935471698,-40.95,-172.49,-182.32,231.96,1.0252625782391402,0.0303711617988724,32.972074398080494,3,2.592614387061833,6,3,106.46934165125704,1.8230678923177808,6,3,126.12875910591326,1.824267014447173,0,0,0.0,0.0
PEWGIH_#[4],3324.98,3120.29,3298.03,3556.63,78.42,-72.39,250.26,57.38,0.841892761132097,0.0079178245525892,32.47838081684996,124.23046025468771,176.37383631290038,2.043184086175301,1.1375292699530857,178.44955774576093,-30.45,-172.49,-173.38,254.52,2.0568956366330307,1.1382180195375575,174.52021177517068,-33.44,-172.13,-175.02,246.83,175.5424860847955,2.056809463708293,1.138747496155316,175.79482886886268,-31.22,-171.04,-175.7,253.09,2.022812190985609,1.1551636291019556,178.67392047509324,-35.06,-179.83,-180.06,254.72,173.1819721739411,2.014795426339856,1.1393652443356348,177.79083650501804,-37.89,-172.6,-177.97,236.91,1.0278355541863076,0.0330049802377479,42.95796338015752,3,2.5440350174476767,6,3,116.68881740243768,1.695987830145016,6,3,139.53055582682626,1.850328873470876,0,0,0.0,0.0
PIQJUU_#[4],3526.67,3306.73,3524.38,3748.91,66.6,-121.57,150.75,170.64,0.7160529608771387,0.0058069987468772,16.778779401443074,74.97998753901278,177.92366308625515,2.0304342983706705,1.1431498808117864,179.1264788423098,-33.29,-174.12,-178.65,252.88,2.038895831081128,1.1327620314964657,178.37228687706488,-28.19,-169.21,-174.1,258.76,175.533935512973,2.0503785821159948,1.1363414715656568,177.42775454618013,-32.0,-173.04,-180.61,257.64,2.0327456210751014,1.143020052317544,178.0000765892999,-34.63,-175.72,-177.82,249.64,178.84186363593753,2.0163164954937014,1.1439440808011552,179.35390068960734,-40.85,-177.87,-182.3,237.62,1.1186909533521572,0.0293732606762553,40.46376786158335,4,2.463385942153604,8,2,113.72413457465385,1.6801010773164795,7,2,114.4801642328839,1.6784974292503403,6,4,118.88236797551806,1.7941774131896762
PIQKAB_#[4],3580.14,3311.99,3617.27,3811.17,133.48,171.9,207.39,21.15,0.7749789800955429,0.0067920559919194,22.45139043528364,83.36123991116648,174.16394583576545,2.0289891596556147,1.143263757844182,177.40963737834255,-36.01,-177.1,-179.13,248.18,2.049158817661531,1.1325647089681006,178.2669086811186,-30.93,-172.25,-177.82,257.3,178.66036536241978,2.0468187438070817,1.1374032222567332,179.32118913406248,-31.0,-173.98,-175.86,256.84,2.02586715260404,1.1416149744988455,177.71722147811084,-33.35,-174.18,-178.88,253.0,178.70558360141374,2.00808689304024,1.144960401061975,178.16544904553953,-40.62,-177.24,-180.46,235.84,1.1350647712811703,0.0293657113717146,33.525062922986365,4,2.4967715414110274,7,2,110.9617898030712,1.7065509924991986,7,2,115.86005749692993,1.701814073275926,6,4,117.34783626006733,1.811820015895618
PIQKEF_#[2],3482.35,3318.6,3411.45,3717.0,156.11,151.11,267.12,50.11,0.8296872290276673,0.0078724422499922,35.55960983029533,134.24289468312742,173.84973694857288,2.0188864331606173,1.136376196512405,174.49045134359596,-31.61,-173.4,-174.96,253.53,2.060487684991104,1.1315928463895486,176.23792166067474,-28.51,-170.61,-173.45,258.53,173.7525411945517,2.064313864217357,1.1114848491994842,177.40245396668996,-25.13,-161.95,-168.14,254.71,2.0502766764512548,1.1240934970010277,176.24942086977538,-29.38,-168.95,-174.37,255.19,173.73658422814268,1.9780000935288151,1.1485149977253235,177.79142060471122,-41.94,-179.23,-181.82,235.22,1.0967914441294238,0.0266280818390387,47.35717659384589,4,2.5322052878864305,7,2,112.42020668024873,1.6916950729963118,6,3,109.5335905213444,1.867299236865908,6,4,119.60044410181236,1.844038665538225
PIYLUE_#[2],3589.91,3432.85,3574.46,3762.42,218.41,100.49,214.33,340.4,0.8698219193342622,0.008681914474138,20.232324235384965,90.66367720567588,175.67611508983376,2.003286559631446,1.1615429307606338,177.1819329607047,-37.7,-181.06,-187.87,255.84,2.00234279283044,1.164281293330782,176.51571153744993,-38.86,-182.01,-187.57,253.01,175.90239280749034,1.988953496188385,1.1693518332820114,177.30490287821436,-38.38,-182.88,-190.27,258.01,2.0278301457469263,1.1578186645584876,177.11874584267903,-36.43,-180.34,-184.72,255.79,177.89457597545157,1.9986851502925624,1.1522931137518788,176.91548980202023,-40.66,-181.17,-183.13,242.32,1.0360683163537323,0.0221943410301532,34.49093102524779,4,2.5261127805385084,6,3,119.32775385144912,1.8380807980064424,6,3,116.0912418426731,1.825095202996272,6,3,108.7619544438785,1.8430257079053465
PIYLUE_#[4],3669.5,3507.21,3678.5,3822.79,216.74,165.61,199.91,284.69,0.958934890766986,0.0107508646588828,30.12340183280348,125.70651127874534,175.8058910692036,1.9942485050765355,1.1642416158169242,175.8188304298356,-38.08,-181.16,-188.35,255.26,1.9393312816535504,1.186545785041605,177.5446807818202,-43.31,-187.59,-195.86,253.51,170.89323741479623,2.0184575571460504,1.1527939668475022,173.4622837344068,-37.39,-177.7,-183.91,249.45,1.993371297576044,1.1717396553842496,173.54037508381236,-41.96,-182.7,-191.18,248.0,178.42313844678435,1.9786972886219856,1.1560317166929297,178.58027037381248,-42.03,-181.4,-184.04,239.35,1.051472017873908,0.0225480752780384,31.591583122777195,4,2.5601821204750257,6,4,115.84820423869552,1.9156033931897287,6,3,117.11802415329949,1.830612665202556,6,3,110.61127284290568,1.831386267284976
POSFEJ_#[2],3457.71,3254.27,3424.34,3694.53,156.57,157.32,257.43,54.95,0.8385444013306642,0.0079451750297795,38.78631713155207,143.9514436491497,174.86060402544675,2.038766502079137,1.13758422105794,177.8702250883824,-32.59,-172.4,-174.82,249.45,2.0469256068553143,1.1370258836103957,176.62493094689074,-33.24,-174.22,-178.25,252.74,175.4617366761871,2.0353151058251404,1.1487768886951026,176.9743670514592,-34.28,-179.39,-180.58,257.14,2.044036643507156,1.148428134451606,175.56752430095634,-37.64,-179.58,-181.82,248.47,171.14056811395417,1.9893065801932088,1.1549682246711377,177.28199654667313,-43.88,-181.19,-182.74,232.28,1.0989575272182253,0.0269938673298213,44.19136667630168,4,2.5339967284903904,7,2,113.02641021009478,1.681238605909345,6,3,110.71093586733556,1.8840973674415027,6,4,120.85474639161096,1.8387391576838727
POSFIN_#[4],3409.87,3157.05,3471.05,3601.52,149.4,210.29,233.85,4.06,0.7574280966981051,0.0064703712282145,28.052213913707348,112.94627551688492,178.43365509832165,2.074097196372436,1.1079819493114498,177.225181243318,-23.97,-163.87,-164.11,256.06,2.0918770016423056,1.1074316728358455,176.2848096341812,-20.21,-162.11,-162.63,264.11,171.24868031606394,2.042076416297882,1.1517825966735218,175.1713305312132,-38.53,-180.45,-183.63,248.47,2.0466537127711657,1.129886529701103,174.86189356485207,-28.15,-167.62,-172.86,256.02,177.30810057752967,2.011352122329654,1.1326326897984182,177.22269482218084,-35.5,-170.19,-177.22,240.91,1.0585793281225204,0.0242392897074054,50.35221216973706,4,2.507668147901552,7,3,112.8311461330931,1.7403021145766615,6,4,127.42695663822693,1.821413555456311,6,3,107.65321135533148,1.8441301174266416
POSFOT_#[4],3487.05,3316.05,3492.33,3652.77,151.59,157.71,258.75,38.32,0.8121228987182534,0.0074158086905266,29.08202980065124,105.98944030403077,178.2547921387097,2.056384365822693,1.130108180662365,178.4383971880848,-27.2,-168.45,-173.38,260.22,2.0446268901684723,1.1349059300223958,177.5259591033393,-35.05,-175.09,-181.53,251.48,175.56959695880585,2.0654497863661567,1.1315923029077213,178.17374237771762,-29.34,-171.33,-177.08,260.4,2.046700449504031,1.1417494383620257,173.75214749535135,-35.81,-177.83,-178.98,249.39,173.78024499672057,1.997656742285821,1.1453445114898844,176.98551110379728,-38.63,-177.83,-179.08,241.0,1.0916338326958464,0.0262170398975429,49.28804720651098,4,2.5294373860603856,7,2,112.09791296369951,1.7040998004811805,6,3,107.58929271141294,1.874192087273873,6,4,124.019006928611,1.82675260503441
POSFUZ_#[4],3494.32,3286.89,3534.54,3661.52,170.67,170.74,287.95,53.32,0.7832814408836888,0.0068910783655803,12.356597963029117,72.06288289186806,178.09015390191198,2.0510785114178343,1.143725828159879,178.63575224683274,-32.41,-175.74,-180.92,259.43,2.022189249303833,1.1499019262528432,178.6895748146127,-36.32,-178.84,-180.75,250.62,178.81638500500628,2.0357991379308524,1.1577708754326137,177.370387536973,-37.98,-181.93,-183.67,251.67,2.0349210353229927,1.16741038628239,176.03580058674842,-39.15,-183.16,-186.86,252.58,178.01984157146916,2.0274785473587618,1.1274126396311157,177.05378090903645,-36.37,-170.42,-174.78,236.11,1.0852346156026766,0.0268805463774902,46.0385434075328,4,2.5042621607970683,7,2,114.32036724948355,1.6629614968483188,6,3,116.01009976330764,1.852974991736262,6,4,119.23655512255024,1.8263807626012711
POXVUU_#[4],3603.73,3446.75,3596.83,3767.61,198.37,161.4,211.24,222.47,0.8218646211141902,0.0076572814652373,26.868673515771743,111.89741702490034,175.71091029910008,2.037310231653492,1.129904195053722,178.62014557396415,-27.04,-167.63,-169.42,255.93,2.048930259916135,1.1244070837557,174.41416983437068,-23.4,-161.53,-165.22,256.56,174.6749330371386,2.0532208015700606,1.1361841620089583,174.77397969860235,-30.55,-170.22,-178.41,256.97,2.0273438287572234,1.1421467243747618,175.60336530214903,-30.31,-173.83,-178.67,261.56,172.69117784826145,1.989614017843663,1.1388639163657788,176.0241549728245,-36.8,-171.04,-178.23,238.88,0.7626614859299847,0.0117994786343511,46.17281771089189,4,2.524402600616629,16,2,111.24198797664477,2.086205533977897,16,2,112.81389043040215,2.0688256064733914,6,4,125.37914058767088,1.892853689538628
PUBRAF_#[4],2970.56,2523.43,3014.2,3374.06,-557.35,-1739.98,-222.47,290.42,0.6692462038245255,0.0050634440778379,30.62633122965515,101.42243893639127,176.3519811032677,2.046561675102903,1.145622149750955,174.3561651228435,-34.79,-173.94,-179.42,249.0,2.0355497881407865,1.1440102359681923,179.12985171038687,-28.42,-168.21,-173.79,256.73,176.39637028484847,2.0480384713183493,1.1485077492119942,177.43957947722248,-34.03,-168.32,-180.11,246.36,2.05416338444633,1.1379386890338157,179.86365190815874,-33.76,-167.26,-176.17,242.14,172.48616071451912,2.0217791842829915,1.1522393371170767,179.01454823261037,-59.38,-178.97,-196.12,196.96,0.8676832284491447,0.0188292653876673,55.43215160901366,3,2.442766222952987,74,6,138.77367878128626,2.4641394928047395,6,3,123.38345144719064,1.802690436542005,0,0,0.0,0.0
PUDKIJ_#[4],3415.01,3229.81,3357.98,3657.25,156.97,146.16,273.09,51.66,0.8297254007585186,0.0077378712012127,36.0742331757812,142.6341144065348,175.82161732817863,2.035569438756635,1.1440471100439868,178.15880282329147,-35.74,-175.62,-181.96,250.37,2.043681112600496,1.1418303420386058,179.17230734127023,-32.36,-172.29,-178.34,253.56,175.15458474438796,2.060720689467644,1.1439273316080871,177.5528941626622,-33.8,-176.89,-181.68,257.16,2.029104755797491,1.146637771922764,174.08308773862512,-36.78,-175.26,-179.97,244.89,174.6373869989848,2.00477631919374,1.1488114074990734,177.90898616312134,-43.08,-179.45,-182.33,232.55,1.0934768580480254,0.0265403275848203,48.27792764165208,4,2.5326057036183123,7,2,104.24847081247816,1.6889217240594656,6,4,119.96442038392154,1.847420190427722,6,3,119.46755189306673,1.8745214802716983
PUHWEU_#[2],3483.42,3328.75,3464.82,3656.68,-46.11,-297.06,-71.44,230.17,0.79389370928999,0.0072155482358605,28.77268883360508,110.34519530388006,175.74823180676302,2.0577843764593022,1.103423200771127,177.11177134122508,-19.39,-155.59,-162.28,259.69,2.031819765628832,1.133494975727726,177.94246226238812,-29.41,-168.9,-171.86,252.52,172.2472284707804,2.029525907693716,1.1551605775821807,176.13945932115914,-35.98,-178.36,-179.44,249.85,2.020744135213561,1.154440111049508,174.6736754266494,-37.83,-179.05,-180.54,246.12,177.0245244871961,1.9860584583541336,1.153125223035209,178.27428283612574,-45.23,-177.95,-181.22,223.47,0.9077083301156734,0.0258197885244428,49.29853816747939,3,2.501522754243903,15,3,119.31545789524654,2.210937161024709,6,3,139.74969988046337,1.6754487100475508,0,0,0.0,0.0
PUHWEU_#[4],3484.01,3254.67,3415.28,3782.08,-40.07,-278.9,-80.0,238.7,0.8598220661094109,0.0091022729667496,30.043047429339254,125.85823641296616,176.63497517761135,1.9942794112159907,1.1673415310011035,172.86784430071134,-41.95,-182.5,-189.15,245.8,1.8976515802433287,1.3165075351094646,156.89773977505178,-83.02,-239.07,-246.05,236.04,175.73507742083166,2.035810644436264,1.1417832631458569,178.67908221891815,-33.55,-170.97,-176.92,247.23,2.045414476334809,1.128456259675137,175.61208279676762,-28.31,-163.7,-171.97,250.74,177.2560098902209,1.9813805616286853,1.1392291867749875,177.3104360204314,-41.85,-170.85,-176.9,222.22,0.8787865407771909,0.0248233871601651,48.94239397549674,3,2.5068005744374635,15,3,118.83111382474156,2.194923142162386,6,3,140.07491697463354,1.6917719527170316,0,0,0.0,0.0
PUVTEG_#[4],3420.19,3211.44,3398.09,3651.04,154.18,157.56,262.15,42.82,0.8152992783953814,0.0074573135998773,34.609116945265185,134.40231106296372,172.9924162700436,2.0465358657985946,1.136913303642806,174.60754778938488,-32.58,-172.8,-177.59,252.65,2.043902341111238,1.1407364726351137,177.03786650365595,-34.11,-173.1,-176.45,247.21,174.21411833249564,2.037718856957456,1.146514836362792,175.06710091726015,-37.06,-177.8,-181.14,247.76,2.05420203972248,1.1397164077085142,178.51941630493437,-32.87,-175.03,-179.19,255.62,173.56004342103373,2.0046529101068846,1.1488257744323105,177.11324069320136,-42.45,-178.02,-183.68,234.36,1.1002377209751664,0.0271032167859372,46.304111606713874,4,2.52658196977656,7,2,116.39528514258286,1.6830757261632645,6,4,118.77878961866584,1.817747102872124,6,3,109.54299677456396,1.8784476383439603
QABLOW_#[2],3738.37,3663.33,3734.18,3817.62,346.6,209.85,223.52,606.44,0.700010176340542,0.0055724593839744,12.756045347605053,68.93478694979768,179.120968263346,2.037629485456077,1.151683472139807,177.94315278453922,-35.24,-179.65,-181.85,255.77,2.04090498308961,1.1432893815653151,178.51095237510734,-31.56,-175.67,-178.23,259.21,178.65336214421663,2.041365937307664,1.128417090441296,179.0462252254914,-28.15,-168.21,-174.66,258.43,2.0497994731192613,1.1425101575040808,177.39890051497358,-31.96,-175.39,-176.72,256.21,178.35803077464587,2.0057278828395444,1.129262228182631,177.39437605521223,-33.06,-165.98,-169.72,236.5,0.8953888530891609,0.0168117072959705,225.9062300057905,4,2.455091658166757,6,4,138.45443587203124,1.828753151740278,6,4,142.24937538167342,1.907819923368032,6,4,140.46776650735617,1.8379241932136376
QABLOW_#[4],3720.17,3642.6,3713.59,3804.33,351.86,179.62,240.43,635.53,0.7117282948785086,0.0057903954123981,22.164068446064007,88.47536988692937,176.63965030334543,2.0497813493150927,1.1337485126781863,178.64205809834837,-29.77,-172.2,-175.82,258.7,2.032574419301787,1.1508429953733923,178.48799932074388,-35.01,-178.26,-181.21,254.43,176.85989594844494,2.0385736999186466,1.1433944682391983,179.30942711980595,-31.74,-175.19,-179.11,259.08,2.043665395802356,1.139019569629952,176.8491272821449,-32.82,-173.53,-177.11,252.17,174.73244767240254,1.996636975015739,1.1554521236295343,176.7380463328907,-41.58,-173.99,-182.57,231.83,0.8903013975291802,0.0165376230264972,225.5596680700017,4,2.459283344797829,6,4,138.60873390544384,1.8608759926443244,6,4,135.52967379274278,1.8228706509239765,6,4,145.61880571047362,1.913500595766827
QABMAJ_#[4],3521.17,3224.29,3582.23,3756.99,142.2,-8.96,152.22,283.33,0.838761608427169,0.0078534165963094,41.20310820696308,157.23081197032226,176.10861928445738,2.047231914073244,1.1392277120927143,179.89863894936678,-35.31,-175.56,-179.56,249.2,2.0424088376228697,1.1305057054256724,178.7288226397787,-30.76,-169.88,-176.12,253.71,170.03870751619974,2.0419080978339834,1.1394567828575166,172.48610412581115,-33.44,-170.45,-175.06,245.19,2.0378173446116303,1.1416849872009367,176.6194566572969,-31.5,-173.6,-176.41,255.52,171.33126843768505,2.0123303555828,1.1433472657071426,178.7132200208119,-39.59,-178.07,-179.63,238.93,1.1417048664226874,0.0308114705036725,93.34023400178084,4,2.5395962750012058,8,2,107.51677227170592,1.609897701718963,6,4,134.80827557155567,1.879752084717556,6,4,127.22031825307236,1.8457293057217243
QABMEN_#[4],3672.51,3503.5,3694.43,3819.59,96.29,198.65,81.15,9.06,0.8249056888637654,0.0076570587366886,45.64815282841377,148.8672472187274,173.12543112158878,2.055613587228884,1.1377662941043731,174.98603473669124,-32.42,-171.44,-179.77,253.93,2.0379821049263414,1.1411725680194034,175.11245053162372,-36.46,-174.42,-186.83,251.86,175.90460395461486,2.062867812051949,1.1190583228768738,178.25170531068468,-24.97,-166.34,-171.69,263.12,2.028031439598509,1.143498530825467,174.43269810840658,-35.08,-174.79,-182.39,251.93,171.72277134692678,2.0021833807121667,1.1404444265285352,177.01724936730903,-37.04,-177.37,-178.34,244.6,1.1223726875565525,0.0304178304711046,56.00859087897098,4,2.532279078221829,8,2,104.27545126386909,1.5965781252416058,6,4,125.08140261005715,1.870554586212336,6,4,120.1016395341574,1.884959148098441
QAHCOR_#[2],3562.76,3255.94,3708.25,3724.1,210.12,102.32,223.94,304.1,0.7817927645835314,0.0068970070013772,22.83773098523088,93.28664567529196,174.75725385248194,2.0248487597842955,1.151478206480695,176.1954643957269,-34.98,-176.92,-179.26,251.23,2.0434051213599336,1.1356925860460654,177.51528754817485,-29.98,-172.07,-174.31,256.45,176.67302042546345,2.037981879212865,1.1479431039907857,176.57892445493317,-35.74,-176.35,-182.49,251.62,2.032972813394217,1.1454070237256275,178.6025359580997,-34.8,-176.19,-180.05,251.83,177.50655864218,2.012015690793687,1.1401287032611718,179.06892335271618,-37.58,-172.65,-177.15,237.05,0.9737805370131708,0.0195943706830656,70.18117580355326,4,2.4993205116591186,6,4,119.33958534519569,1.8362965201731447,6,3,117.71835882884118,1.879954028693254,6,3,117.18853211072512,1.834149912084614
QAHCUX_#[2],3562.69,3449.23,3575.02,3663.81,354.3,135.43,277.04,650.43,0.8405351100016825,0.0080053445722896,32.88260868611506,122.12757839907329,173.24713119087434,2.044596950501492,1.13900947318273,174.3705079410766,-32.71,-173.78,-179.97,255.62,2.038051191702505,1.1411073788211163,175.2287558561446,-33.95,-173.55,-178.97,250.66,175.39974269571064,2.0565737088662788,1.1360642279378397,175.96252385411273,-32.49,-173.6,-180.09,256.23,2.0279144483927327,1.1394504113826098,174.28231707802533,-32.62,-172.93,-177.3,252.37,174.03189811204643,1.986609194079198,1.1464055957644304,178.11661760480567,-38.51,-176.66,-182.07,243.2,1.033688184099676,0.0221577687846177,107.78950414871962,4,2.5350701647094507,6,4,121.95485434115884,1.8161848143842625,6,4,124.392620754307,1.90275573576852,6,4,124.10602199393496,1.8188935757762192
QAHDAE_#[2],3525.05,3342.78,3600.53,3631.84,330.23,230.7,661.81,98.18,0.8753918620646839,0.0087005037366332,38.09950562716661,134.6274063675404,175.9533806167743,2.0350463508234897,1.1444896198742909,177.4588929463386,-34.56,-176.99,-180.84,254.15,2.0460475923105985,1.13634660645421,177.10627608560603,-30.65,-171.76,-177.94,257.75,169.41250762078883,2.06341981428889,1.1347332902492993,172.5368752013159,-31.53,-169.41,-179.03,253.86,2.0168953443349515,1.1490097867294249,172.59712486263058,-36.58,-176.2,-177.63,244.09,176.7613101910699,1.9818157482470464,1.159559545689655,179.34640376187662,-41.31,-181.4,-186.06,243.52,1.0433483797308458,0.0222010371317581,106.02937580822918,4,2.553880087239806,6,4,122.73311614599298,1.845403882622989,6,4,124.90051574867312,1.907432045971756,6,4,122.6352640323942,1.8221075736629824
QAHDEI_#[2],3525.39,3274.5,3493.27,3808.38,179.24,203.31,253.74,80.66,0.8280442692655514,0.0077589649229721,19.515053012448675,87.00715870886867,177.6063605305174,2.027740136210751,1.140797957571805,175.7781848598439,-33.03,-173.87,-178.57,253.36,2.052889020380791,1.131105145421946,178.80436305243398,-31.55,-171.09,-176.87,253.31,176.52044354580894,2.019510561992683,1.1420163483943646,178.17980998299743,-32.95,-175.19,-178.68,255.01,2.035032297041008,1.142430816286045,179.45070945511776,-32.91,-174.81,-179.06,255.14,177.9050435422821,1.9998622152538417,1.1437264052211082,179.37757785745498,-40.12,-177.96,-179.77,237.36,1.1115996357380904,0.0277254274842236,38.03521477707636,4,2.5238334077351454,7,2,112.74930886072669,1.6742865764259114,6,4,119.2612184624359,1.835769239310867,6,3,110.83756107467448,1.8382451359924767
QAHDEI_#[4],3503.83,3261.11,3489.8,3760.59,169.97,196.58,260.13,53.21,0.8194353244294308,0.0076043611907585,25.63566541557418,117.6383754217548,176.47595384782375,2.0325009889296486,1.1492744189270028,176.48685574952393,-35.49,-176.35,-181.35,251.24,2.0365272352708668,1.1392811286069824,178.83232722933693,-32.8,-173.64,-177.93,253.15,176.02204115528167,2.0488243092076,1.138134636148114,176.4010487940134,-31.21,-173.42,-177.54,257.33,2.0364551971501856,1.1414815854844085,177.80034654851391,-35.55,-175.94,-181.4,250.69,174.2945438159374,1.991682974270755,1.1510778687821253,176.53764149091472,-43.14,-179.5,-184.18,234.27,1.0934575556228667,0.0264567693914624,38.80606279269081,4,2.520859335623469,7,2,114.34220026110695,1.6957427428710998,6,4,114.90061005832176,1.837428804062895,6,3,114.72063764588788,1.8424913486906795
QECGAG_#[4],3537.76,3224.8,3612.45,3776.03,189.46,200.96,270.76,96.68,0.8016358503127714,0.0073201085186129,33.3539970239184,119.62936775464526,176.70170271813396,2.014646065689951,1.1539773394655548,177.95066289428672,-38.12,-178.56,-184.71,248.92,2.0614212791178823,1.1289698003046833,176.97410745248007,-28.85,-170.02,-171.9,255.37,174.32770598325797,2.033454275364952,1.1363840107991656,176.9670575242527,-33.06,-173.65,-176.31,250.79,2.0531394326737784,1.1255696957541084,177.48513917146025,-27.25,-167.08,-171.17,256.5,174.2797628312359,1.994242680818961,1.1481761580872492,178.81952558766534,-41.62,-177.37,-181.78,234.28,1.1110136995506454,0.027523759199982,33.33264916674413,4,2.512362256920768,7,2,109.58801963006164,1.6895704927584396,6,3,112.85298597752646,1.809579437327912,6,4,118.56055602117463,1.8159094415746608
QECGEK_#[4],3565.68,3356.27,3583.34,3757.42,188.27,-22.39,259.59,327.6,0.7537433326474261,0.0064272694385166,13.985850716784752,72.15697361568368,176.23599752753483,2.0422850339754244,1.1404695261163271,176.927142900295,-33.91,-176.99,-179.27,254.55,2.030858995597676,1.1429489664897552,178.34571927657905,-33.47,-176.27,-177.84,253.7,177.87411423148973,2.03845888847433,1.1409297612035545,177.65417893348663,-32.89,-174.54,-178.23,254.1,2.01789877099918,1.1348686664103471,177.98942460039572,-31.69,-171.98,-175.78,252.69,178.95153514035013,2.0197590970212262,1.1369988346519977,178.73748949150723,-37.83,-173.51,-179.23,239.24,1.3040965358161918,0.0480715463271254,40.418053987700006,4,2.482098156802023,8,2,118.50060842326262,1.604633319484548,6,4,117.2952267711321,1.812942398423072,1,1,111.65231775137622,1.4205256808660662
QECYAY_#[2],3650.46,3502.77,3672.86,3775.77,388.47,212.27,257.38,695.76,0.7765571600639727,0.0068223852226839,20.00198431304655,80.40841385359805,178.41070805636775,2.050780936619024,1.1221288428696583,177.88518439268526,-26.45,-166.75,-171.36,258.76,2.062125808480172,1.1226510098868656,177.90669647825578,-27.72,-167.61,-172.42,256.87,178.83730710380144,2.031135822637176,1.1389495555115683,178.72000639902288,-34.24,-174.71,-181.26,253.24,2.040367662947048,1.1411649705454514,178.4272909878632,-30.31,-174.21,-178.12,261.4,173.9820091416315,2.0011147418376587,1.1475029150289773,178.24570659768918,-39.95,-175.46,-180.33,235.93,1.0049318497101936,0.021081960220165,109.61604457525486,4,2.503039290542599,6,4,127.54210849345928,1.842473511342836,6,3,114.98228648830369,1.8091130230032624,6,4,132.01144362819744,1.8476676378613128
QECYAY_#[4],3717.72,3604.09,3708.53,3840.54,393.36,223.7,237.95,718.44,0.7700300929714188,0.0066953280123149,18.34250417098488,93.41274114866796,176.30471125911248,2.0282565444243,1.1364547901258544,176.73775915834003,-32.22,-170.19,-179.77,253.29,2.04259930480748,1.1356498271914628,178.5666315318687,-30.91,-172.28,-177.32,256.88,177.7240174335888,2.049663038160175,1.1377106310481588,178.91574839803158,-29.19,-172.22,-175.47,260.14,2.0480177025602098,1.1247289228965358,179.08710397886827,-29.07,-167.66,-176.38,256.83,175.2449416405486,2.006425924373985,1.1323017486518334,178.53932573195718,-34.02,-170.95,-173.91,242.81,0.992309062465684,0.0205212320174238,115.35481972899916,4,2.4970105586480806,6,4,129.19039304962132,1.84784502596944,6,3,118.28160117171277,1.8201899296502,6,4,128.99936143594255,1.838378595393234
QEGZUA_#[2],3728.68,3664.72,3711.92,3809.4,211.43,112.01,225.83,296.46,0.704023408404896,0.0056087374345033,19.097237615032512,77.87030331848281,177.31890304251172,2.059057189589449,1.1387876843380422,177.585035510375,-30.41,-171.59,-175.49,255.85,2.0454006209053515,1.140056494214212,178.48589588745864,-29.28,-171.65,-176.17,259.99,177.42569794258705,2.047849755231081,1.1428884897486715,177.96677659113683,-31.67,-172.05,-175.03,252.07,2.049157668409144,1.141715498712354,178.02788772184235,-27.93,-172.31,-172.65,261.18,176.45427550201788,2.00892671344676,1.1366395910753768,179.0799395951466,-37.04,-164.69,-177.42,230.98,0.9719572328457136,0.0303153544295922,67.71303726829038,3,2.464492434559295,6,3,140.20976217068474,1.7059687922116278,6,3,128.0301899710324,1.765080227638392,0,0,0.0,0.0
QEHBAJ_#[2],3631.3,3564.06,3627.38,3702.45,200.75,210.0,294.63,97.61,0.7021246226924958,0.0056219441878879,20.84583634444916,79.52864608611601,177.512191226257,2.0478946408445915,1.1358992252836515,178.95983071529477,-30.37,-173.35,-177.92,260.16,2.0542499701837658,1.137452337462981,177.1992586028327,-31.95,-174.12,-177.53,255.8,176.7157381553233,2.062334269705083,1.13258929007827,176.6738799252865,-28.46,-172.65,-173.1,260.36,2.0702510113510395,1.1204100365491196,177.86292776296747,-27.93,-167.13,-169.86,253.21,176.07785136727193,1.9978603880151389,1.1590437092707078,179.58570622640892,-46.41,-176.3,-188.27,225.35,0.9717004451766608,0.0301941459711211,68.24538710057476,3,2.467792829635421,6,3,128.01047922440435,1.7685208763257505,6,3,140.30932423653593,1.7095141151801003,0,0,0.0,0.0
QEHBEN_#[2],3646.28,3550.77,3661.88,3726.17,208.81,116.65,220.59,289.2,0.7125867084031505,0.0057784799030243,18.315709302919927,76.9263882277418,177.58335390163705,2.062978751708316,1.1337071270835342,176.7687599591497,-30.61,-172.23,-175.92,256.31,2.0503713102752874,1.1359867120701728,178.49020581982066,-30.21,-173.25,-177.36,259.98,177.79751563502,2.0702707769758044,1.1208039302215174,177.9666501735732,-26.86,-166.33,-169.32,255.07,2.050312281092809,1.132377278118914,178.78131839155304,-27.4,-171.47,-172.03,261.29,176.06738571499838,1.9985841263254345,1.1573197743061336,179.05801895142434,-45.14,-174.34,-187.64,226.56,0.9804489308246718,0.0307047085208297,67.29217319601278,3,2.474055474317421,6,3,140.3958964326152,1.7067580613549187,6,3,127.55937591282748,1.770679491042916,0,0,0.0,0.0
QEHBIR_#[2],3660.06,3604.91,3655.32,3719.94,221.46,145.6,233.0,285.79,0.7163779851238705,0.0058243725306813,23.186388505034685,92.23746898968858,175.77163916548335,2.047314604549091,1.139764436188461,176.58566319203112,-32.88,-175.64,-180.08,257.08,2.060205662063863,1.1358020998395804,176.88732724500707,-31.97,-173.89,-176.43,254.41,175.05497357223575,2.0476683081007048,1.136356189757419,177.30163759203873,-29.86,-173.54,-175.21,259.15,2.05846137928308,1.1359431147729184,178.99677995942977,-31.96,-172.89,-175.48,252.48,175.7378345067236,2.001355415712062,1.143984794479367,178.40101808231717,-41.26,-169.77,-180.89,226.89,0.9812381599273504,0.0307802385928617,67.60123354726443,3,2.472827865016084,6,3,127.35277712674028,1.766564502077408,6,3,140.8359326969186,1.7072339880637333,0,0,0.0,0.0
QEQJAX_#[4],3673.71,3596.09,3656.0,3769.03,129.65,148.6,187.81,52.55,0.769956600333991,0.0066940304184772,30.911713839381548,113.15919078298587,176.91702356506494,2.0421191664543,1.145448501679582,174.11954703212015,-35.17,-175.14,-181.07,250.71,2.047013290137609,1.140121809281798,179.02814974947393,-31.03,-173.63,-180.4,260.94,179.50083869583085,2.0426729890024,1.1441254520374942,175.92334995169102,-32.43,-175.67,-179.02,257.39,2.039632687519985,1.144488331089487,178.9718467672557,-34.07,-175.4,-181.68,254.86,174.68266211725168,2.00315291727816,1.147046598879051,176.84485124444507,-39.5,-176.0,-181.09,238.59,1.1019869806566838,0.0280157078284884,44.34681912380839,4,2.496892170278885,7,2,111.17331434701498,1.7047029946591867,7,2,113.95656494271338,1.7056422514701015,6,4,123.70575548578704,1.8763573033939984
QEQJIF_#[2],3565.37,3337.25,3657.16,3701.71,285.79,133.93,221.84,501.59,0.734616562036092,0.0061703960785317,32.218150449017045,119.69745444733414,174.78050740786242,2.021365647279085,1.153501950583528,176.22426998714545,-37.91,-179.17,-183.76,249.21,2.0602897781622858,1.1369790235532062,179.07310285538532,-31.42,-174.54,-177.22,257.51,178.54768649255192,2.0458395513822683,1.141853410031253,178.17826837184353,-32.37,-175.87,-179.95,258.7,2.060132058873896,1.137373047860727,176.412030184649,-32.46,-173.21,-180.15,255.99,172.28366160783793,1.997096339689201,1.1516159820009453,177.03398148440272,-41.78,-178.12,-184.1,236.88,1.0364340876005649,0.0251827984446428,114.64561996159593,4,2.477714612299003,7,2,114.28243088056124,1.6555141708846848,6,4,132.571752862562,1.890247274829407,6,4,130.85718231042455,1.8145142159817869
QIHCER_#[2],3558.3,3385.37,3612.36,3677.18,453.8,292.7,318.2,750.5,0.81983864693005,0.0076082772365662,25.53793909392764,102.63843396236368,177.59898406179974,2.0376550247772567,1.1495095040929408,178.9351444955133,-36.29,-178.39,-184.33,253.86,2.040045538707408,1.1508287448617185,177.56432031751075,-37.13,-179.25,-182.77,250.61,176.67984958510775,2.03645694528512,1.1505368572974966,179.18937667376477,-35.17,-176.9,-182.77,254.14,2.0476631412417423,1.1416856047091073,176.12144222949163,-33.8,-174.64,-177.4,250.65,173.70983202847825,1.9905359604890345,1.1559376194241624,179.5228746932205,-41.74,-176.18,-182.67,233.64,1.0403352541826894,0.0225021827881808,133.62009652139935,4,2.522374510258142,6,4,112.70198170702912,1.8224062664510348,6,4,136.42452989994115,1.8309176933985865,6,4,138.24562489626072,1.8331290625594256
QODHAV_#[2],3521.49,3257.41,3619.18,3687.87,210.35,150.61,172.28,308.16,0.7515554194078842,0.0063727286466309,16.30296464133302,76.8351740024362,177.836800639041,2.036055436376917,1.1462808905325086,177.54789714209775,-36.37,-177.66,-178.94,247.49,2.048852276275671,1.135057240847351,178.1396463485311,-29.45,-171.3,-174.62,257.57,177.91701062432884,2.033826022549618,1.1441242327649563,178.65333100362037,-32.44,-176.85,-178.51,258.02,2.045196506451153,1.1407918565627997,177.68771623144724,-31.87,-175.18,-176.85,256.41,176.11680215354255,2.011880170387889,1.128644381548059,178.99477628171147,-34.25,-166.47,-173.31,237.02,1.013704648398526,0.03441587406935,31.116670946841765,3,2.48609533405298,6,4,126.66001272863048,1.823575775776812,6,2,121.42072966957352,1.628057919731359,0,0,0.0,0.0
QODHAV_#[4],3572.59,3294.43,3662.56,3760.78,210.02,146.71,178.0,305.36,0.7159240170682675,0.0057786826352697,19.275312763147795,65.45941338178605,177.06206415127767,2.0455135052108537,1.1285731744109462,178.0300397892959,-27.14,-169.37,-173.14,261.08,2.048290980305289,1.1370655258163458,179.26902408707625,-33.63,-174.59,-175.02,248.73,175.61815229592943,2.0550129245335653,1.1186888262604568,177.30188001385082,-25.59,-165.6,-168.9,257.74,2.050126518047119,1.1277156157471613,177.18755456658107,-29.52,-171.32,-173.16,255.9,178.04352639347616,2.0123791938896587,1.1382299416198831,179.0829420765178,-38.15,-169.66,-177.94,233.14,1.0041858106759245,0.0340013481860126,31.155647312175503,3,2.471819034638257,6,2,122.2394398659837,1.6248406968069211,6,4,124.00920022739976,1.8125186564557063,0,0,0.0,0.0
QODHEZ_#[4],3571.98,3342.96,3643.77,3729.22,225.32,144.1,217.45,314.41,0.7192998255524916,0.0058812569363682,19.8890451987734,76.72313873389785,178.80050293423412,2.046544047901242,1.135509669707837,178.31544718512498,-30.38,-171.77,-176.06,256.68,2.047721995291352,1.1339958597808018,179.49795180351109,-30.72,-171.37,-172.83,252.03,174.98276394846363,2.0553867616582533,1.1325908793558244,177.24204237265891,-28.6,-171.32,-173.11,258.63,2.031526000325863,1.1385946776618976,176.68910838667173,-32.43,-172.53,-176.95,252.21,179.7811600014751,2.0032849947024505,1.14741569624962,178.686698498182,-42.28,-174.05,-181.01,228.22,0.9941712119172534,0.0334662719867725,32.03125826232774,3,2.4684726553073264,6,2,124.88550284049884,1.6239870627563506,6,3,125.74277397674553,1.821701429982422,0,0,0.0,0.0
QOFSEL_#[2],3375.05,3189.9,3312.13,3623.13,341.58,191.53,354.9,478.32,0.7995418725447876,0.0071669086096088,29.226702049430045,108.65316081816394,176.89628370467514,2.0521561490296,1.142189380094212,177.78611645499583,-32.08,-173.16,-177.12,254.03,2.051029570727834,1.1411238802163417,178.01277515943738,-34.21,-174.99,-175.63,247.98,176.36513094684486,2.0516534015276555,1.1392155371131492,178.50970900867588,-33.54,-172.95,-176.67,249.0,2.0523081639948724,1.1398974778461433,177.261073371882,-31.03,-172.14,-175.17,254.22,172.48850882542095,2.003505635130584,1.14765731819215,176.86217260902316,-39.61,-177.44,-178.84,237.45,0.701853754472759,0.0113700990590089,135.10648194957844,4,2.5218557076089816,15,3,110.53257650575355,2.1554369510611986,15,3,134.93489847104874,2.200031611136531,6,4,142.96803933606105,1.8645966132115548
QOGCOE_#[8],3602.05,3312.4,3661.03,3832.71,433.98,204.93,276.33,820.69,0.7193149913968342,0.0058542127466526,24.20803827724768,93.8376889751384,178.1906818128412,2.0551058488554808,1.1290359161691872,177.6299075826224,-26.24,-168.35,-169.91,259.53,2.0397368286129454,1.1276020707678762,177.72037491915077,-25.51,-167.76,-168.91,260.15,175.92929961831635,2.043167085678506,1.1373978635464372,175.95344277681895,-31.66,-171.78,-176.25,253.05,2.039118204028399,1.1426592624225296,177.78474599675607,-32.96,-175.8,-180.53,257.44,176.30600015545545,2.010525555669461,1.146505686858991,178.15618233396202,-35.67,-173.16,-179.81,245.98,0.8991556742826741,0.0247874464565094,32.94930972863585,3,2.469119699407059,6,3,127.45383154583205,1.8021732602610647,6,2,120.38945034440084,1.7873326271290413,0,0,0.0,0.0
QOGCOE_#[12],3622.02,3387.56,3690.04,3788.47,403.12,169.65,223.74,815.96,0.7485798365787293,0.0063122923786905,30.68477517163099,127.27052984507608,173.75572899201765,2.051341582964671,1.1392609885359892,174.69981903365053,-33.24,-174.71,-177.83,252.81,2.038080876707299,1.1480233185785031,176.38646105538947,-35.41,-177.75,-182.07,253.6,176.08644935422475,2.05077757935862,1.149448572142312,178.5404677781419,-36.39,-180.33,-183.29,254.45,2.045237318748121,1.143545560963794,176.60585920205375,-33.43,-176.87,-180.21,256.78,173.24013512691403,2.0103820681651534,1.1387845933274654,174.63525460910247,-35.16,-169.89,-178.27,242.67,0.9079448672801806,0.0249184735224212,33.242599024661445,3,2.48831178713601,6,3,124.93958319653947,1.796362488474973,6,3,124.31108233839552,1.818343784876776,0,0,0.0,0.0
QOZSOR_#[4],3552.03,3328.56,3631.28,3696.26,143.09,-40.32,141.45,328.15,0.7665251434881797,0.006628984957529,52.21917302734224,179.49576187329612,176.76179448461056,2.064894888365992,1.129326281461651,177.97321454928186,-25.18,-166.44,-169.94,260.83,2.037003222874229,1.1389948419549605,177.99803408533018,-35.26,-175.01,-180.31,249.55,173.7097639175816,2.0393086303941343,1.1421198973838076,174.24477405506872,-34.79,-175.19,-179.67,250.49,2.04023093300734,1.1354430500910206,175.3763779216107,-28.94,-170.72,-172.35,256.27,165.8608505296583,2.008634177743673,1.1432947345282407,177.5307749508886,-43.15,-177.65,-180.85,229.07,1.1729913587813707,0.0313850974085229,69.53459241545954,4,2.497929456569981,7,3,117.74089740444144,1.711315929336252,7,3,112.7649159636128,1.7169234024848048,7,3,116.00209146050254,1.719566320326145
QUBPIO_#[4],3539.55,3253.74,3632.23,3732.74,187.2,167.74,331.54,62.04,0.8608016056263803,0.0083679178101919,39.5504051299188,131.64469951994758,177.15081094411354,2.047655210234379,1.144014628402977,177.4560279908841,-33.5,-176.68,-179.07,255.25,2.019441224695584,1.1573532433963276,177.70739956138135,-40.84,-182.61,-185.38,245.46,177.39706656545883,2.0324747501506635,1.1468185907108408,177.5181625433192,-39.05,-176.95,-185.92,245.71,2.044528407726338,1.1341567175659637,178.51358066172918,-32.53,-170.94,-174.96,248.32,170.48402114082302,1.9929900476419848,1.1629827857711394,178.9084631663005,-47.77,-187.08,-189.21,232.99,1.157829735895887,0.0350613526092542,36.33477772211299,4,2.5438988914656178,8,1,112.40159914056476,1.5208920441635565,6,4,123.2516870147733,1.8920244633725003,6,3,108.0729489385233,1.903120695069024
QUBPUA_#[4],3551.02,3302.65,3628.46,3721.94,195.73,183.59,338.03,65.58,0.8406722672180211,0.0079545142770255,39.664474414636985,133.84456088271352,174.43114218005266,2.0281687528408465,1.145792236838774,176.6560366479854,-38.33,-177.35,-182.9,245.25,2.058685595228179,1.1307181877019592,178.6307364031641,-29.28,-171.49,-175.57,259.23,176.4449476153938,2.0374492926205576,1.138961926492716,179.14054451340596,-32.91,-171.78,-176.82,249.86,2.047206110776341,1.1413448295760589,175.60573958616206,-35.72,-173.7,-181.73,248.27,172.92698331494222,1.9984535721402183,1.150358031223323,178.6029608292387,-44.63,-180.96,-186.4,233.48,1.1514943127682573,0.034808580258253,39.87428794224989,4,2.538396025052041,8,1,112.53109749869829,1.51993593614994,6,3,111.00629761970576,1.8967284992850184,6,4,123.2665592569434,1.8955350141846503
QUQXOP_#[4],3313.08,3084.96,3179.32,3674.96,73.51,-344.62,205.6,359.54,0.8514971806667635,0.0082480709561982,26.66277494502104,109.47312031814975,172.54404212833768,2.023103600906289,1.162134906110303,174.54300598493472,-39.06,-178.42,-182.03,243.26,2.056696465208223,1.1270986247884454,172.03702882377488,-31.8,-168.99,-172.98,246.57,176.64421062498212,2.044894921505748,1.1422537590220474,178.3084573414039,-32.06,-172.96,-173.35,250.14,2.046996712259208,1.1444784008446809,176.71482889362056,-32.44,-171.67,-176.84,251.19,179.14139997916047,1.9786743921120524,1.162597342161077,179.12450833612476,-52.45,-185.08,-193.75,221.48,1.5449434203725347,0.0322794265901805,38.04194073779273,4,2.540971526798362,74,6,123.03498145134878,2.5312063724635334,7,3,107.25638214672436,1.762065552129091,7,3,111.04281485810986,1.7651689267602697
QUQXOP_#[8],3361.76,3111.38,3217.71,3756.19,73.51,-344.62,205.6,359.54,0.831885727351211,0.0077535876336858,21.671301096837936,99.01288669440666,178.0997826275421,2.0383706458836186,1.1282924709489113,179.48334709095732,-28.07,-166.17,-170.74,252.7,2.0426815953544994,1.1310782687329803,177.78763121313753,-29.45,-171.05,-172.04,254.74,176.02650313049898,2.038021202048693,1.1436052596940958,177.9781619514147,-33.86,-174.42,-177.7,250.55,2.027521790265151,1.136479771047421,176.82046659611038,-30.16,-169.34,-173.16,252.01,174.82240324209818,2.013779446712077,1.148923731150158,176.8621452202378,-44.8,-180.83,-185.66,232.07,1.5449434203725347,0.0322794265901805,38.04194073779273,4,2.5312063724635334,74,6,123.03498145134878,2.540971526798362,7,3,107.37467530348675,1.762065552129091,7,3,111.07913196894512,1.7651689267602697
QUQXUV_#[4],3448.78,3200.33,3347.85,3798.17,147.71,-166.98,250.37,359.74,0.8718395392819509,0.0085693767292812,18.80118571469147,92.41069242055164,177.89511123080638,2.0219832318790383,1.1517758722946052,178.32125404259756,-36.0,-177.17,-181.86,251.01,2.041499159931249,1.1377916065782885,177.4257341804477,-29.49,-172.38,-173.96,257.87,176.19262303920434,2.0316941969696134,1.134737132555377,179.1878769614059,-27.54,-167.52,-171.64,256.55,2.043578931678441,1.146210059282329,174.39396226231975,-32.73,-173.78,-176.25,251.85,176.24257782881432,1.9933589165024936,1.1440134002711688,175.06696140936853,-41.48,-176.22,-181.55,233.33,1.511674426070682,0.0304486719733714,49.87545194274668,4,2.549526610961338,74,6,130.02362165106894,2.5394956684349754,7,3,108.3938460704106,1.7749067891018944,6,3,107.0424303735492,1.8024410642237367
QUQXUV_#[8],3515.56,3255.47,3418.45,3872.77,147.71,-166.98,250.37,359.74,0.8757861873179489,0.0087286695145943,28.785500750492574,114.7494842060024,175.6247077133629,2.017025684020905,1.1532992369719148,176.18268263231525,-37.94,-176.15,-180.64,242.99,2.0419910332809983,1.147793017054904,179.57247010039944,-31.18,-173.71,-178.61,258.77,175.00900942526945,2.0016630410735976,1.1305375977825771,178.83595880233082,-27.08,-167.08,-171.15,256.99,2.0116379445615964,1.156804936019897,175.2321998847257,-35.52,-176.33,-178.78,248.54,175.29710414398895,1.9978020772839336,1.1271818797337014,178.39000368553798,-34.88,-169.22,-172.22,236.8,1.511674426070682,0.0304486719733714,49.87545194274668,4,2.5394956684349754,74,6,130.02362165106894,2.549526610961338,7,3,107.67631717969526,1.7749067891018944,6,3,108.620729307437,1.8024410642237367
QUWQIJ_#[4],3728.67,3567.73,3795.88,3822.39,229.12,124.17,271.59,291.6,0.8166389856878471,0.0075184198763852,26.404860658681383,109.55098996101783,177.03045840482136,2.0352450736950582,1.1457294750507203,175.8952552150318,-34.52,-174.84,-182.65,253.94,2.027839530140392,1.1486453151430156,178.05046156983923,-36.07,-177.04,-184.85,253.68,175.74696040893363,2.041875483471017,1.1439140439735846,173.1044449898576,-34.0,-173.01,-178.68,249.68,2.0366880222557406,1.1463093517894722,178.6880659785614,-33.07,-175.63,-180.75,257.18,178.4961036416094,2.003687193650745,1.1453344402400552,178.00793206592877,-36.75,-175.87,-177.82,243.45,1.2983812506610777,0.0467726022841238,42.55654234105123,4,2.519050452055298,7,2,113.55103245261344,1.681045073756204,6,4,121.2999129128254,1.8530564292541112,1,1,113.70069286766127,1.4262873518334238
QUWRAC_#[2],3289.44,2822.95,3296.35,3749.03,99.53,-27.79,107.13,219.25,0.7714232824463125,0.006708469679961,25.25929009027358,98.640200846473,179.257410909117,2.0548433005949622,1.1388484183595289,176.86615442844686,-28.33,-165.03,-173.91,253.94,2.027409327195671,1.1461193218858146,178.607245721201,-37.55,-175.63,-195.11,258.11,177.51431540539136,2.039853058433378,1.1398639392488912,178.26591260829832,-30.38,-172.9,-174.92,256.66,2.054369959379274,1.129845254891129,175.81242179077788,-29.76,-168.96,-175.36,255.04,173.84158439400989,2.010245927741181,1.143214730485923,177.65500178509672,-49.12,-179.67,-184.69,217.01,0.915936745686015,0.0170583496427381,44.5064468416434,4,2.5001982841366805,17,1,105.7218843942978,2.09581584353206,6,4,122.91658955827438,1.8573551760500733,6,3,116.77461539807844,1.8227222059326524
QUWREG_#[4],3498.36,3338.66,3482.93,3673.45,163.12,184.65,252.05,52.64,0.8286097544840805,0.0077561795877955,30.541345227020187,119.34182351626588,173.72731625091342,2.036547394489016,1.14032813698514,176.23889413931622,-31.66,-172.72,-176.05,253.78,2.039412130982848,1.142860835797605,174.90728654746422,-34.61,-176.31,-177.82,250.28,176.71221472792098,2.051248244362442,1.1357229679811884,178.84503233519928,-32.27,-173.79,-178.86,255.84,2.0478705842899347,1.1372022907117276,176.27854024544146,-32.95,-172.27,-179.04,252.46,174.65731655145836,1.990734143475717,1.1470966829347906,178.3240846013691,-41.77,-179.15,-181.26,235.11,1.088214113262009,0.0259947337063524,41.033119036552336,4,2.53032835221044,7,2,105.07314208330357,1.7099393702701868,6,3,114.18652687063432,1.8835765898948729,6,4,123.4816753267348,1.821040869942243
QUWRIK_#[4],3668.89,3515.92,3685.21,3805.52,371.39,316.01,347.11,451.05,0.787216144942517,0.0069759642159673,18.844336308087207,81.34532971377101,178.1851289961888,2.047236327344745,1.136238663309783,177.8347224288954,-29.56,-173.36,-176.2,260.87,2.03918875536327,1.141992688242791,178.84405682725037,-35.12,-176.12,-179.84,250.6,176.8387740784252,2.033578191267796,1.147918455292013,178.14883472080982,-36.36,-178.63,-181.94,251.49,2.046365016315516,1.133412903579273,176.70805479110675,-30.07,-171.15,-178.58,259.52,178.1670850989337,2.0075356161224134,1.142969942736903,178.64867616627805,-37.29,-175.29,-177.14,240.58,1.5010526457807465,0.0611610235596354,48.188558758994176,4,2.5071104682482583,6,4,122.70032124274248,1.8351910254793653,1,1,113.54058816233942,1.4197607051894352,1,1,114.30799776941464,1.4214881427574422
RARRUB_#[4],3686.87,3546.84,3640.94,3872.84,199.5,245.05,345.15,8.31,0.7088104655097882,0.005696157931221,16.177009312129186,80.85276853593066,177.10847817803196,2.0543729578633,1.1407545660658134,176.73231735421112,-31.67,-174.21,-179.17,258.37,2.026007312425105,1.154350605318852,179.0740690577628,-37.58,-180.38,-187.16,254.81,178.01420815718186,2.048458527771553,1.1418183480746842,177.26875296392268,-32.41,-173.55,-180.98,257.31,2.036204982313912,1.1432801406479514,177.86252580645572,-34.87,-175.58,-183.86,254.83,176.1880660767425,2.0156602838772213,1.147623156789719,178.38707509116253,-41.09,-179.15,-183.44,239.32,1.289219331082745,0.0447145155332742,52.55249958620146,4,2.461427092156092,7,3,121.79063080119816,1.6724013902170731,7,3,121.20865102817088,1.6869387837144565,1,1,110.27873586796672,1.4465024403712552
RARSAI_#[4],3620.3,3451.99,3629.04,3779.88,132.83,27.99,300.78,69.71,0.8289381972673928,0.0077538006557147,51.52419498483575,177.79202755154697,169.0486377358927,2.048337779761922,1.1378923718876053,173.31321164951518,-34.96,-171.84,-179.6,246.57,2.040257187219298,1.1414803371061633,174.16021160281815,-35.55,-173.13,-181.89,248.37,178.66403871412476,2.0421882136571057,1.1355543756245228,178.96345725353305,-32.29,-174.27,-176.39,253.78,2.0589521631159866,1.136708432272762,175.24305756396194,-35.91,-174.72,-187.04,254.04,169.3383804040006,1.9909919135948293,1.147672793090435,177.13654263193885,-41.43,-177.48,-183.71,236.92,1.291445694882471,0.0390206773265255,54.733056912882816,4,2.533508369830264,8,2,121.20210986675352,1.6594246533060788,7,3,117.41610552202668,1.6832933939156296,7,3,114.78722675595372,1.6749156725041412
RARSEM_#[4],3611.73,3400.69,3620.11,3814.38,148.78,-61.34,199.46,308.22,0.6599622334966422,0.0049151367518633,17.494994820444177,69.45555003074854,176.5427044629622,2.0659342511319188,1.1303791222417368,178.4087658796025,-30.15,-173.26,-176.73,259.53,2.04186016416404,1.150544336390389,179.72572174723305,-36.24,-181.53,-182.59,255.39,179.7383594828682,2.061765360073741,1.125761146957914,177.6073819395939,-29.74,-169.47,-176.19,256.44,2.053681737757824,1.1297717158789211,178.74097884593556,-30.4,-171.54,-177.97,258.31,177.31477416990342,2.021899178989895,1.1463229954947245,178.9663051795938,-42.57,-180.8,-183.31,236.4,1.307094927499844,0.0465002965554066,51.25501236187388,4,2.445005478521469,8,2,115.83646512046212,1.6127849019630602,7,3,121.2758648363182,1.66612898360241,1,1,115.11007126426476,1.4419126949992496
RARSIQ_#[2],3645.68,3537.26,3654.89,3744.9,118.87,-97.93,165.29,289.25,0.6364812279324474,0.0045770486975409,17.338537078881615,75.26129843574864,178.40705547118873,2.05399106619284,1.1342689319557335,178.35609006716902,-30.28,-173.81,-176.84,259.8,2.0483287675566144,1.1347015598825974,178.1873972130341,-30.62,-172.67,-177.58,258.38,176.96067877384678,2.050177031380461,1.1374179530849682,178.71226204745847,-31.26,-174.0,-177.07,257.29,2.0420633143955165,1.1390283710250582,178.44792477436772,-31.52,-174.18,-178.67,258.28,175.76305472343935,2.026193806130104,1.1392676990066908,178.10787215807773,-39.16,-177.47,-179.8,239.79,1.3063125216228866,0.0471163886228442,52.9232363619648,4,2.426039533890576,8,2,115.41079427959994,1.6135990827959703,8,2,120.34858452057097,1.621940895963845,1,1,117.40114781315263,1.4299535796661378
RARSOW_#[2],3660.9,3527.37,3677.99,3777.35,115.69,-5.72,317.16,35.64,0.7002195992038511,0.0055598729547423,34.611021207946,124.16849645674488,177.82986838870755,2.070171838278165,1.1330247834888694,175.69641391602983,-33.27,-173.62,-184.13,257.96,2.021506621309958,1.140955884335586,177.44790539728194,-33.0,-174.74,-179.07,254.81,177.63508578772326,2.048185116145511,1.1375867175736538,177.39008624743948,-33.09,-172.3,-181.04,254.06,2.053928328837207,1.1332263675012135,178.75035936022232,-29.58,-171.51,-178.92,261.68,170.50002398019157,2.0207828928412868,1.1400279031672873,177.3014286537953,-37.98,-177.11,-179.1,242.26,1.2320942619233284,0.0371408656330943,58.30183741167208,4,2.4630467190047365,8,2,124.20509147406928,1.6331313143773838,8,2,109.81363049753506,1.627432004724007,7,3,120.91326995654256,1.664388314066162
RARSUC_#[4],3637.95,3544.4,3658.12,3711.33,101.35,-13.04,18.34,298.75,0.7243292311716263,0.0059267899349306,24.634403791347992,108.16234542888915,176.7588271914934,2.0351089061767667,1.1446528294640264,178.26803668696695,-34.68,-176.44,-183.59,255.98,2.048394825222911,1.1343751187327762,179.60348568354695,-30.93,-172.74,-178.31,258.27,172.86829447401314,2.0320715760031685,1.1433375442099325,174.83396810541518,-34.43,-173.47,-180.44,250.61,2.051445894972617,1.1416708369753523,174.27680716235102,-36.83,-175.74,-187.79,253.03,174.35824718560508,2.016380038583997,1.1419522100333273,176.762556642738,-40.2,-179.7,-181.44,240.53,1.2861254547465677,0.0412466247319198,57.746240283608216,4,2.471277786894868,8,2,114.08825461456686,1.6083429920262653,8,2,117.25080870109647,1.61291771333816,8,2,123.6708115968667,1.620321745827044
RAYKAF_#[2],3602.09,3440.85,3608.98,3756.44,96.39,-39.48,103.34,225.32,0.8485969843583328,0.008092692411454,35.420298874758274,130.36749209699718,170.49226421942691,2.0622858991905075,1.1396363455067586,172.9416202230284,-36.91,-172.95,-186.16,248.36,2.0241824843625142,1.1460251131628834,173.80460357741163,-39.69,-175.37,-184.73,241.04,175.43270667417192,2.04442287210841,1.1433330398444717,176.7739994525066,-35.07,-174.96,-184.88,254.63,2.035344673513555,1.1456457305816663,177.27181071295735,-36.22,-178.12,-180.84,250.3,176.98830189780392,2.0033726887426613,1.1515446756422436,178.70213679355055,-43.87,-181.46,-183.79,233.65,1.0919419441796725,0.0252838707644589,51.53725393634932,4,2.5430799141985294,7,3,112.53661855032875,1.7576912982659951,6,4,120.57571108987382,1.8659754633970944,6,4,118.90080295627044,1.821689092573154
REHLIC_#[4],3567.48,3385.32,3602.02,3715.09,193.77,166.63,351.28,63.4,0.8062228905356461,0.0072839515118461,36.19321481628458,132.10012507386332,177.16986336297984,2.0519782869221594,1.133821806987324,178.5264534759493,-31.65,-172.48,-180.19,257.71,2.054640004964373,1.137622613171872,177.686579059544,-37.16,-173.44,-184.51,246.47,174.85307368819488,2.045554462731316,1.1401160204119576,176.74986702963866,-31.89,-172.97,-178.02,255.33,2.050439874758585,1.1427877055691469,175.4675548124226,-31.93,-170.91,-177.61,252.74,169.93659972469533,2.004009081815749,1.149966695169908,177.47840782986648,-41.69,-180.33,-181.91,237.17,1.326060340639368,0.0464311605017411,51.43609119714171,4,2.5250580765598247,7,3,118.5101085449512,1.6974845507397118,6,4,123.67530708526284,1.917244817439857,1,1,107.91949244705532,1.418758002620602
REHLIC_#[8],3560.07,3355.31,3621.28,3703.61,201.06,171.65,365.96,65.56,0.820807755423206,0.0075574049235959,33.62101635766534,126.0261726139356,177.3032572772306,2.0508719925924184,1.14675748089995,177.93412996051774,-39.95,-176.3,-187.58,244.03,2.0431977608640834,1.1393823107280536,178.05682856085502,-32.94,-173.35,-182.64,257.17,176.29209725127146,2.057416732215426,1.140811268352483,177.39578382103937,-31.77,-172.18,-177.07,253.93,2.035607393384097,1.1468609244367864,177.76620105848806,-32.9,-174.8,-179.85,255.94,169.67704262917587,2.0039552140704155,1.1536239378584334,176.920228930489,-42.75,-181.81,-183.74,237.31,1.3461843007760752,0.0473645568431505,51.55632244695892,4,2.530694471879211,7,3,118.2364629933258,1.6851752223433625,6,4,124.01733607531295,1.9191555799361355,1,1,107.34108438616428,1.4184905286959086
REHLUO_#[2],3475.27,3244.4,3555.64,3625.79,184.64,153.55,335.43,64.94,0.8546598268045886,0.0081903966974804,39.123338578811314,144.06383527170695,170.2317653621927,2.045205334434663,1.1461951491783589,172.65435579904067,-34.5,-171.65,-176.6,244.76,2.0646666631686577,1.139037075779361,171.40345776368846,-29.03,-167.55,-173.59,254.07,177.7624693690229,2.026640940077941,1.1477537453652678,179.14222374890076,-39.09,-177.06,-187.53,247.33,2.053087735582676,1.147735875539316,178.00392421589598,-35.42,-176.89,-183.75,254.39,172.84672988470408,2.001071487978378,1.1448142600439597,177.0930539928307,-38.15,-177.07,-179.09,241.71,1.3940104379424834,0.0488343545186569,50.03962768048602,4,2.550930328331215,7,3,116.95090535523464,1.687203778445271,6,4,124.02740208954752,1.9464002003699032,1,1,109.8356996762825,1.4161163123133638
REHMAV_#[4],3549.97,3364.01,3619.79,3666.12,211.41,139.96,195.38,298.89,0.8405995781891822,0.0079472891254491,32.11032269456652,112.2630896197808,178.01816126033304,2.057016455938065,1.136618150479747,176.67047370683665,-30.05,-168.46,-175.55,253.85,2.0420784754754164,1.1401997237326444,177.20632866099365,-31.88,-174.06,-179.54,257.96,174.53874726739912,2.055707316229623,1.1346155736636092,176.58439369093574,-31.12,-171.39,-178.38,256.4,2.046745079388247,1.1397942314295153,174.53085078947774,-35.73,-174.29,-183.98,251.1,175.05860268996437,1.9919552128499272,1.1509680534228568,178.9962295726999,-41.58,-177.82,-184.66,237.72,1.4025887060519289,0.0488079832778334,44.07537195176539,4,2.5430602548897654,7,3,112.5413261348914,1.6660463709032831,6,4,123.83945349003628,1.9459692109588984,1,1,112.2800695268086,1.4203943888934514
REHMEZ_#[2],3490.83,3267.14,3555.69,3649.68,197.59,204.82,326.65,61.3,0.8711595240880636,0.0085053659905355,38.376458568269,145.60407002354611,177.64057767680362,2.0536493395903794,1.1346098933113529,176.67142636644638,-29.94,-168.46,-173.2,251.84,2.046063075762817,1.139358894290996,178.06745626556742,-33.18,-175.86,-176.09,252.39,171.39457646699125,2.0471089516681817,1.1381391391213993,174.28569966333004,-37.27,-173.04,-180.71,241.95,2.0398508107212154,1.143069840385967,174.06538814698413,-36.41,-175.75,-181.6,248.13,172.74907934030094,1.993434947521489,1.1491295836414617,178.92208385532317,-41.68,-178.22,-184.16,237.33,1.3950223830050232,0.0501503666947042,45.78458876085453,4,2.558717139505654,7,3,115.66867819413709,1.6743249206769877,6,4,123.62021563922352,1.9267184771003785,1,1,109.03920096455408,1.4160883129240214
REHMID_#[4],3570.9,3486.02,3578.24,3648.43,215.29,147.0,212.03,286.84,0.8565229468470827,0.0082523555104125,35.859011812443214,115.28337483071408,174.87963021795414,2.038498123619445,1.138870901375569,176.078617799842,-31.2,-171.89,-178.95,257.22,2.059109273448109,1.1391509338099142,174.9259914028591,-31.41,-168.95,-177.24,251.97,176.3037716656377,2.04734917393199,1.1435852832211508,174.97953316128954,-33.91,-174.09,-182.87,255.24,2.050984166199241,1.1381100737626395,176.29958865629808,-31.34,-172.73,-178.84,257.55,175.59861513767842,1.989699809016425,1.148331733428978,178.72577110027507,-40.89,-176.64,-184.59,238.57,1.3871869168340858,0.0488686062989503,44.01158545256911,4,2.551041877351292,7,3,113.98788246364111,1.6723205703452912,6,4,124.17673576066515,1.9335171527555688,1,1,110.91146808036528,1.4250515429274833
REHMOJ_#[2],3489.08,3294.98,3515.16,3657.08,177.19,175.58,290.02,65.98,0.8918402864537887,0.0089281119080663,41.32971273224473,152.3233968033781,174.430516880816,2.0276807983506684,1.1395084466558372,177.96060734757293,-34.78,-174.02,-181.68,251.36,2.052749945804408,1.1377179439562335,175.6288756716337,-38.2,-173.68,-184.29,243.38,178.7380878952401,2.053145864277548,1.139332567778171,177.5179297077536,-31.76,-172.61,-176.86,254.2,2.0391289463886286,1.1367642939501574,178.3626184676577,-32.54,-173.07,-176.89,252.36,169.1782313518057,1.9913316097526297,1.150422783154089,177.57598640819856,-43.24,-180.44,-182.41,233.12,1.107544620644773,0.027183557541852,37.74184560592506,4,2.56791160478705,7,3,113.1728171709961,1.7010296234927829,6,4,107.47953903788336,1.8327847445895,6,4,123.36946677507648,1.9548312049893208
REHMOJ_#[4],3398.95,3257.86,3366.92,3572.07,178.42,199.46,252.55,83.23,0.9207159391686408,0.0094432653382025,42.403853494396685,146.46382522694378,175.7015166910798,2.0472778511965584,1.133207633225262,175.47420891457293,-29.46,-168.52,-173.13,253.27,2.03102500476976,1.1387315267436824,175.96215410541615,-31.1,-171.79,-175.57,254.08,174.5306633479134,2.037481028132532,1.1461665018661122,177.4572507808789,-35.15,-176.45,-181.62,252.62,2.0591026516422146,1.1399741181272498,174.5089750706781,-35.62,-175.22,-182.23,250.59,173.14739079039012,1.999551962315558,1.1448274717179003,178.3081401734645,-40.27,-179.2,-181.54,239.94,1.1418120944993122,0.0290301984952078,30.32281104897706,4,2.5873172631125088,7,3,113.89727904413957,1.6851470707329992,6,4,108.19940643862137,1.8343270537175205,6,4,119.30825350249512,1.9588534758883824
REHMUP_#[4],3565.81,3418.01,3595.12,3684.29,233.25,152.54,250.61,296.59,0.7886487012713586,0.0069864679764758,27.349601899890075,119.7693111619751,176.81267779527514,2.0353654610413336,1.1400760457092325,177.88188258091546,-32.36,-172.16,-179.89,254.98,2.0645575797250126,1.1308802987053936,176.72875637705533,-29.09,-168.35,-176.07,257.17,178.26405286392455,2.0392288616043075,1.1392827436593604,178.61770978749058,-32.23,-174.26,-180.83,258.41,2.051156017956703,1.141657501179754,178.36598167420863,-34.27,-174.03,-181.98,253.21,170.95084668115825,2.010319584046278,1.1407164809890318,178.1491321691195,-37.46,-175.98,-177.26,240.86,1.3347412429042724,0.0463931440647102,45.40922084443986,4,2.5133147216375424,7,3,108.99904834515358,1.6633112787449018,6,4,129.75514525934415,1.91104139672588,1,1,110.57131777746646,1.426303596714248
REHNEA_#[2],3436.57,3178.24,3476.0,3655.46,170.61,10.12,187.54,314.19,0.7421766609879814,0.0062128049289379,18.69829957145113,92.20462811186324,178.10750256114378,2.0650440479563628,1.1268278706173358,176.75383885698594,-27.37,-165.42,-170.35,253.66,2.046612249548019,1.1365990365999783,178.61639407093767,-30.29,-172.41,-175.57,257.11,178.6700455151088,2.041907292214806,1.1470682150595928,179.2676237688459,-35.13,-176.71,-183.54,254.86,2.0338749174912407,1.149909918210987,179.14234051366498,-34.52,-178.67,-181.57,256.68,173.9992033499923,2.0135956818587,1.1391300584217765,178.76596434558775,-39.54,-173.57,-180.49,235.44,1.2118852181347155,0.0373657762696176,55.20404760093805,4,2.485512834406614,17,1,107.52402171344852,2.061161912611428,6,4,128.45283008433756,1.9154508659842984,1,1,115.75664405236714,1.419338662899028
REHNIE_#[2],3410.23,3111.43,3460.15,3659.12,188.41,177.09,346.78,41.37,0.8613597633480916,0.0082440596407826,27.90004855959201,110.65073636065448,175.60623169171484,2.043769003581374,1.1451361534769553,175.36396712926918,-31.93,-171.24,-175.25,250.72,2.042005967180312,1.149437344964917,175.6070019717148,-33.23,-175.27,-177.31,252.89,178.88872485648696,2.0477330123822286,1.1418299829659406,177.56899017501078,-35.11,-176.33,-184.21,255.22,2.037113717984345,1.1485523105196385,177.2884927844895,-40.29,-178.55,-187.62,245.31,173.01369285373843,2.018045336458029,1.1397309638682278,178.87058818802882,-39.27,-176.19,-180.92,239.31,1.4145105177433903,0.0493472906904527,45.83509020068969,4,2.5545492655261124,7,3,116.00575216075796,1.6760970765441958,6,4,123.17129417326606,1.9546499507584465,1,1,109.31162741537064,1.4185916219969723
REHNIE_#[4],3410.47,3127.59,3449.05,3654.77,170.0,148.89,26.44,334.67,0.8470447709893625,0.0079801136201177,33.719487107719004,124.98409078653546,174.2002983409284,2.04156400095613,1.1492362246292105,177.6866680412532,-33.18,-176.0,-177.48,253.94,2.0389598475693425,1.1437977880726995,175.46824184122417,-31.82,-171.51,-174.44,250.47,179.0516302762272,2.047294749175116,1.1429027342691946,178.48915490803395,-39.03,-177.45,-186.08,246.43,2.065354802449205,1.1310422096455996,177.49672853702336,-32.84,-173.56,-180.19,255.22,171.93409676824686,2.0157807767711247,1.1458027448038348,177.4376688697725,-41.73,-178.82,-183.72,237.36,1.4022204411403474,0.0486622706135774,46.24616392563286,4,2.550017697977801,7,3,115.58458427305952,1.6816478644472517,6,4,123.18677107218198,1.9536790831659123,1,1,109.50305639937118,1.419828475556114
REJWIQ_#[4],3734.51,3664.42,3700.58,3838.52,204.03,103.92,195.6,312.56,0.7037646467154599,0.005601597659079,29.369222840874382,102.50003839323956,176.97529970295534,2.02786439388831,1.1336085567778662,177.70006159852184,-30.77,-172.41,-176.86,256.97,2.053143584847392,1.1287399567659513,176.6880606071511,-28.04,-168.22,-176.03,260.14,176.3801349856278,2.043970596657398,1.1362525907561225,179.2896180605998,-32.17,-172.88,-180.07,256.44,2.042791822482164,1.1337589735036269,176.5380059132408,-30.26,-172.16,-179.75,261.15,173.0580478721095,2.0193622483348546,1.1273447077092258,176.27537381966752,-33.5,-168.69,-172.66,240.85,0.87580206531061,0.0149117704910197,85.32155922007291,4,2.4596853172713,16,2,121.59095980636071,2.1094513149157987,6,3,117.33556503240372,1.820100870831065,6,4,128.35440089970285,1.873233696045423
REJWIQ_#[8],3792.73,3688.82,3763.42,3925.95,196.64,115.97,178.81,295.15,0.7433346593417314,0.0062596100149716,30.2172376044018,108.64456249159603,174.55204284125995,2.0405773178196416,1.12606823949528,175.29165810947515,-26.41,-166.21,-172.23,259.22,2.030915749114177,1.1360999823959153,176.7307055000772,-29.83,-170.75,-176.61,257.88,179.40704472684,2.0302240984679507,1.1333123664727207,179.27284243409952,-30.19,-169.8,-179.57,258.81,2.0348154461768755,1.1340395672109502,177.99696153970723,-27.59,-170.2,-176.21,263.63,173.39710686914188,2.0113526791689225,1.1337568037282075,177.71006701941926,-34.14,-171.18,-174.21,242.95,0.9025940606903796,0.0159130811194996,89.23151984000991,4,2.4755778537545523,16,2,108.0624537510933,2.112371484848251,6,4,128.47106711914014,1.87924598443099,6,3,130.6416717337613,1.806109293481433
REJYAK_#[4],3850.34,3759.86,3829.92,3961.22,183.8,177.99,300.71,72.71,0.7009752629433401,0.0055932572771969,20.566004424097187,87.75506539479795,177.6126482470385,2.035652330335414,1.127156648385662,179.16961953991546,-26.66,-168.1,-173.6,261.74,2.047618997763011,1.127828750298555,177.45233855180217,-30.3,-167.88,-179.95,256.93,176.7626285214456,2.028352765176709,1.1323952799265808,178.0209163162864,-29.0,-170.68,-178.01,261.69,2.037760628729488,1.1289218130588143,177.66601712206656,-28.24,-168.33,-175.46,259.07,175.0379780737069,2.00892324641834,1.1439483817026008,177.1989561889905,-37.56,-175.5,-176.79,239.62,0.9053497657971484,0.015340990962332,87.28518363711828,4,2.452246751450596,16,2,115.89034715504069,2.121754665365437,6,3,123.79146479582842,1.811470063235934,6,4,128.4509569311416,1.857181587782951
REJYAK_#[8],3842.52,3773.5,3840.45,3913.61,189.43,183.83,290.44,94.02,0.7164110729009456,0.0058003085993263,17.49495609159466,81.24841641858684,177.22591149349765,2.051436981727686,1.1134262660814145,177.4612305462114,-22.36,-162.57,-165.96,261.45,2.037355886927957,1.1166519466691482,176.47163281465083,-23.7,-163.17,-171.1,263.17,176.5535193440033,2.034542233525763,1.134141988465289,178.70787591640098,-29.45,-170.95,-178.1,260.71,2.0257421899146,1.1356436104694116,179.38428187432427,-30.47,-172.11,-179.95,260.66,178.72896609562602,2.025278262362977,1.1406463913062632,178.3874377582681,-36.61,-175.0,-177.4,242.56,0.9006774173428458,0.015658453803056,84.55810471479845,4,2.464717754632364,16,2,116.83379863319364,2.112969334846107,6,4,129.33419871132494,1.870702704867879,6,3,120.89081620344254,1.806306967267746
RELFEW_#[2],3597.54,3448.73,3605.14,3738.89,91.81,-170.44,385.2,60.74,0.7947908828226946,0.007257690925574,35.35145005886106,136.45778249814936,178.09950895289967,2.042980530988976,1.1321688654966626,176.57076092315913,-31.46,-171.89,-175.49,253.0,2.043042831171192,1.1450299646734146,177.61639897095498,-32.96,-176.49,-178.82,256.42,172.00572981717823,2.0475945423838184,1.1238815773914974,174.06488112392745,-23.96,-162.45,-168.25,258.8,2.009573569193226,1.1647360130089564,174.57007843003805,-40.24,-181.6,-183.6,244.49,171.93434805955758,1.9810968073266888,1.1529722026137488,176.5208735350023,-40.48,-176.49,-181.59,236.49,0.8031461304351741,0.0227502068881351,54.409866012031415,3,2.501732185906397,15,3,127.65232181886508,2.1410829362731376,6,3,129.32668220847455,1.719047963263387,0,0,0.0,0.0
RERKAB_#[4],3493.67,3246.9,3504.48,3729.64,164.95,155.56,269.6,69.7,0.7958036706507068,0.0071556043603958,27.20178455421789,104.19498699309096,177.9956153902096,2.0269071241672614,1.150900186810308,177.30068628975067,-36.6,-177.75,-180.97,248.91,2.037724529959828,1.1417077384339658,178.58853073784104,-31.3,-173.45,-178.43,257.98,174.2344055954999,2.0545977757215645,1.1233374693296752,178.47955112582358,-28.59,-168.46,-171.15,253.86,2.044558108736458,1.1375390850427949,178.0585511190029,-34.85,-173.91,-180.38,249.75,173.10055605597958,2.001699023329931,1.145775414293743,178.27304920671574,-42.97,-178.14,-182.49,231.71,1.078481100549786,0.0258196722561931,46.498337412362886,4,2.510579514773432,7,2,105.88524341321003,1.697279546804238,6,4,117.43154946342815,1.826301587909292,6,4,123.02987420571132,1.8511952085071952
RIFHAR_#[4],3641.58,3473.32,3648.49,3802.94,174.98,121.46,338.33,65.16,0.7029308831799357,0.0055792349047513,21.020919505927395,72.80800179153846,175.83392808548922,2.0323140136307694,1.1391304973531344,175.5954261780452,-30.66,-173.33,-177.21,258.56,2.042937781725131,1.1711439236917045,177.03223038590093,-42.86,-189.08,-193.44,253.94,176.1364126214515,2.0937832600343325,1.047815985753224,173.99456352800752,-3.36,-136.79,-143.37,270.07,2.050337681944124,1.150383853328966,176.7510773038927,-37.1,-177.76,-184.48,250.94,176.2678399790728,2.0369950245398267,1.1272621611674891,177.06243166553426,-36.37,-172.73,-175.63,239.25,1.1826249109150642,0.0331928049828151,49.55677058832461,4,2.4730320822827974,7,3,114.43279826521533,1.72279403295925,7,3,115.71267560106332,1.695009247762383,7,3,120.7190274596014,1.63604314429663
RIFHAR_#[8],3624.79,3498.35,3599.56,3776.45,172.11,129.76,331.89,54.68,0.7206835724657674,0.0058138183949384,15.87119952284175,73.15964763854787,177.02300078680264,2.067787977525743,1.1381800428754674,179.39549703523198,-32.67,-174.78,-180.94,257.71,2.06513125490851,1.1243170949514187,177.1041308337319,-29.01,-168.36,-174.49,255.81,176.55840099184695,2.095859198515014,1.0042993677186107,174.9027581974446,9.45,-120.86,-126.64,275.84,2.0442768256769925,1.1928652941552118,178.28721339210273,-50.2,-196.52,-201.46,247.39,177.53784254708128,2.0265329530999465,1.1374189069995282,179.00349375436255,-38.11,-176.27,-178.61,240.54,1.2120753752472015,0.0345086297547232,47.89855775017749,4,2.492327785424702,7,3,117.59836827394447,1.653665353086894,7,3,116.61728844070934,1.7030995977922152,7,3,116.21707186141651,1.6960676549005949
RIJLEB_#[4],3483.06,3300.39,3481.42,3667.36,155.61,14.67,196.68,255.46,0.7803319379308307,0.0068877600881003,20.27040738261145,90.86082066155583,175.89404568170715,2.0291916814337694,1.1499988434776791,176.61064591840633,-37.28,-181.68,-182.01,251.85,2.045945028587031,1.1404270866653448,177.02792126214104,-32.22,-173.46,-179.22,256.02,175.77634600663336,2.051021582041496,1.134476751634867,176.41635406954146,-33.03,-174.63,-178.99,254.52,2.0556320706780187,1.135222207323306,179.53875190212605,-32.54,-175.3,-179.24,256.92,178.8001321194216,1.9997261612530868,1.1519083861141024,177.11441486750138,-43.58,-181.95,-183.43,234.63,1.0570232693316337,0.0245946113869933,47.73271193522673,4,2.5045024675571783,7,2,113.40051984977984,1.7115554241683204,6,4,119.1581977123609,1.845329927140401,6,3,113.887135388913,1.8425755126995464
RIWREX_#[2],3528.66,3403.54,3432.47,3749.96,150.55,18.57,344.14,88.93,0.6431832380520777,0.0046964044824527,11.075209189855798,69.72188474247312,178.97052975775537,2.045365397673482,1.1274302018306943,178.73994246265886,-27.37,-168.42,-172.7,259.0,2.0621937275629563,1.1308284617925035,179.6261521004714,-27.03,-170.74,-173.83,263.48,177.61427210627656,2.052979330144364,1.131516407304817,178.6489358027742,-27.97,-170.42,-173.22,259.75,2.040080755754536,1.1348922988548296,177.8498616630346,-29.76,-172.12,-177.38,260.2,176.25461471680617,2.017859484701548,1.126057476330581,178.77792535496224,-35.84,-174.62,-175.82,242.92,1.3147589085047764,0.0341277621048027,26.513483264085664,4,2.4296056819986243,17,1,115.80821742072844,2.058819341273052,8,2,112.84567873935144,1.5860927904760178,8,2,112.55908190786238,1.5875733242908814
RIYLAN_#[2],3677.22,3538.29,3673.5,3819.86,27.49,-217.21,103.11,196.57,0.7438528281555521,0.0062415607249249,19.21967754206261,96.32969733153854,177.24809813817228,2.0357792341017733,1.139426074828903,177.5261354270622,-31.51,-174.79,-175.91,256.18,2.054157367389363,1.1372713748266063,178.6621900374691,-29.73,-172.84,-174.16,257.82,175.33572985152156,2.043282569788134,1.1365468314152305,175.1155031153582,-32.97,-173.3,-179.12,253.53,2.048730462994096,1.134615000782203,178.8103190577705,-29.81,-171.49,-177.39,259.46,178.96278984980987,2.010228929749047,1.1443280342629034,177.69861808108834,-40.53,-177.67,-178.44,234.52,0.9885103269091682,0.031641063114106,36.59334531972874,3,2.4847474096978144,6,3,128.0925878730914,1.67386983364896,6,3,124.84376003438295,1.812859495382916,0,0,0.0,0.0
RIYLER_#[4],3405.79,3137.31,3448.08,3631.98,-47.45,-103.94,-368.23,329.84,0.7866533853374731,0.0069923813847465,38.9100157824129,138.8623721516364,174.85938096221022,2.03839374017877,1.1475765290384785,178.13798882521252,-31.34,-173.67,-178.05,257.7,2.050826694286965,1.1385259109919277,174.61318236802788,-32.65,-172.22,-173.86,248.13,175.88993509546864,2.05618389255436,1.1326029710361878,175.73134798555174,-30.57,-172.08,-176.23,256.61,2.051781347999831,1.132791997676536,177.27419139071202,-29.82,-168.66,-175.61,254.8,171.43295545396776,1.9961200189367363,1.1562537308047929,179.37871305517533,-44.78,-179.37,-182.41,227.45,0.9995292001014262,0.0267887786006834,54.89964200332871,3,2.510653169993817,32,4,139.788306068081,2.3666611037493297,6,3,121.75972458136012,1.6890102367955036,0,0,0.0,0.0
RIYLER_#[8],3697.41,3534.97,3672.99,3884.26,25.08,-200.75,181.92,94.08,0.7209729577721433,0.0059203774716426,15.250460313952305,75.87943955138186,178.7518968304023,2.0553535875853566,1.1301150737867378,178.65964996631212,-29.77,-169.86,-176.73,257.28,2.031832886829032,1.1428979569497892,178.3127626758725,-32.29,-175.63,-180.23,258.98,177.9394591195314,2.0569359494160246,1.1379000703049449,177.90678596552112,-30.05,-174.04,-177.14,261.03,2.0505059887744777,1.1371860006173131,178.37796805410468,-30.28,-174.05,-175.35,258.57,175.86050235062376,1.9993761276958368,1.1620694858742306,178.12170636080236,-45.5,-182.01,-185.82,231.34,0.9849197927613236,0.031680779662656,35.99385524035503,3,2.4713846827234325,6,3,124.67590765759874,1.7975959000843302,6,3,128.06963391485942,1.6677937762205497,0,0,0.0,0.0
ROBFOG_#[4],3757.98,3679.37,3788.0,3806.57,188.75,15.03,196.64,354.57,0.7099752404110631,0.0057571862106671,17.60641116601171,76.76426671619868,178.56572502380595,2.016865364866976,1.1564820880584368,179.17737988944893,-32.87,-178.39,-182.55,262.34,2.015504423215191,1.1575057883224595,177.22583746921862,-35.64,-177.69,-185.18,255.94,179.2033623391679,2.047752934316052,1.124106445137648,178.44231641999326,-23.63,-164.45,-170.71,264.26,2.046902523326404,1.1337583957792772,179.17219194801336,-29.22,-169.93,-176.78,259.04,174.32923998593154,2.0181273423646986,1.1424316565992023,177.4014483496403,-37.77,-174.84,-178.76,240.28,0.9738704513561592,0.0215376280436563,86.6427362963167,4,2.455015661864502,7,3,124.13356671825842,1.6996427065710007,6,4,119.5431783481256,1.8407351384704969,6,4,124.06281902641054,1.8769282378396888
ROQGAF_#[4],3643.87,3466.95,3707.4,3757.25,66.46,-181.63,132.2,248.8,0.7922032206200471,0.0071704863680334,30.23613634737241,122.8369616441224,171.89589573712644,2.023199589758756,1.1482213288386522,174.24157169064222,-35.49,-177.94,-180.94,252.42,2.05833877921007,1.1292850525885845,175.90638249633938,-28.48,-168.69,-173.6,256.86,175.8918356366712,2.030343776309816,1.1367593808717824,176.66462113668203,-30.72,-172.18,-175.11,255.12,2.0480314670434145,1.1275425490862858,179.15041901259374,-28.29,-169.31,-172.28,256.72,175.05437786762866,1.9870716569867328,1.1399897806559498,178.46953356864535,-37.73,-172.17,-176.48,235.46,1.012749191473567,0.0336383356394117,39.60731464509462,3,2.5047189862337853,6,3,138.35580671206358,1.649320893580143,6,4,116.11993302135468,1.8409932916770773,0,0,0.0,0.0
RUHYAU_#[2],3602.85,3382.96,3660.5,3765.08,107.64,-26.83,156.84,192.92,0.748923147798215,0.006345540439314,15.857804582297447,69.92388479433319,176.6770965681596,2.027017548024684,1.1491504949309297,176.91337199202383,-34.3,-177.31,-181.3,255.71,2.038036569838725,1.138948273627912,178.9832947844096,-32.39,-175.36,-178.02,256.21,179.2607591007694,2.031401981391177,1.129582887618257,178.45339163178696,-29.37,-171.48,-174.64,257.99,2.0388898400845497,1.1369212021947697,179.78116154470692,-31.94,-173.17,-179.43,256.77,177.38289068711995,2.014171097498919,1.135400325876297,179.06780931402236,-38.28,-175.13,-176.82,237.1,1.091576546810438,0.0269811985586581,41.13845948838684,4,2.47925729604654,7,2,107.757300546267,1.7355773938375665,7,2,118.16641413056256,1.7052364938623632,6,4,119.90279641431631,1.813804906818812
RUKNIV_#[4],3647.68,3511.41,3611.16,3820.47,537.48,449.59,554.01,608.86,0.9480917136481226,0.0101651237488045,23.92721951016125,103.0892821836004,175.9846917321939,2.009059048410474,1.1472538080128565,178.23980019622087,-34.23,-176.0,-178.26,251.56,2.0478486296599177,1.1324316359056732,178.152026792059,-33.51,-170.0,-175.42,244.9,177.19706855157676,2.032236959608795,1.1487693719802947,178.3679041022369,-35.52,-176.12,-180.39,249.95,2.039339888297192,1.1408846304513005,178.3755201388014,-34.67,-175.55,-180.2,251.75,175.78340022995386,1.976048569747212,1.1453153888776666,179.30751523519973,-36.35,-171.68,-176.23,238.86,1.5222441654104617,0.0418196367177658,104.2217143890853,4,2.589761647333592,13,4,125.24248110316417,2.382368372019742,13,4,137.09360126830214,2.364836529234104,1,1,113.46664139064022,1.4308260725888384
RUKNIV_#[8],3595.63,3441.46,3488.91,3856.51,543.64,492.06,521.29,617.56,1.040477301392693,0.0121719397879708,26.54711688159105,114.40637730207436,174.02611123514149,2.019686525181569,1.147205408808728,177.77340384513022,-36.25,-174.8,-178.58,244.62,2.020442144680218,1.1380733280417397,177.51963342845823,-33.21,-172.28,-175.59,248.25,177.82109924231096,2.052340354327225,1.1422155050602314,176.27272632150735,-33.97,-172.42,-177.51,248.03,2.032665063408136,1.1315299775083296,177.4489883223224,-30.96,-169.89,-172.55,249.55,175.39315846776248,1.9656801647267044,1.1520123827459494,178.4195931550539,-39.21,-175.29,-178.3,235.96,0.4073034579080872,0.0024157350249766,115.84814394095974,4,2.6424492313003856,13,4,117.58086673683572,2.333156220659045,13,4,131.1582197341396,2.385581625096908,13,4,129.6781854343069,2.3940029323290304
RUKNIV_#[12],3644.44,3513.17,3610.23,3809.9,507.07,416.26,456.89,648.07,0.9042862771787484,0.0091476054190581,16.012609604732006,92.28897074935684,177.629976134268,2.053616765611345,1.1298663549287593,179.44333775944403,-30.13,-170.76,-174.66,255.02,2.0306751118778203,1.1419514043951264,178.1895818557956,-35.53,-175.38,-178.54,247.34,176.53682218276327,2.034115729254361,1.1449339325917458,178.25089619550246,-35.92,-175.95,-179.76,247.95,2.0481241661579017,1.1400412843401773,175.97704806282343,-33.28,-171.87,-179.15,251.18,176.6003833358712,1.9958901497827977,1.1443717228243626,179.62435307229902,-37.72,-174.37,-175.01,236.21,1.4998820577466896,0.0411529491730305,100.35779776925202,4,2.575056150844094,13,4,127.39236127076404,2.384910379867553,13,4,130.40618436698992,2.331481376721676,1,1,116.05184437995143,1.430561263979981
RUWBAO_#[4],3635.62,3450.46,3668.75,3787.64,380.4,143.59,275.53,722.07,0.779340785747376,0.0068026275552637,16.47565205747253,83.36769148568608,177.86670990622355,2.0598718431009253,1.1438348045063145,177.9457572790418,-33.17,-176.25,-180.4,257.14,2.035679488524653,1.1509214308544276,178.61216618582398,-35.92,-178.57,-184.77,255.57,177.33453184422342,2.0448871998230107,1.1552276875144585,176.9484105180668,-37.81,-178.71,-187.51,252.8,2.0442829818789776,1.1512115704769486,176.79317165828164,-37.41,-180.22,-186.28,254.26,176.52562007558095,2.017634622522127,1.1389997805091965,179.41615326501918,-34.24,-172.38,-176.47,246.13,0.992286679859076,0.0203159129785175,106.5352138936914,4,2.5080756986183643,6,4,120.3594101511478,1.8563972554386088,6,4,127.06251241735792,1.858781646670742,6,4,124.02698097462952,1.8244748340275887
RUWWAH_#[4],3831.74,3791.09,3801.21,3902.92,448.57,367.64,479.05,499.01,0.8568201467025531,0.0082970009856885,10.96191443852409,78.3628307408637,177.3530704053866,2.0254286361163154,1.134773743968374,179.07586959458874,-31.17,-171.99,-178.07,256.56,2.0484789503434007,1.1368847391006704,179.55682184906945,-32.31,-173.21,-180.22,256.5,177.80514240353142,2.0349405716138245,1.132496309044758,177.66940187831568,-31.7,-171.72,-177.11,253.74,2.0383383134308204,1.1328901711993085,177.81511334872232,-30.37,-171.6,-177.39,257.86,178.5358038665758,1.9897903005090765,1.133367323509903,179.31870932291653,-33.93,-170.39,-170.96,239.56,1.648504003569104,0.0631701624830996,28.36394339583549,4,2.541487442424219,5,4,116.42647749009528,1.9545307211706853,1,1,112.5588282797451,1.422965175259043,1,1,112.66596333738816,1.4245489847667572
SAGSAU_#[2],3649.82,3447.3,3711.74,3790.41,227.06,120.91,212.6,347.68,0.8775386634482527,0.0088294152023869,17.9640841840871,91.146128870333,176.4361881884146,1.998823066206712,1.163652392254663,179.1307980850442,-34.68,-177.53,-184.56,258.07,2.0346834987289792,1.1300898415612817,176.46243589403994,-30.08,-168.73,-177.13,255.63,177.04333136072728,2.000786770248144,1.1546465822926082,176.84538767161771,-31.96,-175.85,-180.41,260.38,1.997633802777675,1.164777463724295,176.61607402946373,-37.6,-181.98,-188.05,257.24,175.84921051763567,1.9951609559130803,1.129150251295196,178.8053913822117,-32.86,-171.65,-174.06,247.11,1.0382337701914943,0.0222133714213592,40.889650610623946,4,2.531940816843869,6,3,105.27147354431597,1.8610020553454525,6,3,118.07074786359512,1.82836252422762,6,3,120.3358885897538,1.8299903305755472
SAGSIC_#[2],3491.03,3354.45,3457.63,3661.01,254.41,193.44,242.09,327.71,0.8072752646363572,0.0074644257430171,22.983781772054968,97.5535892265084,175.96152072365308,2.039719887631633,1.1366942596846352,174.95165415797035,-32.1,-172.94,-178.42,255.04,2.0468786969432253,1.1312640584761824,178.25155363792146,-26.61,-168.5,-172.69,261.36,176.5169409015735,2.024609283293939,1.1437195635294517,177.65826814502324,-34.31,-176.73,-180.91,254.71,2.0772241718216167,1.1190978018028643,177.37039164455553,-23.68,-163.28,-169.47,261.7,175.89094455353654,1.982437330661424,1.153930998803656,177.92100988222907,-39.99,-180.06,-182.05,242.14,1.0314617338547298,0.0221127166048503,27.87377493065928,4,2.5185390328521824,6,3,114.43305070118268,1.8411958966932336,6,3,112.30029877035024,1.8250936058186165,6,3,115.08991707629082,1.826404128335238
SAKGUH_#[4],3370.58,3074.54,3370.31,3666.91,263.16,156.82,288.37,344.3,0.7781533331123907,0.0067816718052734,21.62211918872484,88.67465529289714,177.06204440816833,2.0374019657397016,1.1425158248357006,178.18387758589668,-33.08,-175.03,-176.55,252.34,2.0549841970195306,1.1358632003899043,178.47584095625444,-31.11,-172.41,-175.79,254.86,173.18232776241456,2.04167457005273,1.1408552712767734,176.87086321811654,-34.83,-174.92,-180.82,251.27,2.0498679859932443,1.1403279879052346,176.45253958599312,-33.89,-173.6,-179.85,251.77,178.10648196853612,2.0168085878436743,1.144885749758464,179.12825581687355,-45.8,-177.59,-184.88,225.07,1.0345035280001051,0.0225396099219496,34.53222101975369,4,2.507039461197211,6,3,115.31623437287764,1.8235337616836167,6,3,116.071603470616,1.805048542283559,6,4,112.33912582767546,1.8235290236242463
SEBZOP_#[4],3814.25,3697.49,3781.4,3963.85,131.68,340.72,4.44,49.88,0.5786742493515886,0.0038647773985711,31.25841686626235,104.80246342308718,177.00576160372276,2.013334790838325,1.1272823514985053,176.49367391065562,-27.46,-169.44,-173.24,260.32,2.0298101610741823,1.124403290639084,176.36822856919156,-25.85,-168.93,-170.5,261.89,171.49031874348768,2.0222566627409093,1.133812599153846,173.95159905783294,-30.68,-170.9,-177.81,256.67,2.0357841192032127,1.119635592503203,176.37272891555585,-26.26,-168.06,-170.11,259.41,176.57137481043026,2.0395751420332613,1.117342409469899,178.16241861284166,-29.66,-166.02,-171.54,248.58,1.1531320639129718,0.0342518677449446,55.04595585662099,4,2.375356724788932,8,2,114.28295738234266,1.6052002927983784,8,2,118.96552350589964,1.6015087417807,8,2,120.96875401357164,1.613097011961773
SEKPEF_#[2],3618.41,3474.41,3660.98,3719.84,333.79,241.15,323.46,436.77,0.7536467611518018,0.0063576303887398,16.963462530153095,77.64741517150091,176.7479636954258,2.0514831951541788,1.146105789183529,179.57139197427915,-34.06,-176.5,-181.64,255.95,2.058667785243652,1.1350696983005053,176.6641365161682,-31.22,-173.53,-178.54,258.41,177.36585978238202,2.0543728386054947,1.145216106243708,176.62624017359204,-32.79,-176.07,-182.04,259.75,2.0383354140082046,1.1505419635980263,177.7116737254577,-37.89,-180.72,-184.82,251.88,178.33222883159107,2.0193668586960607,1.1383989678491462,178.51819996873002,-36.21,-172.78,-176.96,241.1,1.4452588979062135,0.0411511024638282,51.163194858256986,4,2.4966332750326,15,4,114.88477259753216,2.187103248591615,6,3,120.10659323222,1.8136330692838616,1,1,117.31836349632474,1.4248445564341397
SEKPEF_#[4],3659.04,3496.07,3709.8,3771.25,337.45,249.68,322.05,440.62,0.7657129480304139,0.0066385056031126,13.39739686536518,66.539475730851,177.41175211049674,2.0461512016466425,1.132879825930359,178.08345190647262,-31.41,-173.99,-177.3,257.06,2.064957127884257,1.138764159077725,178.88551906399974,-31.94,-173.45,-179.87,257.5,177.99677687229712,2.035830412878244,1.1497270110769773,177.52061522798866,-36.63,-179.86,-183.01,253.0,2.028377553612739,1.1477889832194763,177.35947387979016,-32.76,-176.83,-181.08,259.63,177.75268527560416,2.0058486408500515,1.150434483141045,179.57771693464363,-38.82,-176.98,-180.75,241.28,1.4508155487337084,0.0412912505983312,50.966433231403485,4,2.495660756192635,15,4,115.67351878047172,2.192861199437849,6,3,119.44895148539328,1.814392804769684,1,1,117.03652317011915,1.423313602127093
SERPIQ_#[2],3540.16,3333.8,3513.12,3773.55,166.67,178.61,268.39,53.0,0.9047021469432917,0.0092634818492687,57.86912095688214,214.4904620305848,169.72092389304157,2.0355199360359992,1.1440736776973763,176.11171850100203,-39.31,-176.29,-183.86,242.24,2.001313753512927,1.1499492727942395,177.1643686122739,-43.16,-180.77,-187.01,238.28,171.89361182872264,2.012021563005725,1.15849218383207,172.73347392023845,-42.08,-178.37,-185.89,238.02,2.030156124538209,1.1433145586407971,175.68081052873248,-36.07,-175.1,-178.3,245.2,165.4468092332677,2.000465915730633,1.1703635717160716,171.21449037175063,-52.15,-186.19,-193.16,222.9,1.1947737617351526,0.0351166712712636,31.22228092688537,4,2.5587167467306733,8,3,113.88491399203308,1.557605611186606,6,4,119.98823803898372,1.8939295182239493,6,3,108.169794784489,1.83506758731116
SERPIQ_#[4],3566.04,3458.12,3502.3,3737.71,184.45,179.18,294.87,79.31,0.8632905779195783,0.0084946402930003,47.35086434999674,188.09775866005768,172.17322461514183,2.001696023376177,1.1576007774703667,175.79777436390071,-46.39,-184.19,-189.04,234.06,2.0678712798431147,1.1330534938827903,176.2977824040447,-33.48,-173.57,-176.7,249.83,171.12260687118916,2.0255978895131186,1.1614544846871964,175.6384701615382,-41.61,-181.94,-185.96,243.09,2.054037139391594,1.130542904979727,171.24011495380225,-32.29,-165.42,-175.72,244.27,173.95659031065458,1.9915205196030488,1.1592964935684054,177.54868271771917,-45.44,-182.07,-187.09,232.84,1.1913501212702904,0.0346972974456691,29.496194186075257,4,2.5461189170971568,8,3,115.1963298714292,1.566034399366757,6,3,111.14958644983264,1.80563079836383,6,4,116.18535481937307,1.8839913110203028
SERPOW_#[2],3732.16,3668.19,3717.74,3810.55,247.85,160.57,5.54,577.46,0.774139326083864,0.0067941475572085,23.12923214096736,95.35217528149256,174.164193114085,2.035677612000485,1.1402684157688492,177.73316292321738,-33.74,-174.04,-180.6,253.41,2.038850239718456,1.136877535181341,174.206991943455,-31.76,-171.71,-178.17,254.6,178.6848153684258,2.046392293769697,1.137928099661837,176.4162828649832,-32.28,-173.06,-180.46,256.69,2.037955274288423,1.143415169568779,179.31565246966636,-33.47,-176.77,-181.31,257.68,177.16226981184607,1.9976403905608235,1.1504793175020571,179.3118866755665,-37.66,-175.23,-183.27,245.53,1.0668499106039833,0.0255007669467977,105.16064945595866,4,2.495786757717895,8,2,118.7863974733268,1.7019879112379148,6,4,123.50611468622704,1.785931773612867,6,4,120.88063144810262,1.8657407670949364
SERPOW_#[4],3673.15,3522.51,3689.3,3807.64,233.5,-3.44,166.38,537.56,0.8052360303479207,0.0073557288717903,37.39592436623141,136.02635078837542,171.64670614964538,2.037102984632835,1.144917468641299,175.06709846185322,-34.42,-173.59,-179.68,250.02,2.0353283273221536,1.1513174801070305,174.55394028142135,-35.86,-174.79,-183.89,251.09,177.292638424119,2.0477148190116705,1.132277245201015,179.0995648541899,-28.27,-170.11,-175.8,261.09,2.0402438922834687,1.1442401234006785,176.8473894305297,-35.42,-175.63,-183.03,252.4,171.91870684178656,1.9901396182177773,1.1580348051764249,176.62327243388256,-40.69,-178.96,-185.56,242.46,1.1015783858868613,0.0275077420039581,98.4031009692229,4,2.5132475465023334,8,2,115.99963332742745,1.668108188937396,6,4,122.8403073457395,1.8134454499653423,6,4,120.64651624675966,1.8550322288305383
SERPUC_#[2],3668.4,3546.34,3681.44,3777.42,233.89,-17.44,180.06,539.04,0.7428553158361528,0.0061970333658511,17.179575970253524,82.36419333912028,176.30253089147112,2.0375682810644653,1.1518311030702373,177.5027052163101,-37.15,-178.63,-185.74,252.92,2.046529999780116,1.1471507529527236,175.57539578730572,-34.67,-176.72,-183.19,255.89,176.982754734332,2.0381641665969896,1.1407605576982405,177.83977473672368,-31.54,-173.32,-179.76,258.45,2.0468876349228355,1.1458040233827074,174.41621202621135,-33.82,-173.73,-182.81,255.07,178.79782481635513,2.022378836914588,1.1428770625049742,179.36967808434557,-35.85,-172.55,-181.05,246.06,1.060813970219514,0.0258563602499199,104.32443464222852,4,2.48401897335749,8,2,120.45257250745242,1.6697399827518056,6,4,123.84250842497316,1.79549565301618,6,4,121.16620055217518,1.865193343865456
SERPUC_#[4],3707.46,3553.81,3735.44,3833.12,203.41,-7.37,138.44,479.15,0.749584326503292,0.0063702198053884,29.385795092726624,104.17172584755828,174.2997862950779,2.047007105507942,1.1457760121419884,173.2282395527695,-34.0,-174.5,-181.17,253.69,2.028002892009772,1.1556826337710533,177.70013704620155,-36.48,-178.87,-185.38,254.79,176.60838985278428,2.046800097713502,1.14065578068057,174.83330552535847,-32.54,-174.13,-178.87,255.39,2.0280602949616653,1.1495880479545717,177.8770081948022,-36.38,-177.67,-184.74,253.27,177.20718518084084,2.0080950824101937,1.143603891214087,178.18222147160608,-36.14,-174.84,-179.06,245.47,1.043960670338978,0.0245469153706152,100.40516111027114,4,2.4813436904225896,8,2,118.1206904341224,1.6949143813184189,6,4,121.80705075246476,1.8570058858280447,6,4,123.11183236035708,1.8041894634433493
SERQIR_#[4],3718.78,3601.56,3715.83,3838.96,236.88,-8.56,164.76,554.45,0.7130007037358754,0.005784621027036,28.158310531187567,120.73675239999594,173.5343278132355,2.0590206167010567,1.128020274640487,173.13281243113104,-30.05,-169.32,-175.21,254.39,2.03867523652003,1.1387402030314029,177.16207405181305,-31.25,-174.07,-178.37,258.7,175.8653486926507,2.058873947088553,1.1329311453040742,179.27820467319827,-30.52,-171.99,-177.08,257.51,2.04042679113954,1.136086691234432,177.9669461630404,-31.95,-173.72,-179.03,256.9,175.65175872858018,2.001918200127069,1.1457627503109002,179.68139348862016,-38.55,-177.41,-180.42,242.17,1.0403794787731104,0.0249744469216853,102.45438087285874,4,2.467583380556775,8,2,118.86306045710523,1.672791155524204,6,4,124.5578005277889,1.8612479039612104,6,4,121.46349283016755,1.787952124638689
SICBEN_#[4],3717.57,3610.6,3748.95,3793.16,254.43,212.27,247.27,303.76,0.8033243126443066,0.00729961793724,12.032544418876697,71.53230963853636,176.6201269560442,2.042776000935981,1.138922828816774,178.217385272823,-33.97,-175.05,-182.19,255.33,2.031163661549704,1.139940182641177,179.46646757911543,-34.69,-176.26,-182.57,254.76,179.22107987032828,2.039356057680953,1.141482097976135,178.31363220174552,-34.25,-175.51,-179.4,252.15,2.045787332544613,1.141175223180034,179.7337019732477,-32.93,-174.84,-182.66,258.71,178.93620945853235,1.9960933319862573,1.151138962071913,179.42062405210987,-41.66,-177.43,-182.57,235.02,1.050621263822533,0.023309785623907,52.666728643723474,4,2.513029864526086,6,3,119.8192764301768,1.813380131136328,6,3,112.28570992751914,1.7971578366965997,6,3,120.3369119426059,1.827309098100264
SICBOX_#[4],3694.41,3605.05,3698.29,3779.9,247.94,209.58,234.13,300.09,0.8057422248009103,0.0072879481532296,13.066374441590613,78.03272087086773,178.54326720999367,2.047524329525781,1.139627070580548,179.14517666791016,-30.95,-172.61,-180.36,260.1,2.0428810268833573,1.1406585115625094,178.86138493789278,-33.43,-176.31,-180.71,256.72,176.23997500009293,2.047232895886543,1.1480210538139102,179.34435666407234,-34.25,-177.17,-183.19,257.6,2.0359751324611017,1.14051505031718,177.7350872735393,-35.44,-175.63,-184.68,253.98,178.60331489699945,2.0069541723716564,1.1478926169289536,178.533442252321,-39.46,-177.35,-180.48,239.45,1.0599632263173933,0.0236982251774325,50.42587319590791,4,2.519558846306234,6,3,115.59055075076688,1.813016855961356,6,3,115.50134962675088,1.7938597576176347,6,3,120.29953324880208,1.8318734727049248
SICBUD_#[4],3657.48,3504.47,3686.11,3781.85,232.89,176.85,224.96,296.88,0.8110451834978982,0.0073881841103687,17.72892413673995,86.61668555162248,175.9897559638673,2.056531728420448,1.132545822472539,175.4789577471607,-31.72,-171.34,-177.85,254.02,2.053154297660068,1.1304911720132973,177.7671517528162,-29.51,-170.64,-177.39,259.52,177.74106625294752,2.0469239018585905,1.1336212550936058,177.00498382827928,-30.83,-172.03,-177.75,257.29,2.041251192283792,1.1433254479805823,177.05359701857813,-33.53,-175.97,-180.1,255.47,177.52935687983123,2.0006302731889267,1.1415318918015385,179.0408409689298,-35.07,-171.7,-179.13,245.63,1.0664948585786065,0.0239355316007011,52.73757915254291,4,2.526325388781104,6,3,119.6176546200506,1.836094501925214,6,3,121.11084393970036,1.8213510726930169,6,3,111.64403148246376,1.7885408745678704
SICYIQ_#[4],3519.24,3332.13,3536.94,3688.64,90.28,-60.13,259.82,71.17,0.7110005311433887,0.005711315462008,25.893987978799103,98.17843571185028,178.15267448144945,2.063002736304535,1.1224770688080892,177.6084846542928,-25.93,-167.25,-170.32,259.78,2.055472434745842,1.1247110784552627,176.4839391418143,-26.51,-167.03,-170.56,258.08,173.92908865341974,2.0538309984027405,1.12122314014651,178.51314740990372,-24.09,-166.46,-167.69,261.87,2.0282066438112265,1.1265078827953223,176.27213127208074,-27.44,-167.54,-172.26,257.46,175.8164902820621,2.0169109301106976,1.1362999119950683,176.19818112618114,-37.69,-176.04,-177.41,240.39,0.7967333490986046,0.0139437080523028,93.74319713651298,4,2.4700850673610417,17,1,113.3062235423343,2.0665014904422403,6,4,127.01687491651026,1.8340342717626628,6,4,130.9285956969674,1.916252741681013
SICYOW_#[8],3572.04,3325.25,3572.58,3818.28,164.99,131.39,297.66,65.91,0.6788286914345361,0.0051886164744651,17.122500616769713,79.07707573594121,176.38865712453165,2.0438135727115623,1.1219314239292872,178.89281745404506,-27.39,-169.31,-170.55,257.67,2.054726110701863,1.1058998508002411,174.53915226737072,-21.06,-160.59,-163.49,260.9,176.35831898719354,2.056347706493238,1.1181035417169565,177.9795208962814,-25.1,-165.94,-168.72,259.34,2.041863389161969,1.128082377311159,177.01313707489643,-28.18,-170.93,-172.22,258.62,177.54735591353884,2.024694436205127,1.1250099066230488,179.55248624000802,-33.29,-170.23,-171.71,242.06,0.8560649230492237,0.0156677343426778,72.49472907977797,4,2.4515862579154737,17,1,114.62366979228426,2.058750616271918,6,4,123.48784281043184,1.846297963493435,6,3,123.38046690094366,1.807973987644733
SIFMEA_#[2],3463.34,3346.88,3484.59,3558.53,13.5,-210.14,16.86,233.77,0.7607796734775438,0.0066293763318089,36.70993216607026,131.77338380521408,177.37883688749412,2.035036994749728,1.150738601942248,178.7680729430897,-32.28,-177.79,-178.94,259.89,2.044750239026762,1.1435516866324853,177.8539025817648,-31.55,-172.16,-175.57,253.09,172.89705052890392,2.0569233675565064,1.1312765665388815,175.38790738619025,-28.41,-169.93,-174.24,258.96,2.0721588018296293,1.1222836628945465,176.1022410910875,-28.8,-166.66,-170.77,251.03,171.19305348062292,1.9858379616675663,1.1434506723072932,179.39222404480475,-39.02,-173.6,-176.61,233.16,0.9282605218197018,0.0285039562023293,53.89768923535679,3,2.4954092770525644,6,3,121.6861274913702,1.6773436737890064,6,4,139.97295440603995,1.9210840975865693,0,0,0.0,0.0
SIFMEA_#[4],3558.56,3452.92,3535.38,3687.36,176.07,201.82,283.37,43.03,0.8390054502830822,0.0078223636256874,27.96377449484333,113.46660947205902,172.92553360013022,2.0494623026540406,1.1375185888591002,172.8074223162297,-33.59,-172.36,-181.96,253.57,2.066623664337558,1.1226391495044166,176.5896073926897,-28.11,-165.9,-174.54,256.12,176.86301250156757,2.0402137437043204,1.1340499944887814,176.59722566398614,-31.16,-171.93,-178.37,256.83,2.067337309197508,1.130431399953132,175.39980671007444,-29.85,-170.64,-175.45,256.55,175.8924971044208,2.0130372127707905,1.1418398004974255,179.18527389005845,-36.86,-176.93,-178.01,244.36,1.036265731629522,0.0217162669060911,70.94444794515891,4,2.5507381167026937,6,3,115.92871849151186,1.8358466738810184,6,4,117.5436593976476,1.8776332282956645,6,4,127.02475062633636,1.8662029846723536
SIFMIE_#[8],3527.07,3417.15,3500.64,3663.43,262.95,166.52,214.94,407.38,0.8506241304837234,0.0080910434680586,24.134379163365097,99.20184736068076,174.1405612200888,2.045498799804096,1.138744229403601,176.36708577887086,-33.91,-173.59,-180.93,252.76,2.054238644851177,1.136108564354657,175.06321634979398,-34.2,-172.45,-182.41,252.23,176.51267468722835,2.057563367189453,1.1341022705206092,175.85969948301516,-29.9,-171.77,-176.48,258.54,2.055300990122858,1.1353458768146392,176.99350687426397,-34.03,-173.39,-177.29,248.6,178.0894366178597,1.9973711472833489,1.1403577377297027,179.38419951288557,-36.24,-172.76,-177.07,241.11,1.0045296433178048,0.0179135431048415,56.81522235602293,4,2.55236906814042,15,3,111.22509095735263,2.1820309576172376,6,3,120.1228066175375,1.866312706917037,6,4,117.21143180867062,1.863557675522816
SIHREH_#[4],3648.71,3585.38,3652.42,3708.34,234.44,179.79,221.4,302.12,0.8511117105757089,0.0081127616692823,37.03827988862169,142.71004958231643,172.2726188457446,2.0282074154287084,1.1402846837522636,175.86726010453864,-35.87,-176.18,-182.35,250.91,2.047858649907263,1.1420360502190814,177.3026885492147,-35.94,-177.7,-182.86,252.75,171.7690096855172,2.0468967438539742,1.13344690656422,175.6852315961659,-31.45,-171.77,-176.61,254.03,2.039868951673122,1.1432760515291134,173.8428828508047,-37.9,-174.21,-185.85,246.36,174.7635296212409,2.005866720397943,1.145484617967435,178.4001881465767,-41.34,-176.71,-181.37,234.04,1.0516080116315,0.0226412252133021,56.21815671731885,4,2.544406722597628,6,3,116.45064656881668,1.8413796186555336,6,4,119.92788470724322,1.8584146308076672,6,3,118.2822332089178,1.830209895066684
SIKXER_#[4],3454.69,3280.73,3474.4,3608.95,185.18,127.48,168.4,259.66,0.935695427146538,0.0097943088692574,34.82639750219373,137.1125217311648,175.83381292741558,2.0356667335298275,1.140335020947791,176.13952792733997,-36.57,-176.52,-183.03,249.85,2.040668471359325,1.1440640891138918,176.84203405821353,-34.96,-176.41,-181.62,253.15,170.67406123665,2.01579551790354,1.159133180441316,172.81779766369988,-43.61,-178.97,-187.48,235.6,2.0444158554462444,1.1391428488122106,173.97727981197883,-30.46,-170.91,-175.1,254.62,171.8792193621404,1.9975643994625056,1.143896210326793,177.84155938700442,-38.7,-176.82,-181.76,242.48,1.213611495919496,0.0203873149472482,37.457449296901046,4,2.5882394518282115,33,3,123.49362889295384,2.38545386247565,6,4,111.24159345016903,1.881759851840824,6,4,111.3080510976275,1.8783219665435416
SIKXER_#[8],3635.43,3536.69,3658.91,3710.7,198.64,154.48,181.25,260.19,0.921792586308211,0.0095670830160306,41.57343956922857,154.05009801629302,168.1647202047949,2.038255876969327,1.137405138901702,171.20598113496698,-31.84,-169.37,-177.58,251.43,2.0369038489825675,1.135916167681401,172.2146250658314,-34.79,-167.06,-178.86,241.55,173.96131620963618,2.0314958454301606,1.1428210227327809,176.90653242541904,-34.5,-175.06,-184.52,256.08,2.037797541464804,1.1472630082069244,174.3756602643534,-37.35,-177.4,-184.86,250.2,173.44641403010706,1.9813228585972555,1.159928467622034,177.90722648076425,-41.41,-180.1,-184.58,240.45,1.2158088191027536,0.0205218580142781,59.40825980386495,4,2.578230746073749,33,3,122.35093153280924,2.382163464164455,6,4,115.8430712474517,1.8717662701309683,6,4,117.851803403038,1.872819121004483
SIKYAO_#[8],3544.59,3351.64,3566.26,3715.87,346.57,106.01,379.48,554.22,1.0014302953472456,0.0111621249247798,39.09398135378368,141.31917833588815,174.03272600189734,2.0362620951144774,1.1419847415793254,175.58370515965893,-31.99,-169.84,-175.31,249.17,2.0579040332338154,1.1310927371351995,174.45362412243418,-33.8,-168.08,-177.07,243.75,178.63741363516297,2.054690609313236,1.121968417559069,177.4959300715575,-29.14,-164.65,-174.05,251.29,2.052177638509884,1.1294367357227224,177.13035285151167,-33.32,-168.23,-177.83,246.09,170.08498125990562,1.976648423468372,1.1660488711885106,177.73291654895814,-46.27,-178.75,-185.8,225.76,0.7872842155124136,0.0172230797630732,16.101663440567037,3,2.636394737136304,15,4,111.3877710673166,2.1631108755678707,6,4,117.31037024219448,1.928752275436116,0,0,0.0,0.0
SIXQEZ_#[2],3546.52,3435.93,3517.95,3685.68,285.57,119.95,287.84,448.92,0.8019309032237176,0.00724547325087,36.21366545997304,126.92298670848947,175.17538691295047,2.034373628417356,1.1324194364280398,177.28422748982177,-29.64,-170.03,-175.13,256.23,2.0463106460163867,1.144437704726649,173.4370770071499,-32.4,-172.98,-176.0,251.79,174.92895975440172,2.054468410562694,1.1410539251060836,176.8274471693792,-35.27,-176.18,-181.65,252.02,2.040219561713885,1.1344591927433978,176.2069670835046,-31.68,-173.81,-178.15,256.9,174.05396430117625,2.00165242487301,1.1451539896450604,178.69930690446174,-39.3,-177.35,-179.41,238.86,1.1689861402918842,0.0411320543423322,47.08906755905633,4,2.516563476250897,6,3,108.47982016167109,1.866351464756839,6,4,127.80455664402102,1.931190891652092,1,1,111.66366054806286,1.4141757917599918
SIXQEZ_#[4],3570.76,3451.07,3594.3,3666.91,315.5,187.76,307.0,451.73,0.8158191077918211,0.0075309726432542,28.846799278028485,113.20437463088544,174.68316639274656,2.0532999074660285,1.14249485775648,172.88379188555126,-30.87,-172.53,-174.63,254.54,2.0395335103890795,1.1448761767108264,177.42031266952552,-33.46,-175.88,-179.77,255.26,178.13862690888263,2.0430349140433206,1.1416681041353487,178.8485104230306,-35.94,-177.06,-181.27,250.5,2.0466879610727173,1.128373736844314,177.57463391484012,-28.47,-171.97,-173.92,260.47,174.34067312011695,1.9893212611340585,1.1513303131595207,179.3626794969788,-40.53,-179.51,-181.12,239.05,1.1770194842955284,0.0414480206013189,41.85375219015499,4,2.523866975496133,6,4,126.58469746005387,1.9146845405967008,6,3,108.92465091975356,1.889137628654938,1,1,110.7154038785162,1.4137397886457037
SIXQOJ_#[4],3566.48,3422.99,3554.26,3722.19,282.36,137.55,276.41,433.12,0.8302015253986514,0.0078596207491226,19.34482703350126,92.974140253902,177.81614940075173,2.043640391556205,1.1372743336592095,179.06643319877975,-32.64,-173.09,-178.8,253.97,2.04093088809984,1.1407403780001826,178.76851320626076,-33.2,-175.23,-180.03,255.66,175.14001138056972,2.026632998349726,1.1516073853531856,176.31991538693322,-32.9,-174.07,-178.64,253.99,2.0478568553490257,1.145401789766368,174.7697472875511,-32.13,-172.01,-174.79,250.42,176.59008075436086,1.978286677910965,1.1625114451049494,179.32334866080006,-43.37,-182.55,-184.27,236.7,1.1821330362069595,0.0414415501776146,46.86604086500907,4,2.5255904774923432,6,3,111.3491756944261,1.8787999308068968,6,4,125.89017928851814,1.948087721330844,1,1,112.38540265917234,1.412745231809331
SOSZAC_#[4],3684.2,3578.69,3635.35,3838.56,464.08,394.13,457.23,540.89,0.8642229274842841,0.0084096471380671,17.611997437779948,76.96650795176022,178.66006050048085,2.0355448066795288,1.1379063845501538,179.55346950635277,-32.33,-172.97,-177.24,253.22,2.040036418792566,1.1374530319973657,179.08280582927202,-32.29,-173.69,-177.53,254.34,175.40495335811377,2.0335827374365643,1.1389846794404228,178.19733401839358,-34.8,-173.86,-179.57,249.03,2.047116980047795,1.1302507243970268,177.49927507128274,-29.41,-170.68,-175.1,257.55,178.08637228923214,1.99204561443758,1.1398010747494485,179.45751236139094,-37.4,-173.8,-176.0,237.59,1.4312155267606117,0.0394609266803282,98.5400424977162,4,2.5481990679693776,14,4,131.4190055202714,2.296845162391232,14,4,130.30295722166363,2.2984666997805294,1,1,110.77404780088416,1.4270266255399724
SOTFAK_#[2],3771.25,3661.59,3789.03,3863.13,241.64,175.76,239.25,309.91,0.7767783556565844,0.0067919124565225,31.438026945870817,116.18130087045805,174.86350306124126,2.0490262687432788,1.1300586400713908,175.572759986803,-31.81,-171.98,-179.26,255.82,2.0442945800446664,1.1343453354247988,178.68734295552358,-31.14,-172.34,-179.97,258.88,178.60526790282336,2.043694324012278,1.1316720858976774,177.75745202158078,-30.3,-169.82,-176.97,255.89,2.053290249818569,1.1291829346921607,176.87267909677516,-28.99,-172.1,-174.24,259.37,174.99834112705548,2.004377254909863,1.135790213903959,178.12829001316084,-35.88,-171.02,-177.47,240.84,1.0310941879710458,0.0224455162663363,56.09576742855779,4,2.5050035488996816,6,3,120.2816925886936,1.8357451375395224,6,3,118.0611659892868,1.8239206369795808,6,3,115.74830590894511,1.7931564962378503
SOTFAK_#[4],3658.6,3542.04,3618.73,3815.02,411.77,222.03,274.79,738.5,0.7243343287959889,0.0059311484438167,34.137627211254966,112.05684651238506,173.67936505312542,2.038980870435032,1.140671771369836,176.50864184855885,-30.76,-174.29,-176.56,258.56,2.0456571780237263,1.1381481362283214,174.29251188204245,-36.92,-175.09,-182.13,246.45,173.1269227164082,2.0584485152658054,1.1306649459499485,176.79066443110108,-28.85,-170.17,-173.6,257.23,2.034835769785857,1.133306988419289,177.24912516773998,-30.76,-172.26,-176.1,256.08,177.61394730787887,2.012769728508456,1.1433771162656698,179.18466738932565,-36.42,-172.4,-177.48,240.63,0.9747543922301564,0.0201061369968368,120.76327416151705,4,2.4727390096813693,6,4,128.83823805579323,1.817455732610839,6,3,118.3414023786009,1.8145251996045688,6,4,132.03038740345175,1.8367273123683885
SOTFEO_#[4],3737.63,3628.22,3763.71,3820.96,254.57,215.97,234.64,313.1,0.7817803104986458,0.0068948173322839,30.51433434484572,106.54451250747134,171.58566485475768,2.040000911764502,1.1445839899282173,174.66091852824053,-34.18,-173.97,-183.84,255.28,2.019625383579836,1.1587260159330166,174.76925834362805,-39.31,-181.2,-187.56,250.84,176.8128753902334,2.0343281225013823,1.1466672969959508,177.80390240713672,-33.6,-176.14,-183.92,259.27,2.0393481532097457,1.140105530203235,178.10477028819565,-34.25,-174.32,-182.72,254.3,177.34900220664443,2.016443021758859,1.1207683480541373,177.6207462302505,-31.81,-167.48,-169.48,241.54,1.031652860790862,0.022605340599842,50.396239408175816,4,2.499017304862053,6,3,117.0215079408918,1.806103612753155,6,3,113.7952510716371,1.793542422135591,6,3,120.58254160194392,1.8341001581156904
SOTFOY_#[2],3543.04,3476.52,3561.53,3591.09,259.57,189.61,253.91,335.18,0.7675288486192118,0.0065291433753983,17.759873543364336,91.534114616982,177.84064782570013,2.0520917352789074,1.155669377460526,178.71459003055534,-36.78,-180.77,-187.83,258.26,2.035881027958167,1.1596022938921775,178.08485444971438,-37.49,-180.18,-188.03,255.75,174.78253646635852,2.0751389086034697,1.1235211168464976,174.80174530866643,-28.45,-165.82,-174.57,255.04,2.0512245732732444,1.142387836945054,177.24500289990954,-33.47,-175.23,-180.02,254.84,179.33683251238415,2.046586372474908,1.1272744031512465,178.55886804602395,-34.9,-173.0,-174.06,242.37,1.035362708797232,0.0224704587701693,59.58830062055739,4,2.5127018326892667,6,3,121.45959020167318,1.83817226885839,6,3,119.15950320418106,1.819276702428744,6,4,114.81395260821638,1.8099311091862027
SOTFUE_#[2],3647.64,3593.89,3658.91,3690.1,256.9,217.73,226.55,326.43,0.7729413239290195,0.0067069004259645,27.254705417948585,97.02657207899992,177.33145455767362,2.040879097349963,1.1398555390925642,177.54713770800697,-30.09,-173.28,-177.77,260.78,2.050285582546977,1.134992678390483,177.24524584556076,-35.64,-176.19,-180.65,249.91,174.48761660571986,2.039114231719253,1.139379107233409,176.59714340018306,-34.74,-176.02,-180.17,251.97,2.036617536505076,1.14012944001986,177.44728168439352,-33.65,-175.44,-179.85,254.34,175.33353011060433,2.016678439910537,1.14107158408226,178.55230585462758,-39.42,-175.09,-178.99,235.84,1.0308478766789615,0.0225144127025179,52.533242551205504,4,2.500479771963773,6,3,114.5338084906864,1.7976084195396953,6,3,117.83440855523,1.8091365177896344,6,3,119.97747853788944,1.832998625204065
SOTMET_#[2],3680.66,3451.69,3708.79,3881.51,341.59,266.6,340.4,417.76,0.8902028902118981,0.0090053492824408,13.02528374906207,82.9081719698391,177.42787950858587,2.029738963512304,1.1371331012682728,178.8124376316402,-28.01,-169.08,-171.98,257.02,2.0199534573846,1.152662713025801,177.80007551419064,-35.75,-173.08,-179.74,245.58,178.49928273525202,2.008540417815883,1.1607448039944006,179.412494938969,-39.06,-181.53,-186.56,250.92,2.02445952540425,1.148845006952634,179.38604030784583,-31.92,-175.41,-178.53,258.2,177.44013578755252,1.9863613920935936,1.1550270819335804,179.1234869972437,-41.72,-173.05,-183.1,230.98,1.0513102418435856,0.0348309683156308,34.006301523185485,3,2.5479324853692646,6,3,127.90910414501396,1.6792474832495656,6,3,120.31825820600956,1.839652124723585,0,0,0.0,0.0
SOWDIR_#[2],3654.29,3579.97,3659.92,3722.99,89.53,-179.19,127.43,320.34,0.7155073357738386,0.00582160049159,20.14739536078676,93.72977128997984,177.07664592495064,2.070131500654004,1.121596451492247,179.70968649330032,-25.24,-167.31,-167.93,259.53,2.042023949418811,1.1237194000283168,176.55736198377525,-27.61,-169.7,-170.21,257.09,179.66028512383855,2.0383965880073487,1.1511258706153726,176.2403817501134,-32.69,-176.07,-182.38,260.4,2.026336963587251,1.14860115357769,178.4289555396348,-34.91,-178.71,-182.1,256.1,174.357822819722,2.012429598768613,1.1373506187627456,179.35439888763295,-38.4,-173.19,-175.25,233.24,0.958195089471005,0.0300510976761331,34.68237282469873,3,2.467168121551509,6,3,132.8032755590714,1.6709898473659257,6,4,119.28791075500476,1.826053761530585,0,0,0.0,0.0
SOXMAU_#[2],3487.78,3156.01,3516.38,3790.96,361.05,124.85,235.1,723.2,0.8204624839183645,0.00758322070865,12.396672033803997,76.00125004293821,177.96542040963138,2.0285390950139464,1.1506628481010412,178.44878152939822,-36.04,-177.32,-179.73,248.92,2.043419587358407,1.1413865865691604,178.09533859289962,-33.04,-174.21,-177.33,252.41,178.75803898690089,2.0310971444025023,1.1480869305065713,178.25585288351596,-36.32,-176.62,-180.76,248.42,2.0305550324972725,1.1536050493994905,179.4786628505032,-35.44,-178.35,-181.41,253.43,176.9421086304427,2.0075338353313,1.149149611669429,179.29027236597733,-39.88,-177.49,-182.42,240.29,0.9510899909018428,0.0272925554377731,24.19265127377149,3,2.5205064292717045,6,4,116.5170588855357,1.847107406189472,6,3,121.33335264099615,1.7672704660011722,0,0,0.0,0.0
SUKRIA_#[2],3208.03,2831.69,3220.33,3572.08,256.61,119.72,280.55,369.57,0.9827403180043262,0.0106335899403248,35.931866815680394,121.67316073322051,173.01954268904873,2.0364223407731514,1.1533532763208334,176.16056301584132,-37.56,-178.13,-179.43,244.88,2.06118954489877,1.1395194337965455,172.14575398557778,-33.14,-170.14,-177.59,248.31,172.11621211563565,2.0553017929248245,1.1507772373487408,173.07343945689522,-35.86,-174.19,-175.72,242.33,2.0540108349276056,1.1421325404698006,173.8684517143346,-33.11,-170.27,-172.63,243.57,178.34764385786883,2.0009060297775108,1.1471762288332166,178.68626357549869,-40.15,-174.05,-182.66,236.24,1.1315066516402703,0.0163495342577925,45.619256150860565,4,2.631210299462968,74,6,116.6340197457121,2.670801098921445,15,4,102.20321541745332,2.2367358851683856,6,4,113.26222733388065,1.933768861575757
SUKRIA_#[4],3111.82,2856.53,3017.75,3461.17,256.61,119.72,280.55,369.57,1.042714591225959,0.0118142617544405,43.745291630719024,151.34494550783015,174.64072739095846,2.050796318506545,1.1515837181898685,176.62512596761505,-37.24,-177.13,-178.89,244.31,2.059208682965377,1.142763286949662,173.66983034598755,-35.18,-174.06,-180.3,248.81,170.4985592163662,2.060276042184639,1.127712396845933,172.28160007961486,-30.64,-164.3,-171.53,243.9,2.039233351041514,1.1487008183160663,174.7703653612676,-37.62,-171.27,-179.43,237.84,172.77568881249482,2.016347326231272,1.1376909685850545,179.5911189965506,-37.14,-173.76,-177.11,239.43,1.1315066516402703,0.0163495342577925,45.619256150860565,4,2.670801098921445,74,6,116.6340197457121,2.631210299462968,15,4,98.72423769439808,2.2367358851683856,6,4,119.19482989995358,1.933768861575757
SUKSAT_#[4],3429.73,3125.58,3544.87,3618.73,247.66,-5.22,309.18,439.03,0.9388539222046408,0.0098569614345349,33.414597102470594,123.90877257111585,170.86836159069546,2.0355926729088014,1.141907605719482,173.69245364325874,-32.17,-171.41,-172.33,247.25,2.049772545918205,1.1402243024949084,173.3809857593327,-33.83,-172.09,-174.19,244.79,174.67085557183282,2.0505098219711115,1.1384083801518683,172.8081958114184,-29.88,-168.71,-173.24,252.3,2.034904766813425,1.132140499231433,177.80811534225984,-30.47,-168.74,-176.21,253.54,177.77368123526972,1.9867481722654232,1.1452077628098758,178.10205239780242,-38.1,-174.47,-178.64,238.8,1.0409611315457308,0.0136030118925608,46.87862076804255,4,2.594817949298177,74,6,119.0125393757582,2.6070408224651955,15,4,111.08596877224062,2.196937862116268,6,4,116.36582019423616,1.9639597781013736
SUKSAT_#[8],3338.51,3006.34,3311.41,3697.79,247.66,-5.22,309.18,439.03,0.9572735485277424,0.0102008415372459,39.21243590972408,151.40120220517602,174.11282093951513,2.060042065104497,1.1340191665046937,176.47279992324573,-30.27,-170.3,-171.15,250.63,2.025734718565093,1.139983591987184,176.34592948827105,-36.72,-172.31,-181.12,243.27,174.9803558312095,2.0381857496312743,1.136008934824018,177.68802759180429,-34.31,-171.64,-176.59,245.29,2.044100846338067,1.1410886643902831,179.02555791102074,-33.47,-172.67,-176.54,248.81,170.9505465712972,1.9953200871038208,1.14130596248333,178.05314526095663,-40.03,-175.09,-180.31,235.33,1.0409611315457308,0.0136030118925608,46.87862076804255,4,2.6070408224651955,74,6,119.0125393757582,2.594817949298177,15,4,106.59853341540718,2.196937862116268,6,4,112.21820801918872,1.9639597781013736
SUKSIB_#[4],3625.25,3403.62,3713.63,3758.49,219.86,168.48,212.65,278.44,0.8167673646435807,0.007468521724806,19.65438160271708,93.66602205090211,176.79901762560755,2.049449025957953,1.1176420536110825,176.71388869173825,-25.97,-164.47,-170.73,257.3,2.054551461998459,1.1230823478267289,178.20297323162774,-25.2,-164.93,-173.66,263.0,176.11278179398684,2.0508076555347654,1.1232848659178134,177.23306002457682,-29.94,-167.78,-176.41,254.38,2.061839731889945,1.1071539459352526,176.32052964497927,-21.67,-159.88,-164.51,259.37,176.50248727860117,2.001788780066468,1.138168190558847,178.04466187009967,-36.68,-172.56,-178.7,241.23,1.0348855685158582,0.0174204662677488,48.2799140368859,4,2.5337477498756664,15,4,114.46025858074148,2.2390932294122994,6,4,121.01739587821292,1.9153422044115256,6,3,115.5264867425117,1.8226132063605816
SUKSIB_#[8],3621.86,3465.69,3636.15,3763.74,266.53,176.27,279.78,343.55,0.820029056575788,0.0075723588000972,31.207450230082188,111.19071932925588,177.48444458048166,2.046626885878322,1.1377066493608987,176.13841466735624,-32.44,-173.43,-181.22,257.34,2.0537144373062186,1.1299876282508587,178.07251402417873,-28.74,-169.0,-174.69,257.49,175.06218799305557,2.0155008385014384,1.1355685360206145,177.7668577336182,-32.74,-172.5,-176.1,250.37,2.068464539217437,1.1219357200838187,175.89977985883252,-25.03,-167.12,-169.61,261.64,173.73792124241936,2.009015729156942,1.1433627989400394,179.24420133692695,-38.31,-175.82,-178.06,238.96,1.449463635134188,0.0420139967744002,83.69166509216592,4,2.530681919957544,15,4,128.45891603357987,2.2390932294122994,6,4,128.02707791366566,1.9047989710203008,1,1,109.05385398348444,1.4155125432153546
SUKSOH_#[4],3510.01,3302.42,3564.3,3663.29,285.93,192.81,276.24,388.75,0.8113658137865727,0.0073693713176758,23.86913294759654,106.23285139104,176.12240540399625,2.0554792044679027,1.14868715062022,176.77187778532652,-35.95,-177.4,-181.85,251.4,2.060083641505849,1.1316216417159934,177.69981139494183,-30.4,-172.98,-176.85,258.65,174.0743271686481,2.060077525240252,1.1325929939744463,175.36656643847388,-33.3,-170.35,-181.24,251.67,2.057069677964264,1.133739277788328,177.89619266322606,-30.33,-171.45,-176.67,257.15,178.64838894283912,2.000385065431153,1.1633708437123562,179.352027415044,-45.82,-184.0,-185.87,232.4,1.454288527396928,0.0422755241787618,40.10841372852033,4,2.5334385111938285,15,3,111.47338399828485,2.215287252254208,6,4,120.38550156668036,1.8756678890464595,1,1,115.58329911815493,1.4187693470046494
SUKSOH_#[8],3520.33,3373.6,3531.87,3655.52,260.1,151.02,263.7,365.57,0.813742008852965,0.0073558596144916,28.157604944404696,114.31385823575462,178.1641038218757,2.0558934432504032,1.1431970521305586,178.0794345158378,-34.6,-176.96,-178.7,251.86,2.054854688293068,1.1360154312332211,178.15219066888594,-31.32,-173.9,-178.08,258.02,172.44464704222852,2.045217968823861,1.1513077433944412,176.01421057592077,-37.08,-179.16,-182.52,250.43,2.0504169283343328,1.150203790638859,174.97400195075392,-38.85,-178.48,-188.59,250.53,176.24873628466818,2.019043630038738,1.1377157729415548,179.02545610928357,-36.5,-174.51,-175.74,240.75,1.4637458314578982,0.0421650301189548,53.965245041215965,4,2.53333053705986,15,3,118.4899119414857,2.23827487811484,6,4,120.53434629097244,1.887320812686598,1,1,114.50513384927314,1.420538771030203
SUKSUN_#[4],3479.25,3242.93,3524.79,3670.01,271.54,167.3,258.35,388.97,0.7945598979737558,0.0070643983499645,25.538702001060983,106.55045911676254,175.6619452065456,2.061232090279985,1.138057208579604,176.25560184778138,-33.25,-173.79,-177.23,251.27,2.0885864430279155,1.0989166437906013,178.01067845508015,-20.94,-160.62,-164.38,262.18,174.26088061755715,2.077672125240169,1.1004337508455453,174.8678963635057,-23.87,-158.48,-168.72,255.6,2.076306684957692,1.1190597928618462,177.38612310784777,-26.52,-166.74,-171.41,258.57,178.4662821940666,2.001531838367803,1.1630256102081342,177.9926330946209,-45.87,-183.42,-186.1,231.93,1.557245320892928,0.044181233801965,42.19145445542151,4,2.5378017751589663,33,3,110.92326141618268,2.3354878740854126,6,4,120.65355381107834,1.8968076497104285,1,1,116.81229335810087,1.4192366786410224
SUKSUN_#[8],3491.94,3302.2,3544.22,3629.39,265.09,154.35,276.57,364.35,0.8302914490904407,0.0077224909969865,28.92050394957644,118.26054571566402,177.15552115923822,2.0481382497282747,1.1590765764176238,177.7403861753262,-39.37,-183.43,-184.09,249.41,2.0575365002837747,1.145202589064483,176.9387267817816,-34.03,-178.1,-181.47,257.48,172.5341807481046,2.069302247135494,1.1339102521804787,175.88471483214545,-32.43,-172.12,-175.67,250.5,2.0276973097580417,1.142578041098287,174.37155875000198,-35.9,-174.2,-184.02,250.53,175.8235475288985,2.0074134452075385,1.1581390028835064,176.4519963159626,-42.56,-181.83,-182.32,236.47,1.6341566626236097,0.0463226005214705,54.25091697007285,4,2.5401924198768886,33,3,118.55548803353946,2.3689082400971104,6,4,121.01311895503312,1.8535384781546884,1,1,114.08127594720528,1.4214055191957011
SURWIM_#[4],3562.81,3421.21,3514.31,3752.91,594.2,516.52,577.58,688.5,1.004204463629068,0.0113486292767656,23.78337529928301,107.30847989876816,175.89257128993452,2.042713325457099,1.1321331458799355,177.62368793726552,-29.8,-169.28,-174.44,254.31,2.0497507628977725,1.1402577471782422,174.08497859707327,-35.61,-174.38,-179.02,246.56,175.89967091825218,2.048979097013925,1.1314746174793315,176.8452757055653,-31.08,-171.34,-174.27,252.36,2.030551631946354,1.1467006714919112,176.4960402897336,-36.79,-177.09,-179.49,246.22,177.12603739738867,1.961433182649871,1.1592040415733542,178.74609792096732,-39.55,-175.71,-180.61,237.67,1.5514692293767134,0.0436353621817436,49.1834719639208,4,2.629208278170445,13,4,128.64517892179964,2.3663518208415253,13,4,112.62979388841656,2.383435144911646,1,1,109.01865059647126,1.4253522617233962
SURWIM_#[8],3643.63,3514.71,3594.71,3821.47,595.13,527.66,574.92,682.81,0.9700836851328818,0.0105164527461119,27.076552100381164,112.42524865387657,175.90010509931852,2.045050852668461,1.137168945231974,178.43047891565067,-34.89,-174.43,-180.37,250.13,2.03607146240008,1.1393042306600996,178.7986545388609,-36.39,-176.71,-179.93,247.47,175.9958519237083,2.0312008910986616,1.1404160907317993,177.16638339976183,-31.9,-173.56,-176.61,254.48,2.0382680613697506,1.142662019146519,175.5032243735817,-37.97,-176.14,-179.85,242.08,176.66377520137726,1.9845615132819645,1.1478821455184325,178.29450631567315,-38.77,-172.49,-178.45,234.64,1.5370971075504791,0.0428170531634816,52.75293104734146,4,2.609080767243513,13,4,128.24434579233755,2.375125640887235,13,4,114.63876648679567,2.368849315596077,1,1,108.16671223303936,1.4262871695419552
SURWIM_#[12],3572.95,3398.52,3601.71,3718.61,579.16,518.33,565.35,653.81,0.9797087390908276,0.0107256350893178,28.20415610959266,118.8441889554342,175.54103447207584,2.044823038798223,1.126315803848991,173.22410390984402,-31.22,-166.18,-172.4,244.93,2.05133707859045,1.128898613693896,178.9196108846204,-31.6,-169.71,-176.3,251.22,178.8582206815136,2.039574279108266,1.1464744785646117,177.28159139701992,-38.19,-177.48,-183.34,246.25,2.038636431539474,1.1461433200084536,178.91074817160413,-35.2,-178.42,-183.74,256.57,175.21726900574575,1.977701314658005,1.1554503624128551,178.1516032959792,-40.28,-177.84,-179.92,236.94,1.5319093793116734,0.042842900405754,57.48695103021456,4,2.61823967199338,13,4,134.45162216092757,2.368452836769185,13,4,103.1441266444062,2.361627460036828,1,1,106.80095824353673,1.4281670700586817
SUSGOD_#[2],3396.79,3027.45,3467.4,3695.53,182.68,219.24,3.09,325.72,0.8025683537847175,0.0072430019951393,37.298102244769154,124.39421665135612,171.1012043383763,2.041656694941634,1.1364973119193906,175.4240053437712,-31.97,-170.35,-175.5,249.95,2.054341558748205,1.130108570005555,172.50659716419418,-30.91,-168.39,-176.94,252.6,178.9684336738228,2.05508581572644,1.1359407246859312,177.6641644506036,-33.35,-173.51,-177.31,250.78,2.0295011998025525,1.1287535249114389,178.0065067125664,-27.14,-168.74,-169.92,257.25,175.6054097284884,2.0063036684410465,1.1516269665130283,179.36160887397418,-41.71,-179.08,-182.29,236.25,1.1894221422519742,0.0224549620426797,58.67446576211414,4,2.518918799802805,15,3,131.354900278796,2.2542805570735864,7,2,110.66499851022633,1.7508984379455017,6,4,112.5195267984667,1.832878776678916
TAKSOQ_#[4],3579.29,3505.04,3525.93,3706.89,388.35,146.87,327.55,690.64,0.8428315714722938,0.0079661007697222,32.81915977069387,149.00794203250263,176.95918066569146,2.042293676237578,1.131651823663091,178.11103002731096,-29.43,-170.11,-176.38,258.2,2.0451118355728126,1.1347634114651397,179.48167046087931,-32.82,-172.66,-176.17,250.36,168.2351477229205,2.0461975344526246,1.1372393503568197,171.44133362465425,-32.98,-168.96,-176.27,246.27,2.0419842065990625,1.140592065551922,173.5241750323459,-33.48,-172.75,-176.83,249.15,174.755933562416,1.999715752300811,1.1423995141805696,178.73170320104245,-35.13,-172.13,-177.91,244.66,0.906829410488638,0.0145067195650886,169.36655541284472,4,2.5407595439159536,15,4,136.3393886746487,2.195222765461402,6,4,133.81357808619455,1.8948774841661924,6,4,123.35417866203416,1.9342754147225247
TAKSOQ_#[8],3617.9,3476.07,3617.76,3759.87,212.79,130.47,409.36,98.54,0.895544804241377,0.0089882983264496,37.61176743232113,130.49299590380454,171.99670955417963,2.062802414192886,1.1283349635635702,175.76541915115217,-30.9,-168.44,-175.23,250.96,2.0317359818637857,1.1399948859534408,172.48988732073192,-34.48,-172.03,-181.69,250.27,173.89872024921206,2.0388438831847813,1.1400469683306915,176.0982256122485,-34.28,-174.23,-181.7,253.1,2.0359897543946537,1.1514755533662009,174.2519710074498,-38.98,-176.74,-187.89,247.7,175.62879615286823,1.995323066573432,1.1418923592002874,176.9043420401651,-34.9,-173.1,-178.68,247.09,0.9336182521223532,0.0156594140263913,51.41750012888204,4,2.570265902586733,15,4,109.79623008678068,2.195222765461402,6,4,116.20496823605052,1.939655745229035,6,4,115.9114331710765,1.8922146706967464
TAKSUW_#[4],3386.05,3189.95,3358.96,3609.25,168.78,187.62,232.79,85.93,1.0212307388126942,0.0116333294706977,53.22037603679279,190.72255440482104,174.5456007247316,2.042569095526513,1.1395678215885177,176.6173782017505,-33.14,-173.68,-176.23,250.5,2.0251980471055173,1.1393251555197057,174.83144121873016,-31.23,-168.84,-174.55,249.69,164.71527473189937,2.0419644805921573,1.1364520271441294,171.33291676448258,-34.69,-167.4,-175.26,238.6,2.0333518583855583,1.1378921785476857,172.02141335140294,-35.36,-170.46,-178.95,243.31,171.77613781874084,1.979045057597225,1.1472627728641756,176.38541770617402,-40.25,-175.27,-180.74,235.25,1.067818792794912,0.0152686370247887,90.55389096326876,4,2.637164151129011,74,7,119.59595641889923,2.627074976090329,33,3,133.68142831947927,2.26634876839378,6,4,113.97746177685376,1.930071566030648
TAXJEI_#[4],3793.49,3626.78,3803.37,3950.32,346.88,134.86,261.92,643.87,0.7727970889519455,0.0067339629667808,20.375613598324307,88.91906709594858,176.3393454827711,2.047021890454521,1.1401976012954944,177.36167682759114,-35.9,-176.11,-185.87,254.29,2.043447745845241,1.1364485954058816,177.24304637927477,-34.33,-174.55,-185.23,256.79,178.28276716699122,2.0536112265957254,1.1337805343187013,177.7640688067192,-31.49,-172.68,-177.65,255.87,2.040032360037458,1.138801023006214,179.23826848853815,-32.36,-173.4,-180.66,256.96,178.29761061867677,2.003609804827277,1.143732499319661,177.83665935467323,-36.96,-176.28,-179.68,245.07,1.0318396557524518,0.0225156414373915,115.99850126863096,4,2.5012228589232124,6,3,121.50129218858552,1.820297887709592,6,4,128.50869638833092,1.80832818647501,6,4,125.88129803284129,1.811363191080132
TAXJOS_#[4],3521.35,3290.23,3624.14,3649.68,232.75,139.41,241.33,317.51,0.7641726253565668,0.0065522375210271,23.57893401472384,97.56407485257968,176.22010258232257,2.047368156927328,1.138164359835608,177.74866893534286,-30.77,-172.03,-175.36,255.09,2.046666071932594,1.13567535854222,179.5177698732197,-29.82,-170.89,-176.67,258.09,178.1827566054657,2.045854447413109,1.1370312836505423,178.92242741550493,-32.64,-172.57,-179.09,253.75,2.048797083656652,1.1386225933117606,178.52754316578657,-31.02,-172.54,-177.74,257.22,173.8794423728203,2.0127401869093777,1.1454050549914656,178.10924939384535,-42.11,-178.15,-180.39,232.21,0.981261503688315,0.0200757634837969,60.97507261255443,4,2.4987887645817524,6,3,123.28684814506433,1.821649991079516,6,4,113.18006750099764,1.888414747877172,6,3,117.7547224542002,1.8237785474119388
TAXJUY_#[2],3719.46,3592.93,3710.23,3855.22,329.04,182.29,200.79,604.04,0.7281535669081878,0.0060065322819261,32.15184106379603,110.1202553262508,172.2413688408757,2.0328459115240403,1.1391139539133026,176.26336531263033,-31.89,-172.73,-177.62,254.69,2.0427970677480425,1.1347790137291045,174.98146963454613,-32.2,-170.42,-179.53,253.37,179.16664940258943,2.0412275571332072,1.136892233239369,179.9408659234647,-31.25,-172.29,-180.12,258.67,2.030049831900685,1.1387727868192143,178.93928494355637,-32.3,-172.09,-180.22,255.42,173.97498834706118,2.012554202996779,1.1369088705784651,178.19430002039644,-34.59,-171.03,-175.5,242.75,0.9782557402306936,0.0203633187023266,111.63101951108648,4,2.4687870544054635,6,3,116.39119204289808,1.8083582637298408,6,4,127.07230301279098,1.812921625443305,6,4,131.85879171071383,1.8285697935818568
TAXJUY01_#[2],3724.58,3584.8,3714.15,3874.77,330.27,180.81,199.58,610.42,0.7185462948073127,0.0058560053263629,30.750096064769394,110.21111636963748,178.03009399056387,2.0345505498758194,1.1365677674472388,179.2835411940385,-31.14,-170.88,-179.48,256.94,2.0455437932246765,1.1369294964948369,178.61777141588894,-31.66,-172.22,-180.48,257.71,172.62080754714268,2.0426510250162653,1.137378578134827,175.03781211373746,-32.28,-171.57,-179.88,254.6,2.031560400283487,1.1441394539128524,175.79539185334184,-33.28,-174.24,-179.18,253.58,174.14884644872637,2.010398828590984,1.1355675497300897,177.46319655985903,-34.39,-171.1,-174.35,242.28,0.9659434969355258,0.0198513205426381,115.24966706884254,4,2.464068696282634,6,3,116.39033375407976,1.80545059749637,6,4,132.69670360535727,1.8398377374105568,6,4,127.79865813035484,1.8150307600699227
TAXJUY01_#[4],3742.55,3630.76,3724.76,3872.13,329.9,192.06,196.04,601.61,0.7132765233059772,0.0057668534622369,20.40580588797043,81.58531082201931,178.47194524131135,2.047376198943418,1.1335987561743353,176.48541184461882,-29.45,-169.6,-177.08,258.32,2.03755997703135,1.1357446455960076,179.39839958121067,-31.37,-172.27,-179.82,257.99,173.10179358219918,2.0330967856941795,1.1456544243357154,175.7422212956257,-35.13,-175.73,-183.84,254.17,2.0291722696705667,1.140506242858845,176.7992339489407,-32.0,-173.87,-177.32,255.19,177.6846040448277,2.0158603051799004,1.1345494303907613,178.9359551610995,-34.26,-170.18,-174.4,241.81,0.9646023181822608,0.0198555445192061,117.85200802599826,4,2.4605790212874687,6,3,117.83365473605404,1.7973798179572396,6,4,131.13189678033874,1.8332719383659368,6,4,128.9619090931889,1.821880671174708
TAXJUY01_#[6],3712.59,3596.02,3700.16,3841.59,328.54,182.75,200.31,602.55,0.721888807815485,0.0058984945910836,32.48282415938996,109.0902262574646,179.65685763230317,2.031452598511714,1.1354267435638463,178.93855357360468,-30.94,-170.5,-178.94,256.63,2.0430145716563075,1.1351122675753265,179.543447469727,-30.78,-171.88,-179.52,259.05,171.87720825435088,2.052659572359722,1.1298275355115062,174.85116983781825,-30.53,-168.61,-177.19,254.19,2.0332185642473366,1.1384992138776382,176.58184365549772,-31.89,-172.52,-177.44,254.3,174.31408005947463,2.01462991638663,1.1356382082335912,178.13226761527795,-34.21,-171.03,-174.57,242.98,0.9744292509381902,0.0202006095858658,112.49057148967594,4,2.468128329321633,6,3,116.49875199812216,1.802988069844058,6,4,131.72684228966594,1.836389705373018,6,4,127.45679619033466,1.816148710871444
TAZDAB_#[2],3542.65,3367.34,3553.4,3707.22,70.69,-148.87,156.22,204.72,0.7511644035219476,0.0063483647833464,29.28743929215717,96.85905534326989,176.24005267273898,2.049183937571247,1.1354265013641347,177.83465786099828,-30.68,-172.29,-177.99,258.24,2.037823272514081,1.1370488380012531,177.80676470671045,-32.38,-173.17,-176.84,252.88,177.88403668190534,2.0394710319099905,1.1399150845567398,178.81287090712308,-32.27,-174.47,-177.84,255.49,2.043214222738281,1.1428188876633083,179.26875898339148,-34.03,-175.58,-181.54,255.03,176.3659101315417,2.015534405560967,1.1398926879316311,179.14535158676216,-41.13,-179.15,-180.01,235.76,1.1123810027043617,0.0294334475303433,37.31564155557192,4,2.4877440161720816,9,1,108.28309513321231,1.612654659249773,6,3,119.49278790113078,1.818145109720344,6,4,116.53970629306068,1.8076702741374049
TAZDEF_#[2],3367.5,3140.02,3360.42,3602.07,58.82,-172.95,155.64,193.77,0.8808566984031665,0.0086457778106593,45.666517763709365,154.3725845905272,176.66859350825567,2.046779191803552,1.1394607013846505,176.2837657153032,-33.13,-174.05,-177.86,252.51,2.049317032574512,1.1412624150474766,179.09570128750863,-32.23,-176.18,-180.18,259.65,169.20984788394742,2.0415332106042263,1.1364907258750512,172.9074143596429,-32.95,-171.03,-175.33,247.49,2.056317468194053,1.137996594898245,171.33470304656478,-30.23,-169.18,-171.51,250.02,172.24212157664033,2.000880031386191,1.1445987856013125,178.66077611041695,-38.99,-177.22,-182.1,242.35,1.1524318578551405,0.0315245723728037,60.46175090299067,4,2.5674794059544075,9,1,104.22378831809073,1.6183122226566788,6,4,122.84497025944287,1.9537421426585448,6,4,122.41891323650292,1.825520136837718
TECVUT_#[4],3730.19,3522.74,3736.38,3931.46,315.2,183.48,208.01,554.1,0.7447011198130613,0.0062560960425568,14.125529176050932,71.0560013987346,176.5664178142353,2.052217040178743,1.139751994953288,177.2204995786718,-32.39,-173.95,-180.43,257.22,2.041726578168585,1.1373509968343103,176.7186325700714,-30.66,-173.93,-176.28,258.24,176.90545844432296,2.0323160211935547,1.1358545461457643,178.41751403633356,-29.72,-171.32,-178.81,260.97,2.0535413241520124,1.1328154880650247,179.17604906860663,-32.45,-173.8,-177.57,254.03,177.87006029457817,2.011691889927481,1.141183306923125,178.06325990806758,-38.16,-175.85,-178.4,239.78,1.0198707412280854,0.0222500165960561,97.86406885465544,4,2.4851192426119115,6,4,121.13523108637776,1.8011722627222528,6,4,122.90486964187194,1.7916653510072689,6,3,120.12665133962972,1.8227786316500416
TERPAH_#[4],3766.23,3615.44,3830.45,3852.8,135.44,-1.36,151.36,256.32,0.7438675143407307,0.0062521748169414,24.34844643799389,113.47969908776426,172.14367839028543,2.0291782597889227,1.145228536144643,176.33019511110703,-36.83,-176.25,-187.08,252.83,2.0461857124904363,1.140251152159034,173.1096516897775,-32.68,-172.92,-181.26,256.13,177.0918609039586,2.0578574124559754,1.1347171365587103,178.1170330671245,-30.85,-173.43,-178.3,259.19,2.027287976583495,1.14184874655096,178.13912984742117,-32.91,-173.96,-182.27,257.5,175.59058316178383,2.0180488621438286,1.1377503636562796,177.6369306414201,-38.65,-175.92,-179.05,239.02,0.8774712594113834,0.01542318341313,60.93198244973972,4,2.48203215329697,6,4,122.06439073726386,1.878423461310044,6,4,116.49979205605734,1.920480380009128,6,4,116.45684258279736,1.8922500997489733
TERPAH_#[8],3782.26,3653.59,3842.14,3851.04,144.44,14.91,150.66,267.76,0.764541135273813,0.0066323243980238,18.465025266088645,93.14505163112167,178.91475322684602,2.0279742675882253,1.1448057826548572,178.8854930716821,-33.02,-174.63,-182.45,258.01,2.0443647546365105,1.143175528954325,178.0614108192712,-32.07,-175.32,-180.74,259.86,174.12537906625502,2.0420927721335285,1.1458076191054063,175.23974000101657,-34.0,-175.04,-185.93,258.97,2.0270241118447507,1.1427959835421198,177.4143445363126,-35.74,-175.03,-186.66,254.48,176.50385311791027,2.003702360631439,1.1470253223011244,178.7208967113246,-40.92,-180.22,-181.04,238.52,0.8972580105137751,0.0161411093278113,62.04841751664429,4,2.487756334531178,6,4,116.56922837873284,1.897824283225399,6,4,117.5882582791656,1.8843752572139127,6,4,121.37005341280688,1.8865534421266723
TETFIH_#[4],3576.41,3417.99,3635.97,3675.27,221.95,213.76,390.04,62.1,0.8215246844069539,0.0076017911953511,24.54756036532177,98.75346074199116,177.19510507068648,2.04346159494129,1.1393982139708658,177.94530826305453,-36.62,-174.88,-179.11,244.13,2.0316001378224007,1.1387675311493566,177.57171807693314,-29.31,-172.28,-175.16,259.5,174.3733368517895,2.036118857041504,1.137012014008646,177.29313608130033,-33.88,-172.74,-177.17,248.28,2.0557490265107754,1.1279101515635015,176.41244505026026,-29.58,-168.91,-174.39,254.56,174.59743772920672,2.0006363312706297,1.138756817762247,177.2124718807479,-35.43,-170.73,-173.91,238.35,0.9926224206453912,0.0173133601157507,171.63821210987837,4,2.526428000161492,26,10,143.7759288227163,2.326678879862883,15,3,116.94709613462904,2.1068233575694,6,4,139.63508499113746,1.7536611018095831
TIFFET_#[2],3458.05,3021.34,3584.24,3768.57,408.45,186.37,244.3,794.67,0.8096961552727302,0.0074120902355345,36.544468538364,129.47353531870124,176.4319035978619,2.039030762396684,1.144340744708497,176.158299236689,-37.55,-176.92,-182.93,247.21,2.048128252820121,1.1365027804629426,178.97493609795154,-32.9,-173.02,-176.07,250.4,172.49015416230844,2.058932271834117,1.1263550639119084,176.03529091937648,-27.16,-166.3,-168.88,253.69,2.0265389337488684,1.1425663744395762,175.1117702214838,-34.87,-175.57,-176.17,247.12,172.55004746243736,1.9973370121238911,1.1507335834153791,177.1594381513911,-42.32,-176.89,-183.69,233.61,1.0750201169201343,0.0201928498719807,101.3454041000483,4,2.519811139748375,15,2,126.1701939191376,2.1756387062193943,6,3,118.8345395966617,1.78831796389792,6,4,118.01490933871018,1.8321117651497147
TIPBUR_#[2],3347.73,3254.5,3318.47,3470.21,120.5,-18.53,154.45,225.58,0.791643070387031,0.0068545859990269,26.28565188264365,102.24883275427692,179.0194112418261,2.0858486162710848,1.1549148236991331,179.04104795886104,-37.67,-180.97,-187.67,255.63,2.063905017194347,1.1589362924682285,176.77816441917267,-40.13,-182.99,-188.49,251.07,177.4127160338776,2.0791495136232987,1.1602341746388958,179.09743245728458,-40.39,-184.81,-190.72,254.37,2.0701075455154503,1.1653997554487474,178.1171241940633,-45.29,-188.03,-196.67,248.83,175.91457559433312,2.0366005548462365,1.1654056890199225,177.96172635856666,-49.04,-188.04,-190.85,231.77,1.1373739004767207,0.0295895753136303,23.74638674195154,4,2.542108091722302,8,2,108.28470067349808,1.6477695773378025,6,4,121.00418987014392,1.8831013275976407,6,3,108.99413156619808,1.8207055692780207
TIPCEC_#[4],3540.76,3370.61,3586.35,3665.3,146.65,-20.89,173.59,287.27,0.6806238184409286,0.0051372746379939,22.97964795479633,88.3223779795506,176.1664339626105,2.0613407724100354,1.123390800211574,178.28272190248745,-29.75,-170.74,-175.32,256.81,2.0699995483091294,1.1093990535420517,179.1117005011271,-24.32,-161.03,-173.31,261.36,178.93664849043125,2.068822222908483,1.1257407916567668,177.05677495590706,-30.27,-169.12,-178.26,256.57,2.05667973442634,1.1150324165691328,177.814465818261,-24.5,-165.71,-169.75,261.95,174.4945006978302,2.040881174885005,1.1177268226181207,178.1098797767874,-33.53,-167.23,-173.57,240.19,1.070409551648671,0.0267031162558665,42.008818536921424,4,2.467918981652356,8,2,106.24379207363933,1.6488059346084367,6,3,116.81250394878948,1.793601756243565,6,3,121.51524918036196,1.8205301508077247
TIVVAY_#[12],3452.03,3335.24,3458.48,3562.38,149.24,170.18,246.95,30.58,0.8160577725553475,0.0075245558916707,29.93319745634304,109.84262903422014,173.0296690480467,2.020107145673219,1.1535704789912058,176.80866918500388,-37.38,-176.74,-186.08,250.69,2.063651707532064,1.1355458863471788,174.01957616324438,-28.89,-170.22,-173.37,256.91,176.40750413734364,2.066675765571368,1.1298524018649525,175.5561827963499,-28.06,-167.57,-173.3,256.7,2.034548333168813,1.1395144623917683,177.9301063011865,-31.9,-172.89,-178.64,255.84,176.6815770948357,2.003599376122882,1.1419018959612943,177.9988228188187,-39.59,-173.96,-179.79,234.98,0.7469939919974689,0.0127148026389061,57.84798296225826,4,2.527351129146877,15,4,115.3788599282895,2.244293106971547,15,4,120.92103225262936,2.2096870230872065,6,3,116.91823968068124,1.8291144250702307
TUDDUR_#[4],3554.31,3407.95,3529.58,3725.42,129.45,-90.97,218.91,260.42,0.7649032826312308,0.0065956812825059,25.657848168568464,97.14181918994264,176.66436219954772,2.042612907528003,1.1328941918820128,178.61654809270328,-29.69,-171.84,-176.53,259.3,2.0335361639272613,1.137753760705716,177.3991304987897,-32.04,-173.33,-177.08,254.27,175.95532226909629,2.042789394431056,1.127089175708825,178.4997644970203,-25.78,-167.88,-171.41,261.96,2.030473004006702,1.1391576449289185,175.49062368326426,-34.11,-174.42,-177.8,249.9,174.97852070006445,2.014409935936576,1.1417505200349156,179.1764180787884,-38.76,-176.38,-179.88,239.98,1.0950467802513932,0.0278841483796212,50.9061561824023,4,2.491706250744658,8,2,111.66519533905448,1.6408955908283742,6,3,114.1549620479315,1.8226060545274176,6,4,125.19565440678426,1.8215235463753965
TUDFAZ_#[4],3637.74,3468.11,3672.23,3772.87,169.92,-69.01,269.91,308.86,0.7483016404147858,0.006360966931675,14.556510799865904,72.73209550237442,177.97321595766903,2.026888376304921,1.1382741014360305,179.63840674958143,-30.8,-173.43,-175.8,256.82,2.054162610408436,1.1399126413896816,179.34301049945608,-31.3,-173.33,-178.39,257.81,177.13515505648598,2.0296160622147235,1.1442196467462002,177.05529365454953,-35.7,-177.54,-182.14,252.57,2.048576308073488,1.1410438247499526,177.28992856088948,-35.51,-175.34,-186.27,255.07,176.6047857653339,2.0046081562240543,1.1435411404929852,178.84505628320372,-38.9,-175.69,-182.12,241.12,1.2813793360823378,0.0458651250825851,47.51463714715223,4,2.481751286893996,8,2,118.99594657615494,1.644983750679623,6,4,120.41473967479725,1.8112020814917364,1,1,111.2795515519046,1.4263093563459512
TUDFED_#[2],3682.26,3525.82,3691.18,3829.78,304.03,235.2,40.17,636.71,0.7790289294613806,0.0068522381257005,16.356767891809042,86.79722947981246,176.96209497379735,2.032758492787572,1.13916249938277,177.98532229475313,-33.72,-173.39,-182.2,254.43,2.035103562475384,1.1426560331088278,177.07584926947592,-34.81,-177.02,-180.7,253.3,176.38802231493946,2.029572489466685,1.1440065777782924,176.4342522866495,-34.26,-174.9,-180.9,253.03,2.035331430013304,1.1512085649438164,177.41451618365656,-35.13,-180.0,-184.05,258.66,176.36435994631043,2.011284885340711,1.1328701470159757,178.6197762063536,-33.86,-172.02,-173.72,244.15,1.0584740576012266,0.0245399263080189,108.83300593543918,4,2.4962275296935585,7,3,123.04122943895,1.7275361125024276,6,4,121.33979524253805,1.8356590751008195,6,4,126.0747366152583,1.808539286274976
TUWKOO_#[4],3622.42,3473.03,3625.78,3768.46,236.33,110.49,282.93,315.57,0.768484246550539,0.0067281314759007,19.87945059406616,94.55963578374909,176.86243205024635,2.034380633018315,1.1357066214476343,177.05594481490752,-31.39,-173.36,-177.72,256.92,2.060327279827163,1.108911529383657,178.15877778825217,-24.03,-161.86,-168.21,257.99,174.18739148985577,2.038823393528729,1.1282342221365205,175.48931406184505,-27.39,-168.54,-171.82,258.18,2.059792826961003,1.118593692991339,174.11420828368918,-27.16,-165.5,-168.2,252.22,177.54913554853547,1.991009244076983,1.154523823920494,178.4209368553317,-43.56,-179.97,-182.96,232.25,1.008767878703561,0.0164019929392291,78.19162141537679,4,2.497957223412762,15,4,127.26645983578844,2.224669197880889,6,4,117.3104604384075,1.8497295207678333,6,4,119.40090299246944,1.8641290218222564
TUWKOO_#[8],3592.15,3447.88,3602.52,3726.05,241.1,111.8,279.27,332.22,0.7517778480911201,0.0063630997754754,21.15280998306551,105.06452060724116,177.81088170881085,2.0504106369212978,1.1329582340051194,175.27232697075513,-32.78,-171.79,-177.26,250.72,2.0475355821084045,1.1106240317947385,179.49799771335853,-22.64,-161.91,-167.79,261.77,179.2788298733112,2.0464908526548555,1.1101720362178114,178.0786088795705,-24.01,-164.44,-165.71,258.13,2.06730781694454,1.0999832816911352,178.0729069620323,-19.21,-156.69,-164.0,263.04,171.6896000579691,2.008013971564938,1.1291010982192888,178.97232470352623,-35.61,-171.72,-173.84,238.73,1.0126778438749866,0.0165012063468185,82.50570130694652,4,2.49501848089348,15,4,134.536479791443,2.224669197880889,6,4,112.46605951336498,1.8558524671966792,6,4,119.38476416057092,1.8511573677027024
TUWKOO_#[12],3641.1,3568.13,3620.65,3734.52,226.14,273.54,309.03,95.84,0.7246533985547785,0.0059299682614792,18.64338500405104,80.9650417662866,177.60812563057718,2.035078605361474,1.1270059538440778,177.50114139875956,-28.32,-167.85,-172.11,255.0,2.051669783371584,1.1290613667998743,178.08480740077155,-28.53,-171.89,-173.12,259.43,175.7872616949678,2.0370124324608327,1.1359976056312795,179.16555361948193,-32.41,-172.22,-178.81,253.81,2.047043448488576,1.1242271167339808,178.12443188448765,-27.07,-168.1,-173.06,259.95,179.40288316305487,2.014887835587877,1.116667976616147,178.74315162743545,-32.68,-166.23,-169.16,237.36,0.985477165553336,0.0155058275645125,78.33487757338365,4,2.471930460186936,15,4,123.60938839883954,2.2249713750967675,6,4,115.74357872851938,1.835968722500468,6,4,124.78345268705358,1.8754559472299
TUWKOO_#[16],3661.75,3521.73,3677.03,3786.49,251.48,126.62,284.09,343.75,0.7691127516786904,0.006785389109409,20.817398502891702,102.95631166703652,178.720737099682,2.038271937205632,1.1160134273385782,178.47124146183677,-23.77,-163.58,-169.04,261.3,2.061398542252322,1.116126525085754,178.41099752340813,-24.71,-165.51,-167.75,259.12,177.29609321902183,2.056655413529452,1.1170246461023143,176.19794130978528,-26.41,-163.61,-171.7,256.08,2.0130882171430047,1.139154357407283,179.61703930453197,-30.45,-172.66,-176.16,257.47,173.32448132504985,1.9903832922329308,1.14863451976684,179.48229360453453,-39.64,-178.09,-178.61,237.77,1.0088743449856628,0.0163592760004155,82.03587296276812,4,2.493427131479883,15,4,132.99620565203134,2.2249713750967675,6,4,114.76516658722434,1.8527314052500976,6,4,118.31740102684402,1.85679275634089
TUWNEH_#[4],3566.81,3498.28,3515.94,3686.2,272.5,195.45,284.45,337.61,0.8105590194902814,0.0073627861974554,38.44428737666745,150.31980996610187,170.67336166891204,2.0469268330841723,1.1342743318968296,175.48989493533855,-31.25,-171.69,-176.07,254.02,2.039827203466019,1.14069735688306,173.6125674336049,-36.33,-173.95,-180.15,245.11,174.06078819069683,2.05794766454349,1.1188805253466525,178.454758611689,-27.28,-166.69,-172.28,257.13,2.0363807944488186,1.1254672318641703,176.0725331116603,-29.77,-167.7,-174.63,253.01,175.01622005111938,2.0095493076807047,1.1367154921087337,179.79036239445622,-37.08,-172.74,-176.64,238.15,1.0355216332686603,0.0171884659934719,49.92191018595416,4,2.5244617723388085,15,4,123.150002446623,2.236654065786661,6,4,109.54362107572086,1.8614405684845283,6,4,119.06370699122358,1.864153636372281
TUWNEH_#[8],3559.0,3447.61,3527.62,3701.78,260.43,180.16,282.96,318.18,0.7885091910292048,0.0069303460456983,29.468112885242817,125.45027730998974,171.70797852279628,2.0678494819497857,1.1174419984947772,172.6806222391681,-28.48,-165.19,-171.76,251.5,2.043638857528403,1.1204851895495995,176.74217893620488,-27.63,-166.71,-171.31,255.15,178.13650624174585,2.0602251357558,1.1241949341639994,178.67173919200562,-29.23,-171.34,-173.2,256.84,2.0536639355064885,1.119789203377136,177.635810289847,-26.89,-167.16,-172.88,259.36,175.934812594442,2.015971611903303,1.1264375792737016,178.98723150734256,-33.86,-171.3,-172.81,242.54,1.0493270053955923,0.0176251465659791,52.99756909292729,4,2.521375319146279,15,4,124.64561241538487,2.236654065786661,6,4,115.68147123806156,1.859927030826748,6,4,112.94525331069347,1.8487753487106005
TUWPIN_#[8],3661.34,3497.41,3683.86,3802.75,335.73,281.57,297.7,427.91,0.8240457756923125,0.0080370416134922,19.732984743084188,95.32194507633096,179.05028490537438,2.0500465823975804,1.135391963156337,177.50912595632067,-30.98,-171.79,-176.73,255.58,2.0718066608638943,1.0983071428339166,178.48966245412137,-20.44,-155.56,-164.82,259.05,177.73341242221264,2.010692301173901,1.172820621408065,176.42998079503508,-39.29,-186.47,-189.43,258.03,1.969910906614814,1.2008870762898571,176.61496158626457,-47.17,-194.92,-199.87,253.27,176.1106142815984,1.9716712935984024,1.1803700860323425,178.09323192568604,-47.16,-187.54,-191.33,237.39,1.0501171883700566,0.0191979103519923,54.10785563125143,4,2.509253014345106,15,4,122.87172837702612,2.1755438193702283,6,4,118.92176991146115,1.7970653577430071,6,4,111.9680523011452,1.8376142876022707
UBICIR_#[2],3611.9,3346.16,3656.59,3832.95,382.74,158.52,267.75,721.93,0.7922022190571152,0.0071014918657317,15.530669717795476,84.289638929489,174.59264260262785,2.0369687012813924,1.1356607812194626,176.33103215508987,-31.16,-171.71,-177.75,256.0,2.0215291711968937,1.155930369875279,176.25113687729848,-37.34,-179.66,-183.81,251.46,178.93279119146464,2.0525562647586533,1.147346055033093,176.6332347608108,-34.26,-174.78,-181.4,253.39,2.037122816621521,1.134433735394007,178.49000240574293,-29.73,-170.91,-175.25,256.96,179.50645219791704,2.00391904527104,1.1521081806844364,178.65282451477142,-39.83,-176.23,-183.58,240.31,1.0050136806716217,0.0210046275029947,101.82267260360724,4,2.50574053126017,6,4,121.20932920921184,1.820685777392684,6,4,126.15041743062872,1.851559510250752,6,4,118.61699177666294,1.8349489447938323
UDIFOD_#[4],3639.38,3540.56,3633.93,3743.67,322.03,114.36,232.69,619.02,0.7846589069213481,0.0069495446444072,29.200271494248383,113.75631818892964,172.26367516158342,2.0355513479153498,1.1484866956129705,174.05063520134965,-38.01,-175.92,-179.34,241.22,2.0502512333858016,1.130941134630799,174.9153668153779,-28.64,-169.11,-171.27,254.45,175.30377189665035,2.073255734346346,1.1259997735346112,177.58155778428898,-27.64,-167.27,-173.35,257.7,2.038777915811331,1.1361081858696391,177.2356022186185,-32.55,-171.72,-176.76,250.84,177.17657043762566,2.004339145454182,1.1352374465282584,178.45655280947372,-33.29,-166.98,-175.61,242.73,0.951043738370642,0.0127296200799805,187.70345875300745,4,2.511230419535412,74,11,143.5490492229845,2.515503834224866,15,3,129.66244270701364,2.174858471257383,6,4,134.2622025893266,1.9008320441322528
UGANAR_#[4],3398.82,3105.79,3390.16,3700.52,259.06,104.01,258.98,414.19,0.9805808785491456,0.0108093721445179,25.71731307545795,118.83718711212592,174.93772147623815,2.04159566271091,1.1443443231824937,175.86910894170276,-32.25,-172.59,-177.75,253.6,2.003257312478853,1.1696373839784708,176.396597865217,-45.48,-185.56,-191.01,240.11,176.72937404842222,2.036409669000813,1.1113428723845762,176.8208772851655,-25.76,-164.27,-165.24,252.23,2.048898955536852,1.1536845062667689,171.1435267780854,-36.03,-175.71,-181.67,249.3,174.79924330350147,1.9827574990401629,1.1332596745671313,177.1249086784046,-36.94,-173.0,-174.47,236.64,1.4850960602855026,0.0276971949504534,32.592913800948125,4,2.610932346883006,74,9,118.991823233744,2.5940157863821875,6,3,106.94680040624752,1.8625706134265088,6,3,113.39144037978416,1.857281459553182
UGANEV_#[4],3447.77,3130.85,3450.27,3762.18,265.94,134.57,264.57,398.67,0.9861747059750574,0.0110578689074767,27.851474876719507,122.92245729150645,175.44289433239615,2.014068980943801,1.156297029313835,176.2323139500919,-34.46,-175.93,-182.0,254.54,1.9891634070633817,1.173687015349493,175.27612074784216,-46.45,-185.55,-192.33,238.55,175.7251007519764,2.040108019198984,1.1138819820788917,175.34086307169454,-24.26,-162.22,-164.9,254.34,2.0440839219562386,1.136557913174688,176.82835274724945,-29.7,-167.77,-173.04,251.7,172.81146105540685,1.973352887853563,1.1463891485878617,176.260024406439,-40.41,-176.18,-180.35,235.31,1.5069189357942752,0.0288368064224324,34.69197140800385,4,2.603860266988228,74,9,118.19246997784796,2.5871570555341235,6,3,107.4508411999157,1.8444375457032969,6,3,114.98337225574328,1.8396608410247792
UHOLIQ_#[4],3601.69,3525.04,3585.37,3694.65,247.01,158.87,5.06,577.09,0.7161684653932396,0.0057818595189825,37.13740425862626,131.30619867210348,174.85155325307676,2.0466499676300294,1.1353991412714737,174.5049943774938,-26.67,-164.6,-171.56,256.14,2.053159940189756,1.1290720260461686,177.13931343742158,-28.23,-168.77,-172.19,256.27,171.6962678380947,2.0529246673952746,1.1395398018498524,176.05382279134898,-33.07,-171.84,-180.92,253.54,2.0429010891377004,1.1596657665034356,172.4258607134981,-35.16,-176.54,-184.29,255.36,173.98480009951655,2.013436179768308,1.1498637701919303,179.33397655321713,-39.05,-175.05,-183.75,241.65,1.0311013801136857,0.0247876193708703,102.2574783742952,4,2.471515448060157,8,2,117.02666660141968,1.669415164061954,6,4,124.53637446268428,1.8924827211892843,6,4,126.1442545054645,1.7904456987018624
UHOMAJ_#[4],3569.64,3419.53,3531.23,3758.18,360.8,228.47,270.58,583.34,0.974170288895012,0.0105841428957955,48.81966474349287,167.35449534250654,176.16432486728655,2.040988275321541,1.144667995534076,175.45676918713636,-27.23,-162.05,-184.49,264.86,2.0472134353799074,1.1408207747056496,177.9460303760374,-30.72,-167.18,-182.98,258.01,176.3035484022568,2.0470907063440054,1.142656987026291,177.72664963280226,-34.24,-140.39,-80.57,118.26,2.032765264362809,1.1437087522616936,176.15908622079968,-38.32,-142.3,-36.12,63.44,168.22118470395242,1.984042325657394,1.1525262426513334,178.4636221088425,-37.16,-150.46,-177.37,216.34,1.3178861711645495,0.0488990518436214,44.52022839456978,4,2.61492217475014,6,3,108.983234243949,1.8489899377768395,6,4,122.36296735168796,1.954176637359069,1,1,117.05143143083164,1.4058276067854114
UHUFUZ_#[4],3448.1,3264.74,3405.7,3673.87,146.49,151.96,255.51,31.99,0.818585144841971,0.0074942829974789,20.66166805883968,93.32451132944706,175.16299739098164,2.04648661368698,1.141620151363841,174.878920024469,-35.03,-174.3,-178.99,248.19,2.0459130993275347,1.1421684989527578,176.0211663859388,-33.63,-176.7,-178.2,254.01,179.54169967837194,2.0331258569011417,1.1378156353293796,178.14198270791877,-33.44,-172.76,-176.66,249.09,2.0478476774408785,1.1371964562027093,179.009841311493,-33.46,-174.96,-179.08,253.67,176.84292129191667,2.0126966214509325,1.141580746158588,177.60186075627416,-39.61,-177.09,-179.66,237.91,1.0911459715315694,0.0263699869407788,58.49568783510503,4,2.528365060666676,7,2,114.13823917440692,1.6969607479255375,6,3,105.0774437207233,1.881279365219317,6,4,121.3260978039306,1.8245631257920347
UHUMUF_#[4],3386.37,3113.17,3437.18,3608.75,221.64,136.71,219.26,308.96,0.825137282957723,0.0076521508316387,26.425668509022287,107.74836275963112,173.8345733005476,2.05034460518226,1.13269393041545,176.155805196612,-30.89,-169.53,-171.94,248.78,2.050984166199242,1.130512122889445,175.78227552490233,-29.42,-168.48,-170.18,250.4,177.83734518448998,2.04029414055915,1.1535021326378203,178.64698973986734,-35.49,-182.29,-183.41,259.23,2.0394544564662387,1.1455930560194574,177.72343751126934,-34.99,-176.62,-180.0,251.65,174.1289713020112,1.9991807472062144,1.1390679786562352,178.99385763478483,-38.5,-169.2,-179.85,233.56,1.052842835146628,0.0363129899378157,45.209877766124805,3,2.531133992897255,6,2,115.4585696706874,1.6363054604810192,6,3,141.78903962820434,1.8466982725935488,0,0,0.0,0.0
UHUXUQ_#[4],3463.66,3341.78,3428.61,3620.58,102.86,-106.68,170.43,244.82,0.8741598108376389,0.008661889044178,34.61938527346598,124.39792848884495,173.98367287163347,2.043235409834119,1.1302058662031444,173.48429917859065,-31.77,-170.64,-181.47,256.8,2.022127181954686,1.1396041154716838,176.34595354190924,-33.18,-171.85,-176.6,248.92,173.3668577820276,2.0477231013982347,1.1381410018095293,177.86369728950083,-31.05,-172.01,-173.09,251.94,2.033859673133817,1.1304795840704065,174.8202826730321,-31.02,-169.29,-171.86,248.08,174.55257374290125,1.981568270335392,1.1431780001382117,179.19140246966543,-39.38,-173.3,-178.64,233.81,1.0425124414052822,0.0340433616083109,45.91997543202324,3,2.550198613833833,6,3,124.17697061133394,1.6881040133830618,6,3,133.53086131158562,1.8485245521766809,0,0,0.0,0.0
UJABAI_#[4],3579.62,3427.97,3613.38,3697.51,352.11,245.89,354.62,455.82,0.7478113342435213,0.006357924966102,25.22480379336461,102.82742203393164,178.3552098946727,2.0367472842746097,1.156941091845217,178.05192144317067,-37.15,-181.28,-184.43,254.26,2.021549294476888,1.1623126644754416,177.35898979365444,-35.11,-179.88,-184.55,259.08,176.51733964712045,2.022699708310652,1.1626952352185849,177.65045336312716,-36.79,-182.75,-186.44,258.81,2.0506974374587785,1.1359921038457967,176.7143865042493,-31.28,-171.48,-177.57,255.2,173.0818095874739,2.0102980425797567,1.1591613045646405,179.848171000731,-42.29,-181.53,-184.08,238.73,1.1809779966724272,0.0407421499065234,60.62355016781213,4,2.47708515396625,6,3,127.83142211960762,1.8288907512478705,6,3,113.53318670405436,1.8276999398150668,1,1,114.84037685498552,1.4127087774909597
UJABEM_#[2],3867.69,3779.3,3885.88,3937.89,285.36,160.77,273.02,422.28,0.6614565704306812,0.0050503443071112,9.402032265268572,65.19212181757781,179.28747231286584,2.018704745622796,1.1463762820295962,178.7634245429844,-32.29,-175.59,-180.58,259.31,2.035175601760202,1.1404002236057305,178.66525299057113,-29.95,-174.79,-178.05,262.99,177.34532391388203,2.0304074591076544,1.1344816878204778,177.86006350397244,-29.7,-171.97,-178.34,261.22,2.049526645350092,1.136037723845472,178.88195817720484,-29.16,-172.32,-178.49,263.34,178.91490409199406,1.9988690677480605,1.147406819746161,178.5199451256678,-35.54,-176.01,-178.55,247.94,1.0525947455427278,0.0352724702090993,65.77583556461803,4,2.423410646176169,6,4,118.75883301178268,1.879377133520572,6,4,117.28228116716384,1.8677406297449333,1,1,122.80646950720242,1.4179246841775484
UJEBAM_#[4],3224.97,2993.27,3119.15,3562.48,74.7,-82.94,245.12,61.93,0.6967808834013196,0.0055465228006801,20.438217751575703,78.6629338135779,175.8208614116816,2.0694544740099987,1.1293144026355098,176.43472551121093,-27.29,-167.94,-171.29,257.36,2.025024464049756,1.1530364174647731,177.73303234104122,-37.12,-178.76,-182.48,249.89,178.0187363603763,2.033733610874344,1.1427718713724109,178.49552797460603,-31.27,-173.05,-175.47,254.71,2.0650484957985857,1.131673296495061,179.41603741520888,-28.63,-169.6,-172.1,255.81,175.9881798590795,2.0111191262578165,1.1427216546473595,178.4991742404884,-41.89,-179.79,-181.49,235.61,0.7272083629985173,0.0125069637410949,41.732139574427904,4,2.4589445642388927,17,1,108.68550620326025,2.0584401570121003,17,1,118.8112880387328,2.0598701803754524,6,4,119.56997324619518,1.8041066293320904
UJEBAM01_#[4],3224.16,2990.83,3117.37,3564.27,75.49,-82.49,245.5,63.47,0.6958351750889906,0.0055029017118982,20.369809192980767,78.77702425462428,175.88951110457572,2.03331723053733,1.1423750785096816,177.62029522527124,-33.83,-174.75,-178.37,251.63,2.064513032170057,1.1336626217706918,176.53878507369225,-28.64,-169.54,-172.93,256.55,178.06282192587844,2.066476268917696,1.1299585346374443,179.3970888991621,-28.09,-168.98,-171.53,256.24,2.035461650338811,1.1398844064202307,179.12095094781822,-30.57,-172.05,-174.61,254.97,176.05973102808997,2.01328544672632,1.1399502927759615,178.76816104268806,-41.16,-178.88,-180.63,236.02,0.7297393615442871,0.0126152545263055,41.84152845498048,4,2.4601118307914374,17,1,118.8735811216886,2.0575099149214324,17,1,108.6477520087754,2.061023362313003,6,4,119.56127015963098,1.802323492051302
UKOQEQ_#[4],3680.49,3508.84,3683.89,3848.75,263.46,18.12,698.94,73.33,0.6827971505077526,0.0053461105422169,31.108387989521702,106.5974101227508,177.2007109110764,2.059653519405631,1.1232403171182914,178.23249640462797,-28.9,-169.26,-172.74,255.3,2.076757243878061,1.0972944226596617,176.89185371388933,-19.97,-160.05,-160.88,261.01,174.32113145558623,2.0353833398158687,1.1411024187162164,176.8815796045485,-30.83,-173.65,-176.15,257.31,2.0627282079808777,1.091831717802702,178.63517618474353,-15.31,-154.82,-156.02,264.91,176.82002611491458,1.999911950561824,1.141153438412205,179.52599395247054,-39.13,-171.25,-178.8,232.67,0.9250771800318696,0.018038428178887,169.6761366975146,4,2.456565142633104,6,4,133.38376105723805,1.829120392429104,6,4,130.3896748466125,1.81814671575206,6,4,133.57151638544076,1.8722739596544096
UKOQEQ_#[8],3679.12,3533.1,3645.7,3858.56,252.72,15.69,50.51,691.95,0.7253940663800926,0.0061468126842627,28.392123288344848,101.70194768844338,176.17675613253851,2.024308993212252,1.1170767475872,175.55133689264576,-25.92,-165.39,-168.32,255.95,2.066607834108833,1.126103183549359,174.3417110744641,-27.4,-168.89,-170.18,256.87,175.57259090847322,2.032433000125712,1.1408773553717335,177.55147149022298,-30.42,-172.33,-177.05,258.12,2.06308998591918,1.1184571560860077,177.53573054427517,-24.26,-166.03,-167.27,260.52,178.68961061774232,1.9745745491117832,1.147696985270938,177.39558469764583,-39.34,-172.72,-178.9,233.59,0.9329329552110536,0.0182225081300339,168.9942184520333,4,2.467439312323608,6,4,129.62381546471102,1.8253867206704453,6,4,136.0860575814644,1.8791619541699984,6,4,130.747862813681,1.8319033517082728
ULABOB_#[4],3781.52,3697.98,3809.25,3837.32,241.16,114.71,257.23,351.53,0.7033161435604698,0.0055644588975052,23.56414059010397,86.64784837761493,175.91771059903175,2.044293545457696,1.124067422355083,178.59881418906366,-29.15,-170.73,-173.42,256.7,2.056848098426328,1.1266798569247602,177.64737015063963,-27.88,-168.91,-175.41,260.69,175.54400393932175,2.03409985251462,1.1361538364147696,177.22762103893334,-30.55,-172.39,-177.66,258.39,2.056488076795001,1.1065962497677275,179.2195753431709,-20.41,-161.37,-163.51,263.64,175.6186328509027,2.025221089165329,1.1280824260664644,175.27394629959514,-34.45,-170.6,-172.31,239.57,0.927410125937729,0.0179092245264281,73.03219015514942,4,2.465379818608077,6,4,120.05350803291688,1.8417382251557903,6,4,123.70582318545937,1.8377915170116552,6,4,117.9915341988072,1.8617894617813264
ULABOB_#[8],3781.32,3730.53,3782.68,3830.76,257.41,137.38,282.42,352.43,0.7502222515405235,0.0063932420236366,21.6224800295402,96.281619144256,178.3959726417309,2.03059555057131,1.130298416348532,178.29912065189157,-27.31,-169.12,-173.43,260.63,2.030287802258586,1.129204507607014,177.08345789917507,-28.54,-171.06,-171.61,257.04,175.21357129796297,2.057285271905674,1.10335543230638,178.10446923395503,-19.96,-159.24,-164.02,263.38,2.0197149526603995,1.1384178714338598,176.16016883285158,-30.62,-171.25,-175.92,255.32,176.43809252433402,2.0127868640270883,1.1204243526450142,177.77079094487922,-29.83,-166.86,-167.99,245.38,0.9506800972274904,0.0187652644215747,73.07891611300008,4,2.480267439208925,6,4,117.00273165644342,1.8352753172208247,6,4,120.9072229941112,1.840401861007536,6,4,124.13161760710298,1.8637649449434333
ULABUH_#[4],3655.11,3542.88,3699.15,3723.3,239.14,272.52,362.26,82.63,0.7524004228133636,0.0064069950004917,30.78331233014704,116.8097216366206,175.55664863741865,2.03848988469406,1.1331671809578665,175.75931759920792,-29.99,-170.45,-177.8,258.29,2.0452433449347778,1.1390729432305908,177.65861784216557,-32.61,-174.4,-178.22,254.79,178.06207228148617,2.0369781172118664,1.1154796008892314,178.55316318760293,-24.32,-162.65,-168.1,257.8,2.064145583528449,1.1196472390891692,175.68978067811054,-22.33,-161.44,-166.88,261.33,173.27351618447895,2.0048923212980787,1.1309403963074265,178.291454911124,-35.31,-171.74,-173.92,239.74,0.9281219737361206,0.0178091064381109,76.29102822098582,4,2.489390104021465,6,4,113.50291531251844,1.8535794857518249,6,4,129.603540342973,1.9273155683488896,6,4,120.12868552615606,1.8310313104914409
ULABUH_#[8],3727.74,3633.76,3753.23,3796.23,223.37,263.59,338.6,67.92,0.7398223564562407,0.0062260311745464,19.35416254618372,81.68540370924131,177.42281925436427,2.041469262565567,1.135547198490665,178.78279162243277,-32.58,-174.8,-176.21,253.28,2.040141421568612,1.1327911413848544,177.69506746603145,-29.41,-172.36,-177.32,261.46,175.71118360186532,2.027259406193494,1.1408473429867825,177.06549074569028,-32.17,-174.35,-178.0,255.83,2.0557559096351885,1.1148977755830345,176.3219847933717,-24.38,-164.19,-169.32,260.37,178.24222397565947,2.0014273981336403,1.1364431266015953,177.90049776484807,-35.21,-172.78,-174.89,242.04,0.9411974981415558,0.0184397847099631,69.99480557783843,4,2.477104093493045,6,4,120.2875452183989,1.8222814189910392,6,4,125.38508228416144,1.879932445594788,6,4,114.94394579049153,1.846703419610198
UMATIL_#[2],3553.23,3392.01,3579.85,3687.83,286.75,133.4,139.13,587.73,0.7262538088013604,0.0059789390343651,32.08652947064353,112.30858215914432,176.68463838347546,2.0440274288766287,1.1334264201967408,178.98833685361237,-27.21,-170.38,-173.34,262.08,2.0639482285173734,1.1293083059997389,174.3953996182063,-28.0,-167.78,-171.71,255.5,175.55708526216978,2.0575068262341203,1.1319160790447316,176.1631263490389,-27.7,-169.2,-172.93,259.04,2.0546631889436275,1.133743965805332,177.5030521325842,-30.89,-171.04,-177.4,255.78,174.54604862986614,2.001204090041793,1.1471226394767045,179.11988791391485,-38.45,-174.36,-180.39,239.41,0.8269054235739068,0.014100245059434,136.0361706297552,4,2.480022237803524,16,2,113.078065345025,2.096773955389565,6,4,140.75257680965316,1.8783238432176703,6,4,134.55495089717945,1.871566926401512
UMATOR_#[4],3700.42,3605.75,3700.13,3795.53,148.49,187.35,209.23,48.89,0.8430068734837246,0.0082416875509392,33.88736348254373,124.87526311252518,176.47317508021715,2.0285995760622644,1.1353723045767854,175.60202764472817,-29.98,-169.93,-178.06,258.06,2.003970533715504,1.19326259892783,175.98490450401357,-43.61,-192.96,-194.55,256.68,170.74700568393405,2.001281561899774,1.1650439219188264,170.05852933674956,-35.16,-174.29,-178.8,247.62,2.023582303737608,1.1278618222105046,174.21436942625803,-24.45,-160.88,-167.32,254.86,175.55976737343963,1.9646802233442464,1.1608564639954422,175.5181259925408,-42.17,-180.3,-182.17,235.96,0.8249300440383363,0.0143552734401081,68.23427090289364,4,2.5102269638421144,16,2,107.63050333705354,2.090222366161074,6,4,123.66781650261908,1.8791589954019323,6,4,127.04606215249594,1.911439441886664
UMIFUR_#[2],3318.36,3001.31,3377.84,3575.95,110.75,-48.51,156.71,224.05,0.7827860805178459,0.0069132462758507,24.816208053752803,100.41718019030635,178.93682422793216,2.0305035483839955,1.1443128636872004,178.22030771165245,-34.53,-175.52,-179.48,251.41,2.058493745436211,1.1321294890603284,177.25271808970237,-27.92,-169.0,-171.08,256.32,176.3134448588918,2.045403593426001,1.1361592758059935,175.87273801665177,-32.49,-172.5,-178.99,254.03,2.0372716878217303,1.140703436481191,177.7899715688063,-31.56,-173.91,-176.03,255.27,174.17103062106946,2.006133011542356,1.141354677565216,177.55576236422175,-42.03,-178.74,-179.86,232.51,1.093896709372434,0.0183322202951278,45.4213538881355,4,2.5052327656327664,35,1,105.1983623869478,2.269331148157976,6,4,117.34240792276223,1.822036127523272,6,4,122.826033859423,1.8586310768950365
UMIGAY_#[2],3393.03,3169.48,3402.15,3607.46,196.28,-42.86,305.53,326.17,0.6945838857730395,0.0054501489273002,24.030587613456063,86.48405588574886,175.82046951539084,2.035267662986862,1.1412115009935706,178.35807162186808,-34.49,-176.9,-178.59,252.01,2.05015473074595,1.1362906802398751,176.54996932025853,-30.43,-173.03,-174.59,256.34,177.74629833095696,2.053061784262715,1.1337435953512591,177.99527293183786,-29.47,-170.91,-172.85,255.34,2.043595238788737,1.1417401893600854,178.4247425056319,-33.26,-175.5,-178.61,254.33,175.67055281090026,2.0181674707516235,1.140901389253251,176.30280843816092,-39.67,-175.26,-179.38,235.65,1.4620531760543574,0.0406073218766723,50.60240691181207,4,2.456799708971001,35,1,116.47786126686518,2.239480861717733,6,4,121.56957079959815,1.8176941299349567,1,1,113.51661924004314,1.41653326469942
UMIVIW_#[2],3470.88,3214.49,3554.84,3643.31,195.11,-11.32,250.34,346.31,0.702955117393933,0.0055680359854314,20.25549751701241,78.74530739073627,177.2676234137861,2.047246269992939,1.145661782551901,174.24531726457064,-33.53,-177.56,-179.35,256.32,2.045743075266296,1.1476628816860812,175.50309994804573,-35.28,-177.01,-181.83,252.99,178.39062310046756,2.035909966083962,1.148887470555755,174.556093360399,-34.29,-178.81,-181.63,257.58,2.032213517325382,1.1466041339538244,174.36008885494803,-33.9,-176.37,-178.3,252.98,178.15124790717394,2.029181800628028,1.149942072454086,178.5044781042854,-42.22,-177.49,-182.79,233.62,0.8895495872750214,0.0163343382873149,59.122936998666646,4,2.4598319962956814,17,1,112.0239264513618,2.07686642083693,6,4,122.40398420098592,1.7893428765890569,6,4,121.7380190675308,1.8578059532685327
UMIVIW_#[4],3410.17,3228.69,3321.83,3680.0,161.64,-10.45,217.52,277.86,0.7008655341429026,0.0055236829403508,27.50310413486904,110.94771143916635,173.89563637582995,2.0453641876203856,1.1457027581358086,176.70840009438828,-34.66,-178.5,-179.36,253.87,2.0439537323530583,1.1437247789568965,173.14290362147597,-34.64,-174.75,-180.24,251.05,174.74879712579363,2.0333616451580863,1.1520094530862146,171.74349629133667,-35.83,-180.08,-181.06,253.65,2.0369139427084293,1.1390843779106106,176.56591468990075,-32.31,-174.13,-175.51,252.71,176.78497889084986,2.0369896489673174,1.149353992467072,174.59697942717605,-42.82,-179.04,-183.99,234.56,0.7389497149443025,0.011318196183885,56.78077943825963,4,2.4598359518471966,17,1,113.46935580577828,2.0695022879910043,6,4,122.43217104766072,1.908601396310922,6,4,119.02473195466202,1.9235047413510584
UMIVOC_#[2],3592.95,3494.43,3578.09,3706.33,85.09,-95.33,315.85,34.75,0.6459319709090661,0.0047123560574149,16.17250132336636,69.4137485904488,177.0439949518988,2.04614071119266,1.1373777692569864,178.6689876214606,-32.55,-173.36,-178.85,254.57,2.042516518905049,1.1433247307742456,178.60610867830704,-32.01,-174.3,-182.19,260.46,178.5725148411013,2.036658687654856,1.1529318193197726,177.8527613673739,-37.15,-179.96,-185.44,253.94,2.043156582349967,1.1371914570554955,178.99292257770963,-31.14,-175.81,-177.88,260.26,176.4872646401072,2.033318081363562,1.1329121457553546,179.02380486557783,-37.55,-173.88,-179.77,241.02,1.1114136573072748,0.0309915316410099,48.53817064522052,4,2.4279172988386577,8,2,119.4726352758901,1.6329959063022796,8,2,112.84931577625576,1.618034057119935,6,4,118.9801383519133,1.8098946184792088
UMIVOC_#[4],3598.7,3474.03,3573.52,3748.54,127.36,-9.77,350.9,40.94,0.6615571181527695,0.0049623175313533,23.232234765752807,78.77836651571387,173.70097838258374,2.0436854968414293,1.145881935454085,176.07100458782006,-33.41,-175.83,-181.8,257.38,2.0321049333142227,1.1463590231685712,176.37212531925536,-35.39,-179.16,-180.66,253.65,178.56881660446163,2.037724637923388,1.139468003061077,178.30863635522613,-32.69,-174.44,-181.13,257.49,2.045127264988661,1.1312742682479768,178.11474202477444,-29.12,-170.85,-175.71,259.2,176.9011318852314,2.023244135046486,1.1366436292875612,178.76707830498867,-38.94,-176.65,-178.46,238.28,1.128873614829498,0.0322200009733066,36.950492435126,4,2.433311564514499,8,2,111.59392381623972,1.6171131469380853,8,2,114.39103832445193,1.6143471342929938,6,4,119.94778938907235,1.8107271826534217
UTIJAJ_#[4],3458.97,3342.95,3419.85,3614.12,20.13,-314.1,286.0,88.49,0.7012700495752759,0.0055457681193044,28.282341714815644,102.96331552023663,174.24585818005784,2.045672278249866,1.1406499989041332,176.50189579706517,-32.96,-175.7,-177.96,254.76,2.0400922552669045,1.1422085186164552,174.98856825168826,-32.64,-175.07,-176.89,254.04,176.9994333227679,2.041589826581235,1.1434071934354806,176.06740996511022,-32.65,-176.14,-178.31,256.5,2.0591242288895537,1.1377021754396002,179.7445978540206,-29.9,-173.91,-175.89,260.11,177.11779849778256,2.019777448136304,1.14620351159818,178.41616004966832,-41.58,-182.03,-183.51,240.79,1.1193744097426777,0.0295079546142823,60.793743259592574,4,2.462013237169939,8,2,118.76651127468146,1.6746171323619017,8,2,114.66769704244574,1.6774604436468834,6,4,122.05283403925392,1.7952133160156771
UTIJIR_#[4],3460.52,3351.6,3409.95,3620.02,7.68,-342.41,280.76,84.7,0.6963366066937571,0.0054551752701911,25.928101993181954,90.18111357770198,175.41166723209474,2.050122430490433,1.1373614421106422,175.8185545811284,-30.37,-173.33,-174.97,257.2,2.032127953648588,1.1473663887355257,176.7660521031952,-33.64,-176.15,-178.93,254.16,177.607865675761,2.049597645880771,1.1393197707404188,177.4184398110161,-33.28,-176.01,-177.81,253.99,2.050303789685811,1.1429271630335864,177.67756628027158,-32.15,-177.16,-178.55,259.26,176.4846645313078,2.027993819024111,1.1313559033301592,179.57315524373809,-35.75,-175.66,-176.63,245.05,1.1164585615537157,0.0294622599918472,65.40060483833564,4,2.459831091762197,8,2,115.12221753629656,1.66719860244663,8,2,118.7472270037926,1.679871498061682,6,4,123.571883389795,1.7995060516708474
UTIJOX_#[4],3432.86,3176.69,3430.84,3691.04,222.67,267.12,336.85,64.05,0.8452966575756755,0.0079308522349619,34.06013240262986,121.83436300078677,175.0784703863491,2.056592604285059,1.129293668626544,176.667282099414,-29.4,-167.69,-176.51,255.99,2.041962901230088,1.152693198557188,175.2684091607541,-39.95,-179.41,-184.71,244.27,171.13880761599577,2.0479782493962184,1.1366775004371297,176.14898914823087,-31.01,-171.12,-175.82,253.92,2.067403332685714,1.1244971276086035,174.33733048344777,-29.05,-168.78,-171.04,252.67,177.1438088915763,2.0145709865874664,1.130640964232236,177.51812540035354,-36.08,-173.72,-176.02,241.5,1.1485967654740106,0.0288922988059324,50.91359695775736,4,2.5528796093823147,7,3,111.57750593438402,1.695382189950101,6,3,107.47578438921794,1.837427963213796,6,4,129.0626984563991,1.828635144035026
UVETEW_#[4],3602.49,3533.65,3579.09,3694.73,252.74,205.07,225.09,328.07,0.7968839423667284,0.0070897880039381,7.848958951402963,70.81738040878875,178.71452584654085,2.0457773803618022,1.1386933652217357,179.65414659251883,-32.56,-173.25,-182.11,257.66,2.047651107977138,1.1354329086300077,179.64688869256253,-29.74,-170.16,-177.65,258.59,178.0497510236149,2.055676380172716,1.138358137845907,178.63596392365827,-33.02,-174.72,-182.14,257.79,2.044487764698044,1.1420272588690694,178.98078491987417,-35.89,-175.07,-185.32,252.72,178.79239511982584,2.015396149644036,1.1435376076019537,179.56079837247262,-39.45,-175.4,-182.05,239.09,1.0277107217420212,0.0218780672897299,42.77597185386966,4,2.5199281219907834,6,4,116.3883792774504,1.8433938971364752,6,3,117.8118095936822,1.8318733444209512,6,3,114.453735800207,1.8290956809308805
UWEKAK_#[4],3560.26,3423.75,3546.79,3710.23,271.74,223.98,259.91,331.33,0.8330536817392669,0.007781042722962,23.67151060375912,104.63248621977408,176.0136292773811,2.038556599655747,1.139461631648912,176.7371166317216,-33.66,-173.36,-180.85,253.23,2.054144028543276,1.1351804966612136,178.089093621128,-30.6,-170.74,-177.96,256.88,176.3676600551094,2.039254554978363,1.1629348219053377,177.89588654690084,-39.47,-182.75,-189.69,254.02,2.049776319504155,1.1375473308834232,176.74395877518396,-34.68,-173.04,-182.61,251.6,174.96393046754756,2.0024223480574723,1.1439866695027523,177.3545551219287,-39.02,-177.69,-179.34,239.97,1.0539440829655229,0.0229356262519943,41.26514200038143,4,2.536662979191363,6,3,116.21470959369518,1.8211253471411573,6,4,118.23976180146904,1.8435652198932369,6,3,113.4830931809851,1.8374102046086496
UWEKEO_#[4],3635.96,3504.69,3668.53,3734.67,233.67,163.99,216.99,320.04,0.8001368377744134,0.0072447310954258,28.300791164930388,105.50279795685256,176.90690894523635,2.050244319587302,1.1360399728882775,177.04087967354454,-29.13,-170.01,-178.24,260.86,2.0408766841727606,1.1408689582945093,178.5450452140395,-30.75,-173.1,-177.79,258.63,176.10200480088577,2.0360649154680703,1.1396898262246618,173.95289047694385,-30.69,-170.71,-177.5,256.14,2.049705505676364,1.1372022379506648,177.49515294976257,-31.44,-172.13,-177.43,255.23,178.33958973301762,1.9934241545642009,1.1523937434748597,178.31287814977225,-40.53,-179.63,-181.0,239.04,1.0360870133736089,0.0224571480812407,52.05345800089235,4,2.5141452185583875,6,3,120.2090896796908,1.8302931950919767,6,3,114.0083013179968,1.823045290166978,6,3,118.0564834756466,1.816923143668989
UZUGAZ_#[4],3651.83,3578.5,3612.08,3764.9,307.72,208.15,349.64,365.36,0.7973544206278584,0.0071924032919677,25.851294504169232,106.94848497597478,174.4694907583208,2.029865552197977,1.1426155302637897,175.85475579849893,-33.84,-174.92,-180.45,253.85,2.034421079816074,1.1373918849719302,177.4428395789891,-31.46,-172.56,-178.41,256.58,174.60493463373186,2.0421899421944087,1.1330907863009023,177.14530230422753,-30.69,-172.48,-175.7,256.13,2.04289523226229,1.1261629899796923,177.55988392085692,-28.01,-167.71,-173.33,257.0,177.77337899931698,1.9990697161429865,1.1439998251748127,177.09366917201763,-38.19,-174.9,-179.98,240.3,1.2422670874720567,0.0431267306180742,58.02426448687869,4,2.5081009568994626,6,3,119.7211589095301,1.811640723211972,6,3,118.00875332569264,1.8061610144170424,1,1,117.5221929624992,1.4219669581252588
UZUGED_#[4],3739.69,3686.68,3737.45,3794.93,294.49,155.96,346.54,380.98,0.7646710282142015,0.0066050957928041,8.495708834820618,66.26034489375557,179.74706030776957,2.046821550599854,1.1346465969631263,178.8492481693848,-28.25,-169.0,-176.37,260.62,2.037846051594673,1.1336748828478125,179.324633786162,-28.78,-171.12,-175.25,260.03,178.1153676899188,2.0541229004127284,1.1220299327558068,178.57735349430146,-26.45,-167.66,-172.56,260.89,2.038763777390603,1.1371441817113603,178.7070003831983,-31.41,-172.54,-178.8,257.09,179.49009888542787,2.003923266994024,1.138954630351884,178.3354457540526,-37.03,-175.05,-176.11,240.06,1.2178999982983263,0.0418276400450869,64.38294575883214,4,2.495098126326898,6,3,123.61619902561382,1.820775312881853,6,3,119.35564658135722,1.8046023994220992,1,1,115.33332605151377,1.424116670080089
VACLOB_#[4],3414.53,3293.13,3358.44,3592.03,183.89,247.75,274.58,29.34,0.7797656417109704,0.0068008724064071,34.12880237640189,145.9005397145423,175.7933756434086,2.0888631980098644,1.1076927100960825,178.95113506475005,-22.32,-161.41,-164.82,259.29,2.059204645002532,1.1332935233204156,176.65663447505136,-35.61,-172.65,-180.21,246.02,174.55152758273687,2.058809243227745,1.140930602622263,176.03224877761798,-33.21,-174.28,-179.45,254.1,2.0398838618901807,1.1300670112873836,176.81722871098043,-32.0,-170.76,-175.32,250.06,169.65927230588258,2.016816848402452,1.1405889268268403,177.0601861062206,-39.54,-175.4,-180.04,236.81,0.9648837038906544,0.0185646628797576,54.517728922051646,4,2.5205749443331382,16,2,104.21854546823263,2.1062447388658336,6,4,131.02768761097633,1.842785174674464,6,4,112.5592016261599,1.819150804633854
VACMES_#[4],3459.18,3312.88,3433.92,3630.72,188.64,251.76,276.48,37.69,0.8320619374491716,0.0078182141371266,35.08149374731636,148.5498270463533,176.86511761137868,2.027530221722972,1.1634622512140222,176.7758339709307,-37.66,-181.44,-184.44,252.91,2.0407180549992674,1.1401652599513814,175.89838555595026,-36.39,-173.7,-181.24,245.77,175.15942750071548,2.0307037130019743,1.174917622644243,174.63397676150345,-43.38,-186.83,-191.94,248.63,2.029254077241189,1.1379596346092429,176.2673986522858,-34.35,-173.1,-177.64,247.68,168.72968859676533,2.000092842845053,1.156999745030222,177.936004163611,-43.99,-180.16,-184.8,232.98,1.0981868945562585,0.0192466626878461,55.89551222668888,4,2.5248969444315934,34,2,103.99553165857776,2.242471870503618,6,4,131.6924502060771,1.857899730878929,6,4,112.5348347788527,1.811282189500024
VAJPEF_#[2],3598.05,3460.83,3642.12,3691.19,239.91,198.13,213.68,307.93,0.8262826058008765,0.0076413940728828,24.455658731388183,96.76028287056356,176.88601633267342,2.0484840468014385,1.136955434482812,176.5861995934471,-31.13,-173.0,-177.55,257.14,2.0427230380058874,1.1404673208821017,178.45203822632752,-34.14,-176.61,-179.6,253.79,175.60495721393175,2.0447083068252048,1.1373001802514588,178.17436927133295,-32.59,-174.8,-180.3,257.35,2.046170076020075,1.1387976290807778,177.92476419476557,-35.0,-176.15,-183.26,254.41,175.60218964119989,2.005819446012029,1.1417970441370038,177.95428390229222,-38.93,-176.28,-179.02,238.49,1.0467118219216434,0.0226625362000175,36.57679273475056,4,2.5333505462134527,6,3,116.71634812850289,1.8215597217769168,6,3,110.2137415862445,1.8617504263461309,6,3,118.80040061596374,1.823317846674024
VALCOB_#[2],3584.21,3481.34,3576.88,3694.41,153.74,160.53,228.86,71.85,0.8393837778291351,0.0079352806118042,36.81428402529704,138.2583929293335,175.5711818310072,2.04145768263758,1.1348447867439857,179.10402662097636,-29.98,-171.45,-174.37,255.87,2.0174339468740983,1.1489255937614058,174.57540854568728,-36.81,-176.51,-183.27,249.34,179.2354526110691,2.0347959062274525,1.1420755404087768,176.42519573253782,-34.67,-175.71,-181.95,253.65,2.0520669701547263,1.144229788984713,178.0029205333562,-32.98,-176.29,-180.88,258.23,174.8858514705647,2.004990768058547,1.1447104830480066,177.44388903824273,-38.71,-178.41,-178.77,241.04,1.095799656827126,0.0266550710570073,51.91838475568561,4,2.5337793214879625,7,2,107.57606739281763,1.691404262735553,6,3,118.78156621678076,1.8321637754305709,6,4,123.60819521377924,1.8861706126435112
VAPQUB_#[4],3389.6,3150.67,3473.41,3544.71,126.83,-22.07,153.25,249.31,0.8049239887024155,0.0072340430057752,31.43923686232145,118.04547243048358,174.05467664054686,2.047520104907398,1.1407625563630666,173.3094150536058,-32.56,-173.3,-178.94,254.57,2.051323038919029,1.1394484894017811,176.96570743741495,-30.17,-168.41,-175.24,253.14,175.25763862614588,2.043038330526376,1.1437372119503677,176.22100720414443,-34.08,-175.18,-177.99,250.93,2.042552018921428,1.1419437902103589,175.18260583751325,-33.69,-175.26,-181.85,256.05,178.79422405687896,2.0155847786684635,1.1401876556076196,178.09197096659392,-39.74,-176.65,-182.0,239.42,1.0363195826305516,0.0260221577534294,58.09762234848873,4,2.522958047609988,8,2,109.80549126848284,1.6323718387671369,6,4,123.45655702484456,1.915430322407996,6,4,121.50886619515532,1.9484328163937283
VAPRAI_#[4],3399.01,3200.58,3457.29,3539.16,132.44,-16.53,157.45,256.39,0.8283002124217145,0.0077226606402103,32.727658051013535,111.32591412707276,174.511905037682,2.0295719179176683,1.1540550680101878,175.014631350571,-32.77,-171.89,-177.53,251.13,2.0310912608743115,1.1543490503309648,174.73219494173085,-35.77,-178.06,-182.81,253.57,176.73388029482095,2.042174008256887,1.1462201315628684,176.0643817384344,-34.42,-176.72,-183.14,256.59,2.043874913002261,1.1491941741933778,177.91731420472956,-36.15,-177.96,-181.28,250.81,177.23405546324716,2.003655334632182,1.1488375037401934,178.49743661328156,-42.37,-180.19,-183.63,236.71,1.0411500799046935,0.0260313297770412,61.70116635114076,4,2.5270536143896902,8,2,108.1675703292982,1.6389571348879135,6,4,121.84946966510668,1.956606025749691,6,4,125.19295658961866,1.9032975227220792
VAPREM_#[2],3443.06,3233.15,3514.2,3581.85,102.39,-77.64,143.24,241.57,0.7705717333123565,0.0066125016147721,27.791044579049853,99.58770441581592,173.35336914645103,2.0464728534725305,1.1348283879071757,175.02444498414434,-29.01,-170.38,-173.34,256.68,2.062798247526888,1.1291145247493717,173.99289105068672,-28.28,-166.3,-172.56,254.01,175.34656859983775,2.054473774473649,1.137326074615367,177.28071097867206,-30.97,-173.29,-178.47,258.85,2.0436533879305463,1.13889913513006,176.23848239187512,-32.21,-172.37,-180.69,256.42,177.4678938390699,2.0253006122548816,1.1310611345104205,178.40651345172708,-34.84,-173.3,-176.06,244.83,1.026617767415204,0.0253680707732467,57.539727289121046,4,2.5088828151191134,8,2,111.68299632632342,1.639561194344389,6,4,120.02772797799848,1.8896081974843344,6,4,122.63760530262364,1.9442435186982088
VECHES_#[2],3572.94,3456.32,3586.05,3676.45,141.31,-102.64,232.1,294.47,0.7303142214663452,0.0060086135126649,25.062096115345938,87.65843543553048,175.20850509320377,2.048957661836866,1.1348293748401124,175.71791327429898,-29.99,-172.79,-175.33,258.15,2.050311608024498,1.1431314053948485,178.54883637902233,-35.34,-177.17,-182.29,253.43,178.85373999015735,2.048455269221176,1.12911212463599,175.72755434191117,-25.82,-165.45,-170.92,258.91,2.04490889283606,1.1423415251140965,178.99579039129344,-34.47,-175.09,-179.73,251.4,175.5299762166143,2.0115612667776244,1.145565720506685,176.7888807751735,-41.96,-178.5,-183.2,235.8,1.272913894982583,0.0452372998327695,49.52134154606331,4,2.479027472619052,8,2,118.47387297926402,1.6519318660283784,6,4,123.40314681192191,1.8114124985767328,1,1,109.49443011541088,1.4279102632868774
VECHES_#[4],3575.19,3459.52,3590.71,3675.35,147.6,-94.27,234.27,302.79,0.7388671403531162,0.006141651159854,25.46097781833879,91.92511656831836,175.5347342370037,2.046530112165467,1.1407417279998142,175.66160390388018,-32.37,-175.84,-178.49,257.22,2.0540318936180126,1.1355638819546878,178.64945420601768,-33.07,-174.26,-179.69,254.73,178.58522507097814,2.046600635199745,1.134396782435495,174.52650571720585,-27.41,-167.13,-173.53,258.45,2.043030995849059,1.1403206917354425,178.8677524613977,-34.32,-174.47,-179.4,250.92,175.70039985671124,2.0133794376619623,1.1430561359793316,176.56194908527013,-41.79,-177.56,-182.91,235.1,1.2850881813128827,0.0460491578420468,49.1475633781359,4,2.484034899110719,8,2,118.03415186301714,1.646651134879516,6,4,123.72828519177229,1.809448440823888,1,1,109.4611066710659,1.4258287590029872
VECHIW_#[2],3536.25,3400.23,3501.84,3706.67,159.51,-82.79,238.96,322.37,0.7578240587107077,0.0064498223581909,18.47408671322956,89.77866380737584,176.98376530597875,2.0413977319474035,1.1432269459735456,176.57783053669425,-35.37,-175.86,-179.82,249.58,2.049360187961111,1.133253885940833,178.50744244865453,-30.04,-171.69,-177.89,259.45,174.84666153805227,2.0432401743309567,1.1516012591170606,175.60597757275562,-35.03,-176.18,-180.6,251.7,2.0243540821704094,1.1544120148369903,179.55091230517507,-35.29,-178.3,-182.38,254.82,178.24015914481845,2.0270455199624897,1.1344603518854246,177.81041954889372,-38.49,-175.15,-178.73,238.41,1.2950699024037486,0.0468219656422027,45.05011311316669,4,2.491773974500897,8,2,119.01812547631536,1.6573287845204407,6,4,117.06142869421868,1.8097355746075168,1,1,113.54028684787738,1.4181177595672372
VECHOC_#[4],3613.34,3525.67,3565.22,3749.13,156.63,-53.54,223.87,299.57,0.7322894644610862,0.0060500961930022,15.84847499673549,80.13484934964828,176.6107652461211,2.039158341080946,1.1416738369604529,178.13397381848552,-32.5,-174.56,-179.53,256.61,2.0236466737056635,1.1523538085154237,177.61558781732745,-38.01,-179.12,-184.7,249.78,178.2725371072908,2.0356153688749754,1.1457855776714936,178.66279861653263,-32.76,-174.81,-178.67,255.21,2.053739345681433,1.130974911304402,179.0637383682056,-30.24,-171.06,-177.02,257.35,175.95960184489516,2.026236318892739,1.1423849832696509,179.42551666580442,-40.92,-178.16,-181.16,236.57,1.2820384343335276,0.0459111273067816,48.89639709991485,4,2.475052888323803,8,2,121.39477043801102,1.6208481915342967,6,4,120.37686471259016,1.806994748193807,1,1,109.52493849979312,1.4332388565762515
VECHUI_#[2],3558.82,3410.04,3592.1,3674.33,117.69,-89.82,186.62,256.26,0.784497746492923,0.006929385673227,26.24583362738221,111.14681310361516,177.40177417637076,2.026774010589241,1.1481655194265323,177.75743358264998,-36.81,-177.79,-182.26,249.62,2.055211972035976,1.138915997780346,175.60200087036253,-29.26,-169.51,-175.47,257.21,176.2468538087347,2.037948757942652,1.1506575554872966,179.53415989475164,-34.89,-177.73,-182.86,255.91,2.0341058600771,1.1508222929714216,175.4616535987399,-36.52,-178.58,-185.11,254.12,175.28836476217413,2.015155946819005,1.1421101260386406,177.1402815881377,-41.02,-178.46,-181.36,236.77,1.115925327546644,0.0286247383887316,44.306267924278615,4,2.504537957388548,8,2,114.80263419885918,1.6488054008887774,6,4,119.05546752275608,1.8192123048176647,6,4,115.27599227029287,1.8137455113659129
VECJAQ_#[4],3410.58,3170.69,3429.89,3631.16,57.46,-95.41,236.02,31.78,0.7204500421177875,0.0058787407491516,20.158238888614136,86.06575749901688,176.65502300248835,2.034805096317581,1.136221430883963,176.47558162445273,-29.62,-172.38,-174.71,258.25,2.06141664153562,1.1323241364556351,177.78483762310935,-27.69,-170.56,-171.41,258.89,176.40466215993354,2.035058606035709,1.1459063923375234,177.80761913944448,-34.04,-177.88,-178.7,254.47,2.060730377802977,1.1358786642947385,175.96356844479573,-30.55,-170.9,-176.81,256.05,175.86682182297756,2.011709673387292,1.1451137410755312,178.68242951809745,-42.56,-181.1,-184.86,238.29,1.147583759246388,0.026242689508083,49.824382152686994,4,2.4730141042865075,17,1,114.07417351357375,2.091857569243184,8,2,117.47878626515862,1.6188243450109094,6,4,120.18672023407588,1.7984635692723945
VEKMAB_#[4],3566.96,3337.36,3656.18,3707.33,280.16,222.84,244.65,372.98,0.7534165482854243,0.006403878627467,16.711334412430602,80.26242826065608,178.20751367847808,2.03414158799234,1.1456133466401306,177.3464430424669,-35.21,-178.15,-179.75,252.26,2.062592031886093,1.1326714881200108,179.48948921142994,-26.03,-169.77,-173.02,264.71,179.22769833119406,2.0497875889955046,1.1384019764564708,178.2767165362849,-33.28,-174.56,-178.34,253.06,2.050864846839011,1.13659450113046,178.60703014130706,-30.84,-174.73,-177.24,259.43,175.6203542270858,2.007606886320128,1.145235250941919,179.4177521583582,-39.91,-177.55,-179.41,237.24,1.4899713137917618,0.0421516564349873,52.07726049640077,4,2.4930485173778707,15,4,119.03937325751502,2.2352743120252603,6,3,117.02681948841052,1.8199142452324493,1,1,116.58097649082944,1.4184372703789194
VEKMAB_#[8],3573.82,3385.92,3650.7,3684.83,280.91,225.78,242.8,374.16,0.7652300975200004,0.006632314996756,29.0490922143332,111.8410959678456,173.61732381248956,2.0373235310082687,1.136511878512495,175.64295213449867,-27.94,-170.48,-172.92,259.57,2.053953215143909,1.1382687248624546,174.78756195045,-34.84,-173.05,-179.4,247.95,175.4494222808553,2.0619941173533936,1.131316198063122,178.06510501848297,-29.13,-170.02,-176.77,259.41,2.0281048937370083,1.1452138490255863,176.3069876536674,-34.33,-177.94,-178.37,253.32,175.04324489980914,2.0038230311082863,1.1452276542242594,179.2324372129096,-37.97,-175.82,-178.51,240.42,1.4941912486577271,0.0422963828551512,60.35958079305777,4,2.496177816182173,15,4,123.5851832803012,2.2352743120252603,6,3,118.71061311389552,1.8177183335159488,1,1,113.75274650964488,1.419542546033757
VEKMEF_#[2],3606.76,3516.14,3642.56,3661.59,327.79,238.01,335.51,409.84,0.7586520845033924,0.0064900124606681,10.978666051521415,68.84001639024352,178.13323567235548,2.054969600748391,1.1325609784907829,179.17733199108338,-30.73,-171.35,-176.27,255.43,2.04421690140748,1.138532972732894,178.42053892975002,-30.81,-175.15,-176.53,259.25,178.8779131011418,2.054498666341743,1.1385689834173425,178.917810312759,-31.4,-175.2,-177.99,258.99,2.0313334561317102,1.144900393047361,178.7302184190618,-34.6,-176.87,-180.79,253.87,177.61646489847712,2.0091486978319946,1.1435567366772843,178.88629892511497,-37.15,-174.53,-177.02,240.1,1.4612306277859743,0.0417424747578625,54.77744255402381,4,2.4940247151942985,15,4,119.82339271709448,2.206031715547172,6,4,117.71994567931286,1.8224461857624217,1,1,116.39904961746186,1.4163796171930745
VEKMIJ_#[4],3628.1,3447.71,3656.63,3779.96,248.35,120.07,270.65,354.33,0.7573422356128763,0.0064742747932719,21.353880549027863,92.80978261744224,177.6456757619922,2.053480650018403,1.1378834298819895,178.93085239358106,-31.87,-174.33,-177.61,256.33,2.024241944531334,1.146725498975235,178.4435526810145,-37.96,-178.61,-187.19,251.93,175.4852393495853,2.038887721283348,1.1444400115340247,176.0760982517527,-34.0,-177.08,-179.54,254.63,2.060369884268356,1.1330827904438403,176.58735904847268,-28.41,-169.15,-174.47,258.39,176.01638447125367,2.013834402328055,1.1449555231536297,179.3678851296086,-38.83,-177.85,-180.51,241.88,1.3503819623790465,0.0492949983769662,42.35251708688197,4,2.492568261853625,7,3,120.08374100123692,1.683496023161326,7,3,112.2578361794947,1.67110647775658,1,1,116.18998461045578,1.422338359884876
VEQQUH_#[4],3433.74,3328.11,3402.16,3570.95,52.35,-229.68,134.56,252.17,0.7930592971001287,0.0071157447917752,25.99683954779641,99.59016441211716,174.02720205267266,2.043573955109039,1.137417662954115,174.9787767512563,-31.6,-171.83,-173.64,250.68,2.053013942962882,1.132472701657749,178.11950083310643,-29.83,-170.42,-172.05,252.98,175.63686615851125,2.0615313361673646,1.1336457206729096,174.31220556774144,-28.95,-169.18,-177.21,259.55,2.0489070525526536,1.134955902227042,177.95027342881863,-31.87,-172.45,-176.44,253.27,178.18971384069593,1.9918986796521552,1.1496058672432046,177.19954167559064,-41.32,-177.84,-181.13,235.0,1.0059502004527416,0.0327175770586659,51.674714782925264,3,2.515620571548897,6,3,135.4036532198317,1.856329984135364,6,3,125.13813649654844,1.665985858283317,0,0,0.0,0.0
VERRIT_#[4],3559.72,3378.48,3570.85,3729.83,296.12,172.91,303.93,411.51,0.8141468415116502,0.0074294263044414,13.2074704455717,82.13448465566881,178.50310534737184,2.0404098632382666,1.142314619533516,178.38500956383666,-33.2,-175.88,-178.88,255.17,2.0473762575550203,1.137481415232793,177.9632643690354,-30.76,-171.89,-176.85,256.47,176.4524603953919,2.0527725689905347,1.133477379571379,175.041422684129,-31.97,-171.27,-177.07,252.42,2.0535251763735447,1.1265629631760494,177.31046912054148,-29.2,-169.57,-176.63,258.6,177.7623334784508,2.004060148797935,1.1374500736296074,179.71956763811264,-36.67,-173.16,-177.98,241.13,1.1159946112434471,0.0202584131903869,30.79080316178738,4,2.52811690789805,15,3,108.49412008590583,2.226719517586353,6,3,114.30057969228989,1.814974815252268,6,3,119.2292575363459,1.8238669989886875
VETRAP_#[4],3732.08,3645.1,3751.73,3799.4,267.96,173.4,274.97,355.52,0.707157131915567,0.0056393717896919,21.882937420915084,92.6799422543146,175.1264164716222,2.0360670985996507,1.140999097282728,176.0008828918373,-34.49,-175.4,-181.35,253.28,2.0509005534155,1.1371681757770034,177.31699956492176,-31.65,-173.26,-180.4,258.71,177.28837472929837,2.033834717965057,1.1464180084070557,178.7698555841122,-37.06,-178.11,-184.85,251.78,2.05022091736476,1.1370849528509293,178.12487145634464,-31.17,-173.72,-179.76,259.96,175.1735776383466,2.023102886657027,1.1342410678510988,177.78386139474463,-37.03,-173.15,-175.0,237.05,0.9496118360191834,0.0190816674958186,93.14800864029964,4,2.463119513949739,6,3,126.01782778221263,1.806335453341932,6,4,125.33065532024172,1.8292820695562493,6,4,119.0495639204497,1.8545173469126688
VEXHAH_#[4],3467.5,3226.93,3474.11,3701.46,216.39,138.7,208.92,301.56,0.8715840622927173,0.0087893084641035,32.45875857994207,127.14486101499834,172.2286057302572,2.0250244566424382,1.1701379405864945,172.29231297625924,-41.77,-182.64,-185.32,242.67,2.028874907430223,1.1311245466348965,177.03443227232404,-30.19,-169.76,-170.77,249.97,176.4931030904265,2.0188975630279,1.141501752079251,178.36412119447252,-30.86,-174.66,-176.19,258.28,2.013797613962238,1.1576416155270162,177.87674303314003,-36.54,-179.37,-180.93,250.69,174.17739946052674,1.955130289776106,1.1632195450558755,177.98002623983473,-43.42,-178.7,-186.07,234.51,1.046593320762383,0.0361783940105877,43.44296712631335,3,2.531295403543411,6,2,115.44688059580106,1.6304600332421526,6,3,140.87809046358387,1.862240792701095,0,0,0.0,0.0
VILZIA_#[4],3661.7,3617.77,3680.28,3687.05,254.66,178.44,239.37,346.17,0.7180867390409196,0.0058336455115205,31.330288301552983,126.24694879860832,176.91278932357247,2.053682553366026,1.1413781932383322,178.0049765644094,-30.32,-171.96,-179.62,260.61,2.041243569493852,1.1415188916526948,177.58407660958986,-31.95,-172.23,-180.52,256.91,174.04375730882336,2.054859265253949,1.138187488948986,176.28889990352178,-28.58,-171.07,-172.68,258.03,2.0489595750038614,1.1390046400256642,176.34185032540984,-34.8,-172.93,-177.2,245.72,172.8646817165572,2.006977354132329,1.1438314823434417,177.15101246328496,-39.2,-169.75,-180.41,232.56,1.2199846355298225,0.023052730028339,201.0372967998752,4,2.471996506874555,26,10,148.21402445614663,2.267229298064048,6,4,137.65670717094756,1.7577854049911776,6,4,127.83190936752987,1.7614557644176023
VINBUQ_#[2],3626.97,3502.44,3623.64,3754.81,300.75,187.14,317.09,398.02,0.7509785975476899,0.006339675057119,12.981126956226989,74.7951278986356,178.39226807784968,2.042748239504809,1.1350376954092771,178.85111000619094,-28.51,-169.3,-175.83,259.62,2.052545261376713,1.1281472598911912,178.33524918363096,-30.26,-168.46,-177.3,254.99,179.3663379705764,2.0405563212026268,1.1482917573508924,178.75884513884068,-34.25,-176.16,-182.74,256.15,2.043552150056367,1.1470114602740469,178.21144926188762,-35.86,-178.87,-181.2,252.5,176.48660944219503,2.0149856724056376,1.1379604957993916,178.9180352168019,-35.2,-169.07,-176.82,240.29,1.2359461753006755,0.0236915490010154,193.77255742524235,4,2.4894646874378443,26,10,140.3953310772857,2.269296056049099,6,4,127.2728309005622,1.7546860830359374,6,4,140.3846697504911,1.7681284851503305
VINBUQ_#[4],3711.38,3694.48,3708.88,3730.78,285.0,209.87,261.82,383.32,0.687184847572647,0.0052994978043028,21.073862485332384,78.29709944829577,176.96057018082846,2.057272349495808,1.126967102447979,176.37911789461702,-28.85,-168.43,-174.05,255.92,2.054028921412745,1.1332876113326218,177.25036547406725,-29.55,-170.35,-176.65,258.35,179.33701953681492,2.058298833988883,1.138784066449826,178.04271153562013,-30.98,-173.99,-179.46,260.52,2.0513546304820136,1.1303465486301092,178.2106455479265,-30.77,-169.17,-176.67,253.53,175.44611858437625,2.022437989160605,1.1226290215382817,178.16282310397665,-31.34,-164.11,-171.13,241.22,1.2318851587550663,0.0234930296786127,198.73619995420185,4,2.4609894534516,26,10,145.94162281378982,2.269550700028532,6,4,132.92572646140542,1.7528837554156311,6,4,133.33173961596535,1.745771239309435
VINBUQ_#[6],3622.71,3500.29,3636.92,3730.93,296.28,196.12,290.16,402.56,0.7537564254384552,0.0063991571410463,19.62677621592013,87.33754322553247,175.33498906059438,2.041973111967932,1.1337322479315828,176.29604155835892,-30.5,-170.38,-176.19,255.08,2.030199399073894,1.1586751960752415,177.5581352198785,-36.64,-178.61,-184.54,253.22,176.88413693439097,2.0569872872723347,1.138572812779226,176.042136576715,-34.89,-174.38,-180.76,250.45,2.0676838854138224,1.096800100291753,178.24797969733342,-19.11,-155.93,-164.18,262.79,177.57552226509284,2.015014404415016,1.1263883433345712,178.7019931665767,-31.7,-163.53,-173.81,242.25,1.2395200844922971,0.0241154135959014,195.0523566119052,4,2.494625472891672,26,10,139.73919928566295,2.258975750201848,6,4,142.14561951969708,1.76780592260576,6,4,126.32876897725396,1.7462752159954626
VINBUQ_#[8],3732.64,3715.87,3720.86,3761.21,285.86,205.48,279.4,372.7,0.7036512900253609,0.0056617704930065,23.32813783933726,91.9466279997149,176.51149506789875,2.029558304163741,1.1443375987880504,176.2980813838137,-33.09,-171.57,-178.55,250.84,2.0559917825711267,1.1143028313703596,178.0601302243341,-24.45,-162.56,-171.68,260.9,179.36243688941812,2.050370849383106,1.1497748388271511,178.60202524145393,-35.07,-179.17,-181.14,255.09,2.0689991034314152,1.1236266506273334,179.12614343227563,-29.83,-167.81,-175.81,254.12,175.03457301790198,2.0001075271094817,1.1413163715639945,178.844623081572,-35.25,-167.84,-177.0,239.11,1.2249340535866435,0.0233322961486917,197.04273240241488,4,2.463196287346991,26,10,143.69280700441067,2.263899313132101,6,4,136.1067807062319,1.746379723885958,6,4,130.9916049275054,1.755781823006491
VINRAN_#[4],3559.76,3400.79,3585.91,3692.57,391.86,288.99,387.48,499.1,0.9271869361154048,0.0096038693978645,24.629492917866017,115.70712211631616,177.02064101087674,2.042878322367732,1.1403033017579136,179.04100312781122,-32.27,-174.63,-179.32,257.15,2.045469320229468,1.1402038326544943,178.16909575457657,-35.64,-175.37,-180.88,249.34,172.68280892837228,2.0397678054131543,1.1449568114125537,174.68977493771823,-37.41,-175.22,-182.42,245.41,2.049162826619691,1.140792430725239,175.5981567371131,-35.2,-173.44,-180.33,248.17,176.9454709754414,1.9886730525654528,1.1505850946366374,178.25536744005905,-40.74,-175.17,-183.05,236.01,0.8131056275281889,0.0138889557437339,22.68846962517813,4,2.589502427108343,14,4,111.5583113337062,2.2887419797784108,14,4,116.39180228630784,2.2837408916074526,6,3,111.46853244035653,1.845258014479276
VOFSIS_#[2],3878.13,3699.4,3944.53,3990.44,278.96,171.65,297.65,367.59,0.8846956420174283,0.0093930050989075,32.53386305510355,123.8608869865228,176.24473917837844,1.956182166875059,1.182341959840722,176.56941658509015,-43.45,-187.48,-194.22,251.36,1.9386010548846824,1.182602765090627,174.7916402884249,-41.66,-186.58,-192.74,254.36,177.8976718846054,1.964578036118697,1.1855071657311904,175.30998991939387,-46.04,-191.14,-195.33,248.34,1.9725444202856373,1.184979075764631,177.14631039757597,-47.21,-190.78,-195.73,244.88,173.18397406671394,1.9472952755039483,1.1815440279566394,175.9715157961981,-47.58,-185.41,-191.41,234.07,1.0148932428141404,0.0219199151105694,71.61822616368842,4,2.486657575944062,6,3,119.79061920209904,1.8008797683354651,6,4,118.4115377152058,1.813457542927322,6,3,121.60482261609688,1.8158489309411177
VORCAJ_#[8],3358.12,3069.65,3416.6,3588.11,120.27,-51.97,175.71,237.08,0.7585836348694586,0.0064651485092234,18.04038101670146,80.01738026662653,177.16983119240507,2.030576583140857,1.1464560392793102,178.96347037541693,-36.49,-177.74,-182.49,250.76,2.057932411426576,1.1382296868382942,177.511207546711,-31.54,-173.13,-179.53,258.05,177.76124734249427,2.045970676720466,1.134887611175662,178.9923516934181,-30.1,-172.63,-174.63,256.95,2.0533413695730176,1.131963435805239,177.61506458095295,-31.87,-171.87,-178.99,255.25,176.40930815610523,2.016550539907196,1.1423565905618096,178.8607815003405,-42.51,-179.27,-181.68,233.41,0.9292527588186088,0.0174324391027325,43.85962501131085,4,2.4960244970752985,17,1,106.06185260889936,2.094722466103804,6,4,119.22134083853015,1.8168601349581093,6,4,120.17668587499188,1.844634069402384
VORCEN_#[4],3555.77,3399.58,3595.33,3672.19,64.0,-185.57,160.58,217.02,0.6880455900319999,0.0053386471630528,17.761719380078645,85.98965604759735,177.46810555340005,2.0373105138883463,1.1396725713993472,178.18115680485678,-33.73,-174.15,-180.42,253.39,2.060750523474397,1.1257463346598116,177.0221241361687,-29.26,-169.41,-177.24,258.87,176.4366872085885,2.054611831952692,1.1286911224954328,177.61997304511502,-30.18,-168.97,-178.82,257.25,2.0547428184568504,1.1367097122836596,178.51068338337524,-30.75,-172.44,-177.44,257.64,174.97005753938038,2.019376829618484,1.138542845043611,178.77478811808575,-41.02,-177.78,-180.05,234.78,1.0619000061717112,0.027215826078506,45.84698729722648,4,2.458185857497354,9,1,107.87380330085564,1.6138891907439,6,4,119.07545500231691,1.8014845267167847,6,4,120.92613710252,1.8353838426879536
VORCIR_#[8],3332.08,2993.89,3401.71,3600.63,117.84,-43.55,161.56,235.5,0.7769065515613964,0.0068471595612291,19.63886872579782,83.7292033877179,177.31842465117688,2.041039580703913,1.1389207961926058,177.6054326431767,-31.17,-172.6,-178.45,257.52,2.0169310498874267,1.1485298472395056,178.04264551824298,-37.12,-177.38,-183.37,249.4,176.96003986532403,2.057127837544376,1.1334474491567752,177.55752083231263,-32.69,-172.6,-179.36,253.9,2.043029209287033,1.14101039434354,179.18705030072948,-32.31,-174.15,-177.65,254.87,176.2871993562903,2.0039398469015985,1.1514272708252131,179.40406125358868,-45.41,-182.31,-184.16,230.23,1.084721246825459,0.0180553216967971,43.87341029421151,4,2.498557435801706,35,1,105.22464845916868,2.2657445133995138,6,4,120.22235930945384,1.8567655883282628,6,4,119.24358015826748,1.8228151140474984
VULPEZ_#[4],3614.07,3428.32,3591.19,3822.71,523.36,456.88,505.23,607.97,0.9654059946140148,0.0103117292794844,34.92499167867227,151.2668321612336,175.00402935736452,2.0320843535640933,1.152486429421189,178.60041559703888,-36.39,-178.05,-181.82,250.71,2.044027450891987,1.1263708891834894,175.93170346523863,-32.29,-168.78,-171.4,243.31,170.08384272648175,2.0934140942489146,1.0859876380511877,176.63141984938747,-21.9,-150.67,-159.17,244.15,2.064800750677896,1.079733615295922,177.70978288098277,-19.09,-150.65,-155.82,249.2,174.61011718170673,2.0018567656053703,1.1267755410905935,177.7798426403298,-33.92,-166.89,-170.49,235.61,0.5613905727604389,0.0074326811133134,16.024094479732213,3,2.6264802797660614,14,4,115.55008779509684,2.252949657671028,14,3,118.82483152367324,2.157925042720437,0,0,0.0,0.0
VUTNON_#[4],3579.61,3434.88,3551.47,3752.48,523.98,420.4,480.64,670.9,0.8795374700281908,0.008740929041335,26.300924940305165,116.81018494766374,174.39175125957084,2.0390251249065083,1.1275713103835168,173.76637351330942,-28.48,-166.18,-171.1,251.85,2.038666466099837,1.141045897411668,177.2706791320557,-31.69,-173.79,-174.73,253.45,176.04772978605212,2.047083122396352,1.1291966259248205,177.19132138154376,-28.69,-167.72,-173.38,255.04,2.0430755492639032,1.128977874008166,175.64357385696533,-28.27,-168.13,-173.0,256.33,177.4458498442286,1.9802316127160475,1.149629879569943,177.67023805132644,-36.03,-174.53,-176.4,242.83,0.4342788946696503,0.0030666580872634,198.8394422203702,4,2.5573388570934443,15,4,134.9661563168448,2.316718319088447,14,4,134.09730810688683,2.2243184664071816,14,4,136.7376906081194,2.262421996445404
WAZTUM_#[4],3617.82,3534.81,3602.84,3715.8,251.57,326.7,374.29,53.71,0.7838694429234456,0.0069091347052891,24.90555288976762,96.08723074859368,175.28676198978795,2.049189556873644,1.132316757802338,176.5077629455152,-28.39,-170.64,-173.96,259.42,2.033172272582921,1.158903399770662,175.02767642984657,-40.6,-184.17,-186.21,248.58,178.45920747024093,2.033837338628635,1.146143869677798,178.72420957732163,-33.29,-175.18,-182.49,257.81,2.039629155018136,1.1341545926371777,177.0816405142524,-29.53,-170.07,-174.99,256.48,175.66803852574574,2.0143449505980846,1.145168777953712,178.61145066701263,-37.14,-175.42,-179.87,243.88,1.256822938618,0.0445044090073958,49.48954110634192,4,2.50435632049435,7,3,112.84810360025824,1.7693443135806004,6,4,126.77101451484236,1.8200591254132368,1,1,110.964690513617,1.410019645253214
WEFPOM_#[4],3406.56,3214.86,3378.47,3626.09,189.0,17.25,245.35,304.78,0.7901419101697416,0.0070611867423944,24.24956462031531,93.72853204403144,174.75140547570848,2.043138480377676,1.1395571903156072,177.73165766046986,-33.02,-170.77,-173.89,245.6,2.0374783287191054,1.1353999031178403,177.93487863683586,-29.16,-168.57,-171.79,252.89,178.5288599831693,2.0407217865255425,1.134831485287573,178.38465502483626,-31.75,-172.69,-175.09,252.52,2.038230617471929,1.136677777560554,178.5537992294512,-30.39,-173.59,-176.84,259.28,175.21124449691953,1.998038750875468,1.1429530655280646,177.43592611990152,-40.16,-171.2,-179.76,230.46,0.998278610720964,0.0323512889346189,48.840686853652656,3,2.505606738895789,6,3,140.42476954544594,1.8491480254430688,6,2,118.68642968704528,1.6646475362670634,0,0,0.0,0.0
WIKCUS_#[2],3659.74,3537.7,3702.6,3738.92,239.57,172.26,241.23,305.23,0.8263355101072614,0.0076922354696841,28.21213110035164,113.72068535444112,177.86281436076746,2.044372534544524,1.1234134101033328,178.23446587299262,-28.14,-167.27,-175.27,258.12,2.038603274303267,1.118794646036528,177.04318340215542,-24.48,-165.16,-171.76,263.47,174.40280389235255,2.053879183399063,1.1203717731181917,175.7318750922971,-27.53,-165.14,-172.3,254.86,2.049816689365173,1.1211934623426962,175.59969285025863,-24.58,-165.77,-170.29,262.32,174.00323062671387,1.994077917233928,1.1327080206302065,177.5433925939751,-35.68,-173.17,-175.62,241.76,1.120453877591584,0.0195717724441147,62.53429802091249,4,2.531951225833548,15,4,123.64951424012992,2.260999763379022,6,3,115.2809182979953,1.8427824125490235,6,3,118.51848995112807,1.8297146990719624
WIKCUS_#[4],3693.37,3562.4,3669.41,3848.29,219.93,133.99,240.64,285.14,0.7987597738104353,0.00732914693349,35.78288891839976,139.97055704665007,170.1686904274636,2.0280668455452835,1.1640732837755543,174.4675340545844,-40.63,-180.2,-188.05,246.37,1.990781715809144,1.162337618766597,173.6472010305168,-38.79,-181.42,-187.73,252.76,176.34664823628185,2.047167948654921,1.1344711278829445,176.96265314937017,-31.06,-173.49,-177.85,258.17,2.046388208527405,1.1379012654883551,177.5995798610554,-31.79,-171.15,-178.09,253.88,174.9814257573784,1.9971827432661244,1.1346403835577157,177.1891926158572,-34.86,-170.26,-174.53,240.22,1.0679310188460485,0.0175916127377268,60.80210953670692,4,2.501173356646836,15,4,120.73900016863384,2.260999763379022,6,3,118.64875536168358,1.830728538041618,6,4,117.1819508646067,1.863513563138192
WIKZUM_#[4],3435.38,3118.12,3408.44,3779.57,425.58,312.87,373.24,590.63,0.9902742021703356,0.0109081441109042,19.96697856753478,93.61514079335728,178.263534696299,2.0386247349622737,1.141031835664544,179.58115426813532,-35.32,-175.65,-178.82,248.53,2.0412819550468764,1.14178503230687,176.8764274309964,-39.84,-175.54,-181.77,237.78,176.15325312946584,2.032636074165762,1.1375756238597938,178.84474288540682,-38.85,-173.78,-179.7,236.92,2.0598218976406675,1.129631395633106,178.36821021775998,-32.04,-170.98,-174.44,249.28,176.04372728519462,1.9865632433929707,1.1532298903514424,178.60650989216884,-43.93,-178.21,-182.76,229.18,1.059918611752855,0.0322435679124387,21.497344954416803,3,2.625950102343912,6,2,96.36222212031323,1.7881751508171666,6,4,111.73842676381987,1.873847136241374,0,0,0.0,0.0
WILBAV_#[4],3486.87,3275.28,3475.75,3709.59,281.34,196.2,283.02,364.81,0.7667318874720364,0.006624858943512,23.40372158229573,99.7451429040896,175.35785409922394,2.027759625793945,1.1384283596256726,178.369977607567,-30.38,-172.77,-173.84,255.47,2.044463066430891,1.1380081282662264,176.2221104562423,-31.3,-173.03,-176.32,255.45,175.99775112312977,2.038376221407619,1.1387095020241118,178.42026476968684,-32.65,-174.53,-177.96,254.53,2.032906812915929,1.1406714294659963,177.2983928515898,-32.53,-174.78,-176.14,253.34,177.41580551848628,2.0176549878509955,1.139426443435468,178.3095629849639,-37.8,-176.04,-176.82,239.46,1.0130092407066815,0.0216889723569032,43.81892408281797,4,2.4922712753630973,6,4,118.26756118445196,1.8209532119195155,6,2,103.75247755342129,1.8121828522530503,6,4,120.80190583315937,1.817659280503362
WOGFOO_#[2],3741.39,3640.7,3730.0,3853.45,232.45,-4.01,145.44,555.92,0.7109147923143468,0.0056831526460752,23.34366609428811,98.3084216867528,177.46231450735712,2.0520501382763534,1.1438670945525098,177.09400826992547,-33.51,-175.27,-182.59,257.35,2.039804863216087,1.146383674866316,177.53646484455277,-34.2,-178.26,-182.9,258.55,174.8993792223903,2.0467186836495137,1.1365875109290973,175.57397446711445,-31.97,-170.5,-181.06,255.66,2.054729709718531,1.1403255061604127,174.50210534942403,-31.65,-171.67,-178.79,255.52,174.5496586534281,2.020538730141048,1.1263165363253798,177.41268404918267,-30.57,-166.99,-174.06,249.33,1.0404966136681668,0.02499030430672,106.70637891973831,4,2.469317300388915,8,2,119.48417504250992,1.66721109941123,6,4,124.33194806372023,1.8545972150308003,6,4,125.56530628424736,1.8051503593883809
WOGFUU_#[4],3666.97,3556.5,3669.31,3775.11,121.34,272.6,6.9,84.53,0.693735351454738,0.0054574774346762,28.154526870987723,99.52445680281043,178.40469815071972,2.038954420775512,1.1342016311044514,179.61015914561682,-32.67,-173.58,-180.36,255.93,2.0487186678507125,1.1383206797734986,179.09509975978148,-31.6,-174.88,-178.57,258.65,175.3797564414143,2.036867283354515,1.142245236365641,176.90824610826107,-33.15,-176.13,-180.33,257.01,2.047838580064355,1.1404174542683927,177.08161238702388,-31.58,-172.51,-179.15,256.93,174.16222673485547,2.011981796637336,1.1504066846120111,178.15793970799612,-41.9,-181.23,-183.76,239.3,1.153950247124892,0.0342855934075857,43.06994974848,4,2.4531133606093296,8,2,112.14399172147698,1.6009392805475169,8,2,111.82445312891448,1.6057563762912488,6,4,124.55374075763424,1.8447439307394395
WOGGAB_#[2],3681.5,3512.79,3717.56,3814.14,116.78,22.03,278.41,49.9,0.7025589431401373,0.0055860151133017,30.981474195247472,119.20142134089193,176.10311013307285,2.040962689516886,1.1412414161780136,178.56242568183816,-33.59,-174.85,-180.79,254.86,2.0377561826675934,1.138846490972334,176.3565719771879,-30.89,-174.76,-176.05,258.13,171.27062870020674,2.049296808663889,1.1394047919857109,176.65628866012264,-34.23,-173.35,-181.11,251.78,2.03427689855634,1.139101272934062,176.42856544117788,-31.81,-174.38,-179.71,258.66,172.8206608737053,2.0166554837155504,1.1439508249920536,176.3582176175747,-41.1,-177.84,-181.26,235.79,1.1601852789933649,0.0340643764561272,51.43912991845568,4,2.457324978508134,8,2,111.94367475069052,1.6088957486425284,8,2,109.80559205549427,1.613967843545837,6,4,131.02823149628858,1.8287407853493072
WOQGEO_#[4],3603.86,3410.66,3620.43,3780.49,193.37,210.73,292.35,77.04,0.7616932903446867,0.0064991772710278,10.526062085240184,63.90585321414076,177.280390907397,2.0405399996079474,1.1472418881822612,179.40282551305876,-36.26,-177.48,-183.47,252.15,2.060176024032898,1.1338138339251291,178.87163451345936,-28.68,-172.18,-176.27,262.42,179.47340703032157,2.0457589105268488,1.145601579957011,179.42367861945235,-34.06,-176.29,-181.33,255.44,2.049708613437529,1.135018634208267,178.36008273233315,-31.27,-172.67,-176.74,255.61,178.6544726653745,2.017237291445904,1.145650352419969,179.49554185737918,-39.93,-176.74,-180.45,237.38,1.0940146004732685,0.0269230479545439,43.66261439937571,4,2.499700142017037,7,2,115.82291412404469,1.6821348667690097,6,3,114.96244145768848,1.8150220632267808,6,4,117.90368937789913,1.8139142951087843
WUBLOU_#[4],3372.13,3153.88,3340.06,3622.46,51.71,-229.15,149.25,235.04,0.8337651766740724,0.0079512585041621,30.331690531272272,134.47633114164785,171.25090081016836,1.9990547791393816,1.1663734779220607,174.90643179640136,-39.19,-180.77,-181.87,245.08,2.041059256856596,1.1387298274832336,173.27777357752268,-31.13,-171.76,-174.04,252.41,178.08594186648216,2.0642338869420778,1.1241891566813842,176.92102947970602,-26.28,-165.4,-168.89,255.43,2.058353997737027,1.1334736565090509,177.4660351311516,-30.78,-170.21,-171.69,249.56,175.2697019944542,1.9901284179670395,1.148044585371144,179.39503985315565,-41.73,-177.86,-178.78,231.45,1.0100261208873396,0.0319324321559329,37.89072194343497,3,2.530825173732868,6,4,119.01678960082847,1.846060816983018,6,3,133.38873789662506,1.7005503491517089,0,0,0.0,0.0
WUDJIO_#[4],3707.3,3552.89,3747.92,3821.08,383.75,212.37,245.49,693.41,0.7411815552579393,0.006217872661821,10.598990911503847,69.6636818122667,179.50121308616127,2.0334064546961583,1.125154127219911,179.16794442557472,-26.47,-167.55,-172.68,260.81,2.0398895386760527,1.1455544421807278,178.37598965899994,-32.42,-176.43,-178.27,257.45,179.16553860770713,2.0502763350338893,1.136766405203813,178.35159490796116,-31.06,-173.69,-177.6,258.1,2.061678185362595,1.1157316343995984,178.72902179354216,-26.34,-165.69,-172.63,259.29,177.31831756672747,2.0070097782522134,1.158631317546699,177.54174017182507,-39.32,-177.24,-184.47,243.75,0.9755216613421344,0.0199935527244741,110.94069307306545,4,2.483160991558945,6,4,127.21075014115397,1.808256920351752,6,4,128.52612623258247,1.8575085625643808,6,4,118.41786046943862,1.8326741690764343
WUDJIO_#[8],3666.03,3476.15,3737.71,3784.21,410.44,227.91,298.86,704.55,0.7667342045973458,0.0067188831758889,9.303246950802162,70.9871384748175,178.36185739166055,2.041452896835977,1.1416326423153818,178.85308609049147,-30.93,-174.46,-177.45,259.12,2.03735900371044,1.141050616756329,178.7294985985611,-32.12,-174.61,-177.34,255.59,178.2595216582141,2.0637450860026303,1.1277235388161408,177.3004233769039,-27.69,-167.11,-174.14,258.17,2.0499242473808623,1.119133356664881,176.8534451672292,-27.33,-167.55,-170.79,256.35,178.9081576277929,1.985827822345129,1.155697006139586,178.33827370317408,-38.43,-176.38,-180.62,241.7,1.017774789738824,0.0219017281358504,111.6727619979496,4,2.495702334013415,6,4,128.66395302323616,1.8061466441017453,6,4,119.99500382635364,1.8094545752795228,6,4,125.46354815500987,1.835956203181327
WUDJIO_#[12],3695.66,3528.65,3733.4,3824.94,391.83,230.06,252.07,693.38,0.7693576706924299,0.0066832432044064,16.368175813776233,88.88665376430303,177.8163431265806,2.0356854594951543,1.13563775034119,178.35385260281285,-31.44,-170.72,-179.0,255.41,2.0376085517095777,1.1360371032673182,178.2746320314469,-30.1,-173.1,-175.43,258.22,177.361227312588,2.046380966486935,1.1424246408406988,179.12548523944196,-32.65,-174.85,-177.96,254.86,2.049657251835048,1.1286292083762497,177.19651108499548,-29.55,-169.93,-176.08,257.36,175.09445551933146,2.0049253901330086,1.1384604911897476,178.2832755560075,-35.8,-170.97,-178.17,241.74,0.9962494950425232,0.0207974604725326,113.52528594561598,4,2.4964661263474026,6,4,130.60622246082912,1.8068242692636165,6,4,126.8997654511356,1.859117430395402,6,4,118.19700208283312,1.830957689298144
WUDJIO_#[16],3678.9,3491.3,3739.11,3806.29,410.64,233.83,300.3,697.79,0.742169987318074,0.0062778267521031,18.219522537838387,80.86142679489919,175.55990129485025,2.0354084528664016,1.1443611580266082,178.097002151259,-35.68,-178.72,-180.62,252.3,2.0483168846640907,1.1307179135398877,177.4914338151125,-30.06,-169.04,-177.44,256.3,178.47014031698018,2.046139391634891,1.1421831814555845,176.5895114398046,-32.84,-174.68,-178.08,254.24,2.0317473514194626,1.1399600212288148,178.82024887207106,-30.16,-172.32,-177.69,259.54,179.1563349368135,1.995971515327812,1.1566460737840256,178.4522041526478,-40.13,-177.14,-184.02,240.76,0.9947390418225066,0.0210658789143524,118.9018846014192,4,2.476818711573375,6,4,129.25527664508238,1.8017326494238808,6,4,122.7898443651194,1.8120631611508464,6,4,124.5928294314665,1.827182240500384
WUFWOM_#[4],3573.41,3405.69,3580.97,3733.55,342.42,133.32,389.12,504.83,0.9282904999280216,0.0095564155831732,28.843453933430183,110.51828495171593,172.63450027309153,2.056879566236196,1.1341308434215165,177.62747107895163,-37.01,-173.64,-180.86,243.47,2.0458710858702704,1.1389791701343794,177.58263178314328,-36.6,-173.31,-182.9,246.41,175.52777244837313,2.045910882712147,1.137213410051078,177.4221394919795,-37.1,-173.16,-179.1,240.97,2.053333667478328,1.129281081042272,175.27179003884277,-30.61,-168.94,-171.67,248.78,177.15853845689088,1.9978708867191592,1.14562128559136,179.61113762754508,-42.91,-171.37,-181.2,223.86,1.016386968704713,0.0295978476651246,19.836947574335355,3,2.5969475177600336,6,3,115.40520637569476,1.8363657206558828,6,3,105.89894587616152,1.832948861807116,0,0,0.0,0.0
WUJNEU_#[4],3574.25,3387.37,3614.8,3721.21,286.38,200.59,262.06,396.47,0.9281033750574884,0.0096890105978991,37.12475537388346,129.46892303533912,172.14213913419812,2.037809004789212,1.1369030125740718,176.2647422946298,-31.56,-169.71,-179.29,254.3,2.044221059474733,1.1490372013124723,172.2843684536539,-36.68,-174.88,-183.09,247.92,175.3451449477004,2.0342836036305263,1.1535776133403424,175.75239823931426,-37.97,-178.54,-186.05,250.7,2.042257226697949,1.1359917825407018,176.516888521054,-32.76,-170.97,-179.64,252.33,175.4975117388636,1.9793899590530395,1.1583605742600194,179.10977871056878,-41.45,-180.83,-183.44,240.11,1.0793618697158662,0.0200784754883613,78.29132784458862,4,2.584454195763586,15,3,126.8192724843559,2.2063654593017903,6,4,111.12415851177244,1.8638151088560264,6,3,126.69046077389883,1.8476426764934832
WUVGAX_#[2],3424.94,3175.08,3515.24,3584.51,115.02,-83.92,102.88,326.11,0.7317959381662291,0.0060232333842212,28.73818206400881,97.12951227848744,177.59744241692826,2.0507112375953835,1.1433898635198765,177.04479387616092,-31.65,-171.97,-174.63,251.66,2.058274449630079,1.1297065592444788,178.01961175888874,-23.83,-165.92,-168.46,262.9,177.89932175712104,2.042418394942624,1.1518247870227478,178.3930150827092,-35.73,-179.52,-184.22,256.54,2.0296129532499543,1.1511250887718505,178.5037744565925,-36.66,-178.38,-184.06,252.44,172.0066582916543,2.0230234131121683,1.1382326519653176,178.52496308620255,-39.86,-178.19,-179.46,238.08,1.0785875062045236,0.0290424204466567,53.193647260481725,4,2.47988565260578,8,2,108.70267048594312,1.6323121545831851,7,3,116.78395722832512,1.7121452596085422,6,4,125.67332052434746,1.9431592677904712
WUVGAX_#[4],3430.21,3249.51,3465.54,3575.58,105.59,-94.01,322.38,88.41,0.733109624537498,0.0060958081395951,29.30944370978257,100.81584796010486,179.1688568669692,2.0262989537578115,1.1478726671543322,177.71057492359444,-30.75,-174.04,-176.23,258.01,2.039745601784693,1.1640520349194,176.56658021423797,-35.65,-179.4,-182.37,254.83,176.62607432973806,2.0656078257984984,1.1299985884946933,178.1366626082107,-27.9,-169.82,-174.87,261.0,2.0490830046633057,1.138721581423659,177.0429253815277,-33.11,-173.3,-179.22,253.19,172.8404592949395,2.009814391927772,1.1485022028712002,178.78541135063674,-44.4,-181.98,-184.3,233.09,1.0694783779158965,0.0283072845598536,53.13464884691709,4,2.4779757303089145,8,2,109.40390581876603,1.634352036741166,7,3,115.0747090037693,1.7285460653393074,6,4,127.2374412903905,1.932072333014477
XADWIJ_#[4],3478.14,3334.77,3418.06,3681.53,265.0,222.43,255.75,316.8,0.804525255661102,0.007275122253817,13.93597584892298,78.99949002018522,176.71448667686363,2.0438335034928863,1.1460922563214535,178.92921955131598,-33.39,-177.77,-179.44,257.02,2.021594422726774,1.161796531239442,177.19853973202237,-41.17,-183.99,-188.59,249.06,177.82923699296978,2.0365847318488863,1.1416564719739482,177.72744299297716,-34.06,-175.47,-177.87,251.15,2.041254403546994,1.1419204394352531,179.40825348887907,-32.53,-174.23,-178.11,254.74,178.9602217585139,2.0163910533425806,1.133734210474395,177.83925753156416,-37.57,-174.35,-175.72,237.36,1.0206422358769467,0.0216417277610437,28.047085283953265,4,2.514646776388286,6,4,116.51258421733442,1.8191403821585617,6,4,111.45978531309676,1.8514842937492064,6,3,113.85574285897732,1.832031181503197
XADWIJ_#[8],3505.55,3371.48,3400.08,3745.06,282.16,258.95,262.82,324.72,0.8127296558343287,0.0074453617117524,15.9493490508481,82.86264867286592,178.74984069642966,2.032410226799698,1.136225188948036,179.1111189424741,-31.92,-173.88,-178.77,256.88,2.028854381171798,1.1599065738239438,179.84220912421998,-39.0,-179.95,-188.44,251.4,175.79736524477067,2.030702548380732,1.139138472706457,176.10373288127053,-29.65,-170.41,-175.1,256.57,2.0270658696746886,1.1474282112620382,176.61425244936632,-36.8,-177.49,-180.69,247.79,177.0053760218414,2.0122582960445223,1.1476690333018484,179.123189468991,-40.56,-177.32,-182.42,238.06,1.0234134880305386,0.0217885753120827,29.33145395479866,4,2.513896057914885,6,4,117.86844798870683,1.818601017265744,6,3,111.34091658648262,1.8390084230367183,6,4,113.24849024237788,1.8372517573811165
XAFPUQ_#[4],3584.8,3486.9,3584.57,3682.93,228.54,140.91,231.84,312.89,0.8233105324095886,0.0076244273243392,38.38727715377257,135.23449639259695,174.64938277529913,2.045782278249569,1.1246608155350668,174.2322192782292,-29.08,-168.19,-175.51,256.46,2.0661386352323987,1.1335589486215532,175.00227415582273,-28.59,-167.03,-174.44,255.7,168.52975016550573,2.029334605233942,1.1454867437033054,171.33471900825853,-32.94,-173.18,-179.78,254.14,2.0565104935302427,1.132362053408713,175.27969733146844,-32.6,-171.11,-176.9,250.2,176.46604717743926,2.000724993596072,1.134196609940269,177.5515542289318,-32.58,-169.42,-174.99,246.67,1.1463405790526917,0.0203169811734777,65.34287127902687,4,2.533684520614198,15,4,123.54176147772009,2.269658419234048,6,3,117.43657382869178,1.837996352009437,6,3,117.67296157679093,1.8190060087861173
XAFPUQ_#[8],3584.25,3442.91,3596.31,3713.52,224.07,126.23,235.43,310.56,0.8022768309265991,0.0072111659234822,32.66611472201282,111.86487927642538,171.2791017931523,2.054078287213025,1.1361543645121477,175.12479087051415,-34.07,-172.93,-179.91,250.61,2.04187751101774,1.1271086061245383,174.26816246860753,-28.53,-167.54,-176.66,258.61,175.9377066348261,2.061027554400958,1.1264727648727249,175.76414754029088,-25.13,-163.26,-170.42,258.29,2.0391231081030874,1.1464098612625422,176.97280959057483,-33.78,-175.93,-181.57,256.17,176.50016506177784,2.0090644439639065,1.1423882439871298,179.46747161404534,-36.49,-174.67,-179.45,244.64,1.131109133243307,0.0196941382090762,63.13160804251838,4,2.5224002794957032,15,4,122.28171936044382,2.269658419234048,6,3,118.8296736267478,1.828041730924105,6,3,116.57421592666604,1.8329078345623395
XAFQAX_#[4],3570.23,3405.84,3604.34,3700.52,237.72,181.3,249.58,282.29,0.8113258254284705,0.007370261614214,28.415983220797287,106.63296892825208,174.4080071853212,2.050267189904769,1.134039121900122,172.4406344796744,-30.12,-167.94,-173.38,250.96,2.036609739248048,1.1420765692369308,177.2099658234483,-31.19,-172.99,-177.47,256.88,176.6951800247374,2.03902036772564,1.1407301696720389,177.8976130923051,-28.77,-170.6,-178.29,262.59,2.0501181185482933,1.1391216396855952,175.40323824847314,-32.85,-173.18,-177.96,252.59,176.08768063972045,2.0113048525770525,1.129309173787232,178.2181607386348,-32.87,-171.25,-171.96,244.6,1.0980596504302649,0.0192224710388242,61.93140656645379,4,2.5242595488578425,15,3,125.70243177996105,2.240875931416105,6,3,115.71237677987658,1.8263598550121505,6,3,115.8769291359538,1.840715974831533
XAFQEB_#[4],3595.45,3414.26,3682.31,3689.77,238.93,147.31,244.71,324.76,0.8422712660333531,0.0079990385860155,34.08656233244028,133.5191716292968,176.04291488951353,2.0389782882610583,1.1327260966358994,176.78464226800304,-30.18,-171.01,-176.73,257.2,2.025463862921283,1.1559505439247826,173.36587911224635,-35.21,-177.28,-187.0,258.66,170.33768164509806,2.053854975406004,1.1340081172548988,173.02280161198414,-31.54,-167.99,-175.82,249.2,2.037958579068771,1.1271822124217534,175.6542770516871,-27.52,-166.98,-172.49,256.92,176.1771874495579,1.9968375246874743,1.1680324867057437,179.32965577988404,-42.8,-185.46,-185.89,242.94,1.1580931878320613,0.0205291608018597,65.01592165594154,4,2.535981405688929,15,4,124.08960693461198,2.279557342994469,6,3,121.71834405460952,1.816827094139672,6,3,112.87007082026334,1.8406184667116647
XAFQEB_#[8],3444.79,3282.88,3454.79,3596.69,207.77,127.04,207.71,288.55,0.77758201934342,0.00669968068804,26.19834179242297,105.68459829316498,174.65331848785388,2.0468747763358657,1.1343726592262366,176.6802603648044,-30.31,-171.92,-177.24,258.22,2.0597345896983907,1.1138951611350143,175.60319165789133,-23.84,-162.84,-165.06,256.39,174.60455395578984,2.041757936191261,1.1264732975086449,175.99000766599528,-27.34,-167.65,-174.73,260.38,2.049536606162476,1.1412841451628075,174.49478526711565,-35.01,-175.38,-179.52,249.88,175.38095394863646,2.041160126006777,1.1089919431627986,178.49996622041246,-28.05,-163.6,-166.42,245.88,1.1275198262976749,0.0193089172115684,50.15622372252301,4,2.514362018485006,15,4,120.90421597592824,2.279557342994469,6,3,118.63632734906984,1.8411594852157704,6,3,111.93212986894544,1.8252400499660304
XAMFAS_#[2],3475.63,3276.61,3465.98,3684.3,165.47,162.47,274.61,59.33,0.8249243683604965,0.0076644487613165,25.059945921103008,108.48129146434394,175.73014033609718,2.0358113886114304,1.1406418193280488,176.00939494476106,-35.65,-174.86,-181.19,249.1,2.0505233136933603,1.1397679983224651,176.79995159548483,-33.42,-174.0,-178.64,252.39,177.35301765179074,2.0183775216742776,1.1493402498825145,178.62990816555475,-36.58,-177.82,-181.03,249.12,2.0531959136916287,1.1355197796603982,178.2258124583204,-28.98,-171.28,-175.92,260.26,174.2849872658926,2.0065798214872976,1.1392295905567071,179.4491714159727,-37.93,-175.08,-177.62,238.92,1.0979299994766447,0.0270610179676087,46.805851216686165,4,2.527852212847896,7,2,114.60517662037056,1.6782727460100166,6,4,118.44084089224586,1.829093800219114,6,3,111.53151360893844,1.8803300933612688
XANSIO_#[4],3623.35,3504.84,3649.65,3715.56,249.61,196.06,228.95,323.83,0.8738839795366962,0.0085841506903266,23.17105705611233,104.79082008671364,174.63871964484363,2.032115953876648,1.1366500692825376,175.40770243186225,-32.29,-172.62,-178.3,254.04,2.046363032308785,1.136564375651463,178.26258347082506,-31.5,-171.5,-178.9,255.9,177.9367557008119,2.0410464791376013,1.1410305780302306,177.69763274975583,-33.09,-172.64,-180.75,254.13,2.0341685820010103,1.1371894697015092,178.2854810649879,-32.63,-173.75,-180.09,255.94,176.58601581165289,1.9939602403257697,1.1481328581658157,177.57707729054334,-40.03,-178.75,-180.1,238.76,1.0765246896003453,0.0237816267262644,39.55830199614326,4,2.5538612452519813,6,3,116.14495630829066,1.8384464963658853,6,3,116.1229604491026,1.8262368521087289,6,3,114.92416279603071,1.8438510080806405
XANTEL_#[4],3620.32,3477.86,3649.03,3734.06,251.14,200.65,232.55,320.23,0.8829092871456066,0.0087665415477664,20.39397670266476,95.59897639494208,175.42649933859505,2.046531800388159,1.1299990221234706,178.16588175282195,-28.75,-168.74,-176.24,258.72,2.0340573566150977,1.1394724832131755,177.2546709511093,-34.63,-174.83,-180.76,251.69,176.52173081218496,2.0405628512741285,1.1309326328300906,177.407837541696,-31.49,-171.53,-177.48,254.52,2.046227330967896,1.131133135400073,176.74805367392702,-29.08,-168.11,-175.58,256.44,177.96394311342823,1.9881580847608675,1.1409222103193537,179.36138876850472,-37.89,-176.5,-178.16,240.99,1.0941679845214942,0.0246130154770416,30.719291103029363,4,2.560853057088594,6,3,115.2622129545064,1.8389912724099595,6,3,111.45526630178604,1.8207181522684943,6,3,116.46179063602624,1.83451377754434
XANTIP_#[4],3561.99,3384.82,3613.48,3687.68,260.2,196.18,272.3,312.13,0.914689867583688,0.0094567199185842,27.289132655036795,116.76811309867324,176.79823893166437,2.056387251954262,1.1362679305515928,179.54327296614642,-32.37,-173.29,-178.03,254.2,2.018926655428573,1.1421621032060203,177.75569201131842,-34.46,-175.38,-180.5,252.51,172.81979703735834,2.03610845732736,1.1440597230914131,174.94543625070628,-34.68,-174.68,-181.19,251.82,2.041314767496674,1.1378512820223916,175.06584835205626,-32.59,-170.26,-176.84,249.32,178.36531765187294,1.9791904885583904,1.1504735459800892,177.95706413979065,-40.59,-178.97,-180.82,238.03,1.1081923483831349,0.0250557905932358,35.868971414147666,4,2.575199444703264,6,3,119.72502997073856,1.8382938122073955,6,3,110.4804770021344,1.831675159519286,6,3,115.29968866458584,1.8392446656168395
XANVEO_#[2],3555.89,3419.8,3578.44,3669.41,328.1,199.68,341.23,443.38,0.7285959979981609,0.0059809627201123,18.040108277737858,77.56360767232952,176.80041813607863,2.041151598975441,1.1476608688981256,179.02430797294045,-36.03,-179.04,-181.71,252.65,2.039911510335681,1.1454456512641709,177.50098642388042,-32.52,-176.49,-179.21,258.14,179.25495271696056,2.0446048371262355,1.141853129785088,179.39177703882365,-31.74,-175.37,-177.93,258.08,2.048984690035531,1.140437635296205,179.79597724398255,-33.53,-175.67,-180.62,255.7,176.07488323053528,2.016005153763254,1.1475961354065285,176.27607210496305,-39.13,-177.49,-180.6,240.69,1.1894589902982218,0.0407532948264501,50.283516472858565,4,2.4752891568461246,6,4,123.84421180397898,1.813003372859522,6,2,114.38897295463528,1.8160635478969347,1,1,113.02427593459797,1.4178825691854735
XAVHIP_#[2],3544.0,3463.12,3533.54,3635.35,137.07,-83.26,174.79,319.69,0.7046063417159574,0.0056336170468613,20.032034297306325,76.65243049072052,176.0320869766171,2.035536629491101,1.143714186324538,177.82514943806876,-38.62,-178.73,-184.16,247.03,2.045217022714216,1.1337314055807044,178.72915547633448,-28.1,-170.12,-175.93,261.75,177.5290583504487,2.049161391886936,1.141571272413596,178.0084528409605,-31.61,-176.24,-177.69,259.09,2.0467745503596624,1.157423388393373,175.52984708949975,-36.66,-180.27,-183.43,253.72,174.8024381349489,2.0077389994717945,1.1555880840507151,177.54655518489628,-44.95,-183.32,-185.39,233.87,1.2405949789002078,0.0250126183876518,58.71407108628401,4,2.459649523814317,15,4,124.13318459845806,2.241638664013448,8,2,114.9983453456402,1.6669473267023174,6,3,116.21593802748502,1.7937458822252392
XAVHIP_#[4],3583.2,3514.71,3585.2,3649.69,206.54,149.57,42.21,427.84,0.7542068281538863,0.0064374660829684,30.3256877110814,118.26893929897858,177.02035270521222,2.0347166092603657,1.1538950992182957,178.03704152041345,-35.17,-177.02,-183.38,254.89,2.048189905746047,1.1366096735467284,174.50327891567974,-28.33,-169.11,-173.05,257.18,172.8753306014213,2.0463119850110822,1.13651167173945,176.72180557134345,-29.8,-168.71,-181.81,261.14,2.0353721698991576,1.1571506729894752,175.0547199733148,-39.83,-180.31,-188.82,249.65,176.16549511573663,2.0049003416628968,1.1448537024441157,175.46241690936463,-39.45,-177.73,-180.33,239.72,1.1666344922201388,0.0217095069551332,55.77904645487753,4,2.4864222992082423,15,4,118.04688266189972,2.241638664013448,7,3,116.70656625934951,1.7437880691184924,6,3,119.32977096403692,1.817638401883059
XAVHOV_#[4],3372.89,3146.14,3382.76,3589.77,100.9,-36.8,307.43,32.07,0.6608323655849486,0.0049404324325415,17.960542319539826,81.2159713604961,176.64236827684982,2.0378073780414083,1.1411031899000192,177.61520310099593,-31.24,-173.35,-177.2,256.84,2.0438665660947635,1.1407164196240889,176.9652795058618,-31.09,-173.17,-176.87,256.78,177.1598307341884,2.0658783434655583,1.131321178976156,179.75081623967387,-29.41,-171.71,-172.09,255.58,2.0367462924969324,1.1367996217451866,177.59303121543672,-32.39,-173.06,-179.74,255.62,176.86071908665946,2.028636808302561,1.1406835976729046,177.8748429031269,-39.93,-178.56,-179.86,238.62,0.7019772380144329,0.0115852940731112,50.88928903644414,4,2.439086497031214,17,1,114.1428670641149,2.0542553151933185,17,1,115.36341630357542,2.0466262311423646,6,3,122.5263964955102,1.8124234687290937
XEHVAH_#[4],3568.3,3404.16,3548.69,3752.04,193.52,220.61,317.33,42.6,0.8419314782386946,0.00812852708173,40.95316993541486,145.41344891831437,171.2589798150725,2.043885424870974,1.1349168647967127,174.7442505205109,-31.97,-171.92,-179.11,255.11,1.992890727059564,1.1776600782908455,174.57151047417636,-45.96,-186.52,-191.7,240.33,171.13715053238764,2.0296434613005307,1.1478706068194269,177.77754609786444,-37.78,-178.74,-183.44,248.85,2.029138341759872,1.152956759813654,175.15102080689843,-39.26,-179.47,-182.25,243.93,175.99778901364667,1.9863975483271208,1.1664763435235197,178.7039486003275,-45.8,-185.03,-187.65,235.29,1.180416845466087,0.0315126665436789,32.628358679993724,4,2.521549987606829,7,2,118.9609976788814,1.7101019092440073,7,2,108.3687780711844,1.6977799150655544,6,4,115.68829778959244,1.7959344475787526
XEMGOM_#[4],3677.52,3535.71,3705.97,3790.88,219.15,171.05,217.29,269.1,0.7775017363249248,0.0068711393768873,18.848521221073568,90.12579436337089,176.02161579403577,2.030050326962364,1.1406056505208095,176.44780407705636,-35.55,-174.97,-180.21,248.53,2.0437347626343305,1.1369953781788205,175.37943321483746,-32.71,-170.95,-181.98,254.81,175.86771005974688,2.0419686824239007,1.1395004958313972,176.157380786378,-32.18,-174.52,-178.29,256.28,2.0371317704066167,1.1414780111767373,179.59291614322106,-32.85,-174.57,-178.99,255.01,178.47500029597705,1.993838611823936,1.1469049917059388,178.5833114542347,-38.23,-176.07,-178.22,239.6,0.9399151852181172,0.0179821859096469,66.10074769846761,4,2.495845872645184,6,4,117.99838184920642,1.885318511551828,6,4,117.66577470070663,1.8742989329346584,6,4,122.61107347198386,1.8480898030128312
XEMGOM_#[8],3608.86,3536.0,3557.49,3733.1,119.25,-42.04,197.66,202.14,0.7151246884525024,0.0057755727988508,27.06208576215209,95.9192534433695,177.4484555770889,2.04734786736402,1.1314954440915783,178.75170782404024,-31.03,-172.33,-176.72,255.97,2.051753301447326,1.1361060733927977,177.40943147720483,-31.3,-171.21,-180.67,257.98,177.52184531213445,2.039324613689541,1.137775026092592,178.14547235878356,-31.4,-173.87,-177.48,257.16,2.030545251896644,1.1429243413279808,177.69854906178915,-31.22,-173.63,-179.56,259.53,179.2772498538814,2.018477569853081,1.14390332196388,178.87230270764186,-40.79,-178.84,-182.45,238.93,1.0291449750247603,0.0247767921124279,33.389217038005484,4,2.4665645339216247,8,2,109.28895847209527,1.6531334701106253,6,4,116.23637325090606,1.832781154420788,6,4,118.43619709094808,1.85548902718394
XEMGUS_#[2],3638.6,3543.46,3594.86,3777.48,298.87,255.28,283.59,357.74,0.8077794147216575,0.0073398659729679,21.78910232367403,95.59254352492108,177.72776371738993,2.033054836938739,1.1406212473910864,178.9311752652581,-33.68,-174.58,-180.14,253.69,2.042615624634257,1.1400871633344545,179.6072443229833,-33.1,-174.44,-181.45,256.59,176.10488682789136,2.042118786946539,1.1424476443146088,177.82361107487577,-34.77,-175.52,-181.5,252.71,2.047972687806163,1.1392998463969,176.65938501798047,-33.26,-172.67,-181.25,254.13,175.06352287021355,2.0044290408991783,1.148138772100307,179.0283488906256,-41.32,-179.14,-181.48,236.68,1.0224543156656043,0.0216295509235333,34.33983655400007,4,2.518705844277969,6,4,111.74152972319634,1.843599267736892,6,4,118.0587464157028,1.841895773381328,6,4,115.04931595308392,1.82571386038448
XERVAS_#[4],3691.68,3609.96,3652.63,3812.45,341.34,198.87,294.69,530.48,0.796677856885506,0.0071973338597541,18.927124966433297,96.19247335931377,176.32364999035318,2.042245837307546,1.1375393223972523,177.69602292674998,-32.93,-173.37,-179.78,254.36,2.030739079744121,1.1366980337802997,177.22275344551602,-32.62,-172.34,-180.12,254.62,176.63233892337252,2.0348192499580886,1.1342230556640964,177.67066091530256,-32.0,-172.22,-179.39,255.6,2.0383522610186886,1.1384185258506645,177.76343835846498,-32.89,-174.25,-179.26,254.85,176.20933019047408,1.9948515182840056,1.1463107781051345,177.30686424614166,-37.97,-174.45,-177.28,237.81,1.0097405619043334,0.0212900857159553,38.534942491190336,4,2.506208303393794,6,4,115.3136797554113,1.8043995843493208,6,4,115.75263748181416,1.8454290612212647,6,4,115.26362694303332,1.8493151408021296
XERVEW_#[4],3593.76,3460.71,3589.68,3730.89,414.15,262.91,278.54,701.0,0.7473014345937647,0.0062895738163052,21.76174288419199,95.3785176824843,177.3066545293418,2.03855111537582,1.1499756040890607,177.88374546166156,-36.3,-180.94,-181.43,253.46,2.057946957528303,1.1409322241044824,177.73870767404236,-33.49,-174.78,-180.51,254.82,175.15489845301158,2.050603403878966,1.1398640489110965,177.90354827945458,-34.24,-175.66,-179.84,252.79,2.0495869730265173,1.1410711853342017,178.25488903742587,-33.13,-175.47,-179.29,255.36,175.37927552147994,2.009776828406577,1.1523924722072771,177.95066140031557,-40.35,-178.01,-182.4,239.38,0.9914291791214342,0.0206172918448012,113.06266654206604,4,2.489673916399495,6,4,120.4506702894347,1.816342030015272,6,4,126.0214469901471,1.837479667914723,6,4,128.23745436918566,1.8323416930256216
XEYGOY_#[4],3634.04,3476.74,3639.3,3786.06,177.46,124.42,158.19,249.78,0.8251250098684848,0.0077058193213185,21.044902947003564,89.76306785348189,179.29142479393343,2.032533702057606,1.1347872267522223,178.86765465542717,-27.64,-169.54,-174.14,260.77,2.030307178729366,1.129747622259061,179.10035746349533,-29.08,-169.44,-173.23,255.42,177.42185375563295,2.0437250964843576,1.1358349924174735,178.5014658711596,-30.77,-172.19,-177.33,257.23,2.0395740805374047,1.122609856539662,178.2081653034402,-27.05,-166.9,-172.63,258.38,176.9141426813458,1.992746890601012,1.1527918025385149,178.0394857062361,-42.92,-179.8,-185.34,236.39,1.0852386997071457,0.0269317120262993,63.806017688302106,4,2.5228523956030404,7,3,119.5236510919664,1.6583898244984498,6,3,114.64802803227003,1.874421590784742,6,3,115.30497388359188,1.8652683721116377
XEYGUD_#[2],3477.16,3262.13,3453.69,3715.66,247.59,172.01,222.86,347.92,0.8043441337569459,0.0072877620101339,23.07473839888345,90.30922368263042,178.1995052981814,2.039799350426409,1.137228525846938,177.5233988392281,-33.41,-173.25,-178.66,251.68,2.0455167220044914,1.1422160960168617,178.82401251739265,-33.71,-175.28,-178.03,252.19,178.402332767334,2.032663899910657,1.145273530646718,179.3902826535358,-33.82,-176.42,-179.7,254.64,2.04618588842754,1.1343591053982855,179.05373734624038,-34.12,-172.86,-175.54,246.02,174.83687479622793,2.002769355167988,1.1451758423927745,178.9197157308963,-41.84,-174.78,-181.13,230.4,1.2085874817747917,0.022192737940945,93.04515530626549,4,2.5159935234415847,26,9,133.7139138829127,2.2906999519797435,6,4,119.13217409258324,1.7728055279697208,6,3,112.5269064238212,1.825300465676816
XEYHAL_#[6],3508.09,3286.5,3534.57,3703.2,176.7,171.21,266.11,92.78,0.9357806318596154,0.0098063128454067,39.54427065032665,138.43378244044956,174.6770376473473,2.0235513139033574,1.1634523711781248,175.63015869099223,-40.08,-181.41,-184.42,245.6,2.046752300597216,1.1425941449176098,172.2153418836772,-30.82,-168.69,-174.75,250.99,174.75231995882217,2.050079503336395,1.139620542110398,175.72705048058958,-31.54,-169.45,-174.8,249.62,2.0363662489837138,1.1113035003994196,176.62376158828093,-25.7,-162.01,-168.38,253.29,172.99647900751975,1.9892075934904327,1.1452762199574378,177.9189420554775,-39.72,-173.22,-178.69,232.77,1.3968141026602114,0.0294929805331868,33.86455681691928,4,2.5906597711779926,78,4,106.059787969345,2.3371135252700057,7,3,120.38114686032,1.7036670742841755,6,3,107.02428556398668,1.827292119503612
XEYHAL_#[8],3570.66,3313.55,3590.1,3808.34,183.6,103.42,168.44,278.96,0.9397052793582868,0.0098958482564662,36.41351274825658,126.5556068944046,173.90607994021812,2.022144784628441,1.1463364296749874,174.9665221480016,-31.77,-170.23,-176.49,251.4,2.0286239991679094,1.1301760084163863,177.49407183458692,-30.24,-168.73,-170.28,248.29,173.12870097919898,2.048635897371711,1.1104004052592935,175.75986253855945,-25.18,-160.74,-166.7,251.89,2.038272866914537,1.1111989290851565,175.89782530711972,-22.01,-157.83,-163.08,254.87,174.14503756455227,1.9913497432646023,1.147301468664622,177.2949438294743,-40.99,-173.7,-180.81,231.55,1.3859519331375132,0.0292307827504411,32.40814181340943,4,2.589628625884413,78,4,105.24349609508911,2.3291151044978435,7,3,119.5346502192947,1.7038336949362174,6,3,106.67830910062165,1.8289581023085264
XIBVUZ_#[4],3742.88,3707.14,3755.94,3765.56,437.11,406.8,410.15,494.38,0.7435539062784051,0.0062882202198979,6.936585666003751,62.41706123957893,179.14067126285556,2.0634252542798834,1.1258572911341822,178.4630403111404,-27.66,-169.66,-174.97,261.65,2.048856703139583,1.1302898610533498,178.00857917376285,-30.73,-171.93,-176.88,256.61,178.9315495727324,2.046643667080325,1.1312926632839089,178.01901928139733,-30.2,-172.72,-176.52,258.63,2.072555731458144,1.104614403310042,178.71721352883762,-21.65,-161.23,-166.33,262.6,179.60823829646776,1.994719341160556,1.1512624070992676,178.94827084366142,-37.83,-177.86,-178.0,242.37,1.6129946350558415,0.0763756414310776,63.08340502433988,4,2.4913724831907413,1,1,119.30589957489843,1.413929322844674,1,1,119.67062932588512,1.4155598539093994,1,1,118.6855460775334,1.418639002706467
XIBVUZ01_#[4],3760.85,3741.15,3761.48,3779.9,436.41,406.75,410.74,491.73,0.758292168752768,0.0065765201793336,7.594094911609716,63.36577375237596,179.1870805256827,2.042145560433928,1.1317129936516586,178.32814577426737,-31.33,-172.44,-177.37,255.83,2.0556801623793524,1.126212653098872,178.4336413302896,-27.84,-169.88,-175.08,261.43,178.57288513750655,2.0711879900192547,1.1090284306545075,179.14856991956557,-23.22,-163.34,-168.51,262.18,2.0340085545542825,1.1427208408005864,178.9148091176565,-33.82,-177.3,-181.03,256.86,179.61188202548308,1.9887567020628747,1.1486586002812145,178.64777835231723,-37.6,-177.13,-177.45,241.79,1.6168788732143289,0.0767419163321247,62.65186029132667,4,2.4933310951415986,1,1,118.72654938671997,1.417364720176144,1,1,119.6009646740508,1.4145857662227477,1,1,119.14608523537588,1.414285052597247
XIBWAG_#[8],3711.84,3606.59,3644.41,3884.52,420.54,303.94,473.47,484.23,0.9863659156254374,0.011024000718377,36.50273230472189,135.74421886406742,175.65605719380946,2.018414102705389,1.148209205676387,178.49470812415086,-35.4,-177.47,-182.22,253.51,2.014968657324476,1.133600811573457,177.61006046340256,-33.68,-171.1,-178.11,248.18,174.24135051763457,2.031383346392305,1.1263077021844434,178.31483238243302,-27.55,-167.26,-171.22,255.83,2.0229192618589606,1.1492355241637808,174.91917827725135,-39.05,-177.22,-182.49,242.56,174.82563128336255,1.967550319559833,1.147842454346414,178.14758943551195,-38.06,-173.78,-179.0,238.59,2.116239123957855,0.0754439146040656,52.1636395510608,4,2.602866686943455,78,4,132.41968877417168,2.3585889595264367,1,1,105.59164937299556,1.4200460344650805,1,1,106.25395771511964,1.425170488046957
XIPPET_#[4],3462.01,3222.2,3518.37,3645.47,167.81,163.06,294.89,45.47,0.7700936544695827,0.0065964521129137,23.831396919373475,97.35992712827928,179.06857626226628,2.064710308977993,1.1020442504727292,179.3227515180005,-20.19,-158.81,-162.08,260.3,2.066802832879808,1.1121392268956265,177.6757405268913,-25.42,-162.37,-168.99,255.11,178.7842160726413,2.048814940398473,1.1352501662629255,178.9843655941373,-32.71,-174.52,-176.93,253.34,2.0587018895410765,1.1330853498302769,177.95606430910308,-28.89,-170.67,-174.51,258.52,173.26097840134017,2.020080597401994,1.137847520540428,177.620435574182,-40.06,-175.42,-179.37,234.62,0.9810958630201334,0.0198106392319806,69.27066906947807,4,2.513878306521619,6,3,125.55311593035206,1.859562911008929,6,3,108.3966688922504,1.9021219019821,6,4,117.5838242235992,1.8177583805335624
XIPPIX_#[2],3647.2,3359.75,3684.62,3897.23,220.66,-70.35,181.31,551.01,0.6927756100636175,0.0054198666378033,15.301833693062193,76.18164303464906,178.7012244448849,2.038012733031862,1.1363678849738754,179.37831421187397,-31.3,-172.93,-179.61,258.64,2.045024244355065,1.13807810364667,178.39333363891518,-32.19,-173.18,-178.8,255.4,175.1125256209576,2.0414543982171147,1.1349589816376626,177.38379517662358,-30.92,-171.82,-175.42,254.48,2.037454041199457,1.1404480873761862,177.03207909907312,-30.91,-172.72,-179.06,259.06,177.24047730321718,2.022928283454458,1.1391295975436675,178.8823045611734,-37.68,-174.6,-178.78,240.32,1.0547590886399774,0.0255981240600064,97.46223449059904,4,2.4526401060897625,8,2,118.10921749344249,1.6739432039349484,6,4,121.27071291484752,1.7954803368458256,6,4,123.76398001578526,1.778978600208558
XIPPIX_#[4],3596.46,3304.18,3640.19,3845.02,220.11,-64.44,178.96,545.81,0.7286485876616857,0.0060148021813005,21.690353081737115,91.0059013634689,176.31236079862617,2.037594684916508,1.1438686769030786,177.69840781821992,-34.42,-175.98,-179.31,252.02,2.0516495948382603,1.1342404595146485,176.00993825364304,-30.92,-171.96,-177.46,256.65,177.32562983037204,2.033088925748207,1.1434119948644932,178.5404075832556,-33.83,-175.2,-179.13,252.82,2.0550529263257435,1.1358670960988355,177.05914741251732,-29.13,-171.56,-175.79,259.96,176.4459797064544,2.0081535050886923,1.147501677558687,177.71816122418602,-41.33,-177.78,-183.71,237.5,1.0842028054369706,0.0269154401990234,96.57917373132592,4,2.474297079980494,8,2,116.740363697653,1.6714380455164952,6,4,120.11064795887718,1.8072820753828107,6,4,125.701733420902,1.7757655081682375
XIQMAL_#[2],3515.58,3215.93,3621.76,3709.04,230.99,107.84,226.74,358.4,0.8339843844875376,0.0079251284201999,24.94542845259,110.81618404937262,174.40389652100922,2.032131565622658,1.13146190832922,179.09918680799365,-27.9,-168.45,-171.82,256.57,2.0356377035219206,1.148292319054692,175.43168243906712,-36.48,-175.63,-186.72,252.89,176.05048758321595,2.0020209239665805,1.157043188476558,177.7811663723511,-35.08,-179.0,-180.85,254.6,2.024630148940789,1.1545973367369249,176.039405591458,-33.06,-178.06,-179.55,258.41,175.0206957873493,1.9955025958389527,1.1572233405872854,179.33392450655646,-41.72,-179.02,-185.08,238.94,1.0318533876252227,0.0221785874184977,42.60055639417689,4,2.518375218270702,6,3,108.51547530179536,1.851989743492117,6,3,116.71405414292168,1.811802180151024,6,3,121.9773319182597,1.82762695591852
XOHDED_#[2],3494.08,3213.23,3549.55,3719.46,2.96,-559.84,273.84,294.86,0.7432739171377378,0.0063483080548563,36.672242754248,125.67801183347206,176.2231804447758,2.0224510006425374,1.1365408703605868,176.52210119723168,-28.63,-170.05,-173.45,257.6,2.04145855211415,1.1235185890762998,176.56539552087827,-27.77,-166.51,-168.75,251.97,175.14691669121578,2.049712338353848,1.1238809945897303,176.85653960308747,-26.55,-167.06,-169.18,256.6,2.0482178936822124,1.1355400345210205,173.65343074187626,-32.27,-172.58,-174.32,250.09,170.95267567093347,1.9858380699342029,1.1570687663229018,175.74512553301437,-45.97,-182.53,-185.41,230.03,0.7784549627411399,0.0206766963128247,47.66540930160373,3,2.475499921228033,15,2,142.42926579904068,2.03784512414462,6,2,116.01670593504444,1.7454722741997364,0,0,0.0,0.0
XOHDIH_#[2],3328.59,3186.71,3306.08,3492.97,9.41,-551.8,275.9,304.15,0.7107479254689526,0.0056925640263963,22.65505117844553,90.88192588265828,175.12012397146896,2.033171296275845,1.1562902317325006,176.92928056783998,-37.81,-176.96,-183.18,246.71,2.028865345457899,1.162805895237894,176.7226719152445,-37.05,-178.99,-182.77,250.62,179.91828602619853,2.074943635379044,1.1257249264362936,174.2151245852008,-25.79,-164.69,-166.22,253.54,2.074636710366419,1.1210920301206326,178.56572606461398,-26.71,-166.52,-173.22,259.61,176.15011707763716,2.0379855544139662,1.1382431813984215,178.15885888385083,-40.77,-175.17,-179.01,231.86,0.7735458488531637,0.0207429657433166,51.85673456979691,3,2.476369263660005,15,2,143.39404500838958,2.050039514253323,6,2,116.832398110512,1.7423802397869426,0,0,0.0,0.0
XOXTEK_#[2],3444.89,3325.97,3407.27,3601.43,242.42,273.45,383.02,70.79,0.7882533120892212,0.0070093681954785,36.40443247362323,134.73209914764763,177.8278601117308,2.067008848553871,1.1337160579263224,178.36435770700558,-26.37,-168.22,-174.47,263.6,2.0343558218758093,1.150639009420417,176.5548585546416,-37.17,-178.21,-180.13,246.82,171.87734825991066,2.0654798135058114,1.1232175835518243,173.43298906206866,-28.52,-165.1,-171.19,250.75,2.043079805098176,1.1242569012463302,175.90072022690794,-26.76,-167.02,-169.19,255.94,171.0462090053654,2.002045536445164,1.1368841541687529,179.46168962105202,-34.85,-169.65,-176.83,241.92,1.0011397785035772,0.0172100129283692,188.5596255844737,4,2.515345952349299,26,10,159.05152480547756,2.36532174766986,15,4,128.18891558506226,2.124635095728206,6,4,124.88327712550712,1.7548928257873757
XOXTEK_#[4],3562.77,3444.69,3602.74,3640.89,306.15,305.2,513.7,99.54,0.7934344208866868,0.0071311103496593,28.12863642980085,107.9203115536614,176.41337707212114,2.0659950750183325,1.120332580085038,176.52027421700973,-24.0,-163.12,-166.64,257.77,2.026522294473959,1.1312686948731498,176.834114695181,-30.2,-169.83,-172.41,251.64,171.9186711989586,2.037639757170045,1.1446329848471075,175.8774236360908,-34.37,-173.81,-181.98,252.68,2.058035174626517,1.1337477717728937,173.08575548623594,-30.57,-168.55,-177.18,254.02,179.9747081697278,1.998831090912888,1.1366358475782825,178.00948521257902,-32.38,-168.67,-173.22,244.75,0.6484798778236311,0.0054546753797152,175.7813274772481,4,2.51346533097236,26,10,140.8830939414445,2.3808862677582905,15,4,129.43209503254124,2.1212366251788133,15,4,130.59104336842486,2.124635095728206
XOXTEK_#[6],3441.98,3281.22,3422.61,3622.1,251.95,271.68,387.0,97.17,0.7841264244620123,0.0069285850176601,37.55983872896125,135.18903486105353,176.63442380185091,2.021351493432056,1.1463495365725065,178.31578754735918,-31.41,-175.52,-180.45,261.75,2.071224714993523,1.1255144157228731,176.77565405101615,-29.53,-167.69,-170.95,250.06,175.5470453360424,2.042815363658694,1.1328634074768236,175.51628589926878,-29.83,-168.82,-174.02,253.35,2.0584846125244654,1.125345871276915,177.82038349716606,-27.44,-166.84,-171.12,255.65,169.69098927223823,2.0135084131932497,1.132871952164056,178.6063464679714,-34.58,-169.8,-173.62,239.68,0.99092024933818,0.0171538063983482,188.6802001772038,4,2.511952774237605,26,10,156.875438743239,2.350762391225451,15,4,133.91584866626818,2.1212366251788133,6,4,120.04287652548706,1.7505582909460629
XUNREE_#[4],3079.0,2845.86,2882.28,3508.86,74.6,-76.37,215.7,84.46,0.7174136082191915,0.0058265884827834,18.35516171463979,75.56081604547248,176.6894208810422,2.0332953204097044,1.146562553897518,177.43785075204886,-35.04,-176.81,-179.04,250.72,2.0643851069991763,1.1307571534153562,176.9991816598702,-27.81,-167.13,-170.94,254.64,178.63318224272683,2.043130668851114,1.1344045530585636,179.39454736830965,-28.91,-169.38,-173.01,255.68,2.0659648980561114,1.1372979600790638,177.83510361884348,-31.35,-169.69,-175.87,251.5,175.51235445806086,2.0118546741750505,1.1454071590486945,178.23920727703,-44.51,-181.98,-182.94,231.39,1.004885795757323,0.0149319784847908,41.64647506934496,4,2.4741742986297472,53,1,118.0985574607655,2.448916156180118,17,1,107.64480185065632,2.0988069015514506,6,4,120.06165553824842,1.819397757501092
XUNRII_#[4],3268.24,3047.94,3163.26,3593.51,298.71,198.42,294.12,403.61,0.8437178008551365,0.0079898485374512,31.422089458877423,132.17092676575555,176.17933392170983,2.045322886490053,1.138959569080483,177.41711655371108,-30.66,-173.22,-174.43,255.69,2.046859379635054,1.1386909062603423,175.75383699381993,-35.34,-175.51,-180.4,249.9,179.6054900277475,2.0453037671700502,1.1320324951166376,179.5777106995414,-31.96,-172.48,-175.35,251.94,2.047903694024697,1.1370241730060096,178.39075523916895,-31.95,-173.24,-176.24,253.63,171.3384306972862,1.996009043065688,1.1452249080420842,177.9867663230631,-41.34,-180.3,-181.27,237.56,1.122172265248138,0.0271319679982486,45.10038003907557,4,2.5425104345901905,6,2,107.92324706945575,1.7618368426162505,6,2,103.42146105223478,1.7620023864910055,6,4,130.362392189915,1.859347544167039
XURFOH_#[4],3536.5,3335.54,3590.8,3683.15,152.81,-3.38,189.2,272.6,0.7176095767640627,0.0058305770355804,14.217130620410655,73.56002147590587,178.18045581914166,2.052199529772873,1.1336891637481583,177.00055337108878,-28.02,-171.1,-173.01,260.06,2.043485121061565,1.1348373892324837,178.80238596027314,-31.47,-172.77,-176.89,255.25,176.7360057364912,2.0361190289371582,1.1310402910595188,178.39968788424773,-29.65,-170.58,-172.92,254.56,2.0444649495650444,1.137848860789516,175.50385606181482,-27.04,-168.13,-172.68,259.69,177.9907210069296,2.0093243789891173,1.139372998626876,178.40018645094457,-38.09,-173.45,-178.78,237.96,0.7972781234789159,0.0136954254363622,68.50326831087109,4,2.467684347723589,17,1,115.21572512737852,2.055012325997098,6,4,122.17365224125572,1.8498471990951024,6,4,122.74623012786545,1.903637271120736
XUSSAH_#[4],3515.66,3322.35,3565.67,3658.95,317.83,157.92,287.76,507.8,0.7603206042896034,0.0064791445412194,16.131039283174815,80.09128191583575,176.83662970888656,2.0451016747340462,1.1429768982792263,178.05432323589815,-34.43,-175.49,-181.17,253.37,2.060155477142441,1.1367966704736607,179.1927255441777,-31.03,-173.35,-178.85,259.11,179.56210022557698,2.0584324327021286,1.144121676221546,178.14299349198032,-34.46,-178.06,-180.95,255.64,2.0433525417802976,1.1471738272816354,179.49379117055622,-36.28,-178.93,-183.02,253.12,176.50971757581468,2.0144093278179587,1.1447142787612985,178.56983639773523,-38.68,-176.85,-180.73,241.54,0.953828603123531,0.0186512410507522,48.93136946264818,4,2.5004826534091373,6,4,118.80563014510224,1.8713225830946407,6,3,115.70063745745873,1.894125637332436,6,4,116.4997035364561,1.828342533553273
XUSSEL_#[2],3635.9,3525.35,3653.34,3729.02,254.38,154.78,241.71,366.64,0.7509066350018139,0.0063492117686676,17.49780053003967,79.34761956901389,175.9214759958409,2.0451087721683656,1.1416347314268247,178.1388817103417,-33.85,-174.08,-180.95,253.47,2.045978098612007,1.1389172094581763,179.34237426894396,-32.94,-175.23,-181.62,258.03,176.9848194010386,2.0218228755259444,1.147154906714869,177.85364677609084,-36.37,-176.86,-182.68,250.42,2.0487034582877053,1.141964495945473,178.47490492980427,-33.76,-175.63,-181.3,255.63,177.5834351186804,2.0220151285289627,1.140765909378432,178.39775057767002,-37.29,-175.78,-177.33,241.25,1.2754149626289428,0.0451837710164865,36.92927160164001,4,2.487269647625685,7,3,111.4749846005438,1.67067513598545,6,4,118.47202018683372,1.8129517947259384,1,1,116.08331647448422,1.4273520869077818
XUTJAY_#[4],3442.82,3189.5,3505.89,3633.07,36.21,-244.17,159.16,193.65,0.6986182150844704,0.0054898351476497,21.273593646685413,83.98477598768855,175.1940973565761,2.045068018428727,1.1396726679182934,178.07977808045237,-29.91,-171.94,-173.7,255.93,2.0444050748322846,1.1415808906950038,177.3588612747099,-33.47,-173.67,-178.97,252.22,178.12959822254078,2.041610849305029,1.143568699291826,178.6110675521905,-35.21,-174.44,-179.72,248.53,2.0539395171231303,1.1375372125781211,178.82349124796255,-29.88,-172.26,-174.18,256.78,176.52251040150793,2.024355060259935,1.139376022215668,179.16339053343063,-40.81,-176.22,-178.92,232.71,0.8294983714513884,0.0224366184049897,67.63697830312192,3,2.461046633040504,15,3,126.51303456376644,2.172861261102512,6,3,141.7280457968229,1.6948301684829663,0,0,0.0,0.0
XUTJIG_#[2],3465.35,3307.65,3474.64,3613.77,114.19,-18.87,157.54,203.89,0.8076301689324412,0.0073789264044787,36.26297645060643,126.8141421568399,176.07374923622965,2.047499619047584,1.1332404952171449,174.82831578080567,-31.62,-171.65,-177.19,253.98,2.038983337352221,1.1442119296703734,178.8803595390139,-33.48,-176.23,-182.01,257.79,173.2288305963385,2.037071059143495,1.144354848812203,177.43088490520665,-33.29,-174.44,-179.94,254.51,2.0338005924868825,1.137810854228417,174.3926366918073,-32.44,-174.02,-178.06,254.75,174.40645007803045,1.9951321359749568,1.150107425417297,178.45774987463057,-40.03,-179.41,-181.55,240.86,1.0287415921812797,0.0242114168669072,60.251340357487294,4,2.515075450160493,7,2,103.2469940231773,1.708416559273529,6,4,115.21062736163032,1.9702414623593725,6,4,129.59994351497355,1.8090851444860183
XUTJOM_#[4],3527.51,3377.45,3469.21,3735.86,114.58,107.73,213.56,22.44,0.8121380905889715,0.0074034324116288,26.750175465261165,114.97990293139723,172.20078214103316,2.033483535709105,1.1397421506639125,175.2176509270079,-32.23,-172.12,-176.09,251.51,2.048888208272965,1.143834454805414,173.8438848478093,-35.49,-174.72,-181.72,249.97,175.86520396898652,2.040727958352117,1.1460403526926963,178.83697221212304,-36.84,-178.5,-182.79,250.78,2.0358080975376827,1.1402073978009444,178.4858555124399,-33.47,-174.05,-177.61,251.24,176.9555050308274,2.010167764143082,1.1428397744215957,178.7905831117853,-39.56,-177.03,-180.89,239.25,1.1946997282282097,0.0329958692332938,43.57856176949768,4,2.521097967156374,8,2,111.27605951749813,1.7001039556450652,7,2,121.64789329056872,1.6601691148795656,6,4,115.7259110998968,1.813621374488072
XUTJUS_#[2],3481.38,3224.82,3529.67,3689.67,154.49,200.81,255.16,7.5,0.808222803538345,0.0073019751016355,27.092684713685657,99.3907500547769,178.3191280598149,2.0338805397564537,1.150900256321111,177.48555409238776,-38.52,-177.47,-186.98,248.89,2.0493319618841643,1.1296713637160145,178.48223158881507,-28.69,-169.53,-173.65,257.13,177.53379773327987,2.0344116815433404,1.1436904345145154,177.3700251064082,-34.21,-173.96,-180.24,251.56,2.0542926714565284,1.135627672258826,176.57985535500572,-28.76,-171.06,-176.53,261.29,174.12247079947812,2.019378461309321,1.1362588833536134,178.5488386183611,-35.89,-174.52,-175.9,242.76,1.0602447697630275,0.024618741802321,48.6436375338704,4,2.523192745312969,7,2,108.56472509454622,1.71611841666011,6,4,126.98996195989622,1.8928977811810128,6,4,114.533398450343,1.840072498571728
XUTLOO_#[4],3401.29,3188.31,3312.57,3702.99,241.29,145.32,269.86,308.71,0.826904539275249,0.007743031424092,38.678653688084864,133.75651573004887,172.82436798267844,2.036407810336623,1.149243720887784,175.31877464553597,-35.94,-176.35,-178.49,247.03,2.0384738531558364,1.1438251702074054,177.98287255264805,-36.19,-177.25,-179.48,248.18,177.18073010049793,2.0261062089633897,1.155655679690106,178.44249914536397,-38.81,-180.53,-182.51,246.61,2.03882940188727,1.1488288732444003,179.5861704068081,-34.98,-177.98,-179.47,252.51,171.48169914788969,1.9925969712914853,1.1600057327444548,176.91259195921506,-47.9,-184.35,-188.59,229.24,1.1445217581642548,0.0294419802829406,35.16495890239261,4,2.5226255726920703,7,2,116.2941947349697,1.6777534830838534,6,2,104.4113853196394,1.7751854720000386,6,4,119.58925383498928,1.82589424666381
XUTLUU_#[2],3557.42,3342.02,3587.91,3742.31,149.66,143.84,20.51,284.61,0.8025408522912008,0.0072384458790077,21.128446303839496,96.62504405293475,176.74110861488566,2.041325929390013,1.1527765351532793,176.5908128251254,-36.06,-180.09,-182.42,254.32,2.035032957964072,1.13034057257094,178.07584164747573,-29.5,-168.91,-175.46,255.88,176.7626635019469,2.0346453843360512,1.1388971727070014,176.1958744483869,-31.59,-171.17,-176.83,253.23,2.055099914845991,1.1205609354247543,178.50911529474735,-24.51,-165.28,-169.56,261.3,177.2614805402687,2.009180522003934,1.145568932888806,178.75733026178466,-39.59,-179.3,-180.78,241.31,1.1409646895146626,0.0295587230110883,46.50661891177029,4,2.516581453082733,7,3,104.54272836302594,1.801599347801836,7,2,119.1714405131046,1.6598604790764788,6,4,121.96127962463171,1.8063551533405604
XUTLUU_#[6],3542.02,3359.24,3535.56,3731.25,149.0,148.63,20.41,277.97,0.7941657180859822,0.0070826732107423,22.16121505608011,93.27961131769804,179.48852440376083,2.029018213323873,1.1243004046961826,179.21427805830265,-28.57,-167.47,-173.65,255.41,2.062047353966441,1.1255832710199631,179.55110023020282,-29.04,-169.96,-173.0,255.83,175.96697569353248,2.019758842040307,1.150140608795289,174.601746194826,-34.78,-175.94,-180.68,252.29,2.0402280975420366,1.1340370143870977,173.93357412150544,-28.97,-172.74,-173.58,259.42,178.30035712729244,2.030994192507699,1.1237007119335642,178.3196280814127,-33.31,-170.27,-173.33,243.66,1.1439554188727863,0.0297967413449654,45.7547679996689,4,2.51290877072766,7,3,103.90851969122552,1.7965165014549689,7,2,117.6880465399005,1.6579268650938737,6,4,123.1213734109074,1.796372107888564
XUTQOT_#[4],3590.44,3445.77,3644.01,3681.53,228.77,135.53,212.78,338.0,0.7956673403443504,0.0071564955532741,20.839298093294715,90.2776024745022,179.17391039553905,2.049998041462478,1.1361499460898647,176.86425789378308,-31.83,-171.58,-181.44,257.53,2.0222062852241374,1.1470727352700856,177.69331966390422,-35.26,-177.39,-185.21,256.82,176.44948559806824,2.039643248217688,1.1369565471028342,177.03863153812975,-31.0,-172.21,-178.13,257.36,2.032630000762559,1.1468567129332243,176.5585104123476,-35.69,-178.5,-183.64,255.08,177.27131619820946,2.0054705308231284,1.1463553114109082,178.01578183703376,-39.7,-177.14,-181.99,240.05,0.9842247575654222,0.0200588368667866,40.98536194406114,4,2.507390025504608,6,4,115.58126733507449,1.8956913751979776,6,3,113.53943828333506,1.8288994641587053,6,3,118.75305537117104,1.8291297220262976
XUTTUC_#[4],3490.63,3373.49,3409.0,3689.4,283.87,236.72,258.97,355.93,0.7717869532375023,0.0066661765752759,22.927795373110385,101.00808396398163,176.713654643575,2.0456236359604363,1.1308373799976728,176.0431067264114,-32.37,-173.89,-176.39,253.16,2.0550640403646803,1.1396136538318586,175.81325503357505,-31.61,-173.35,-178.45,256.97,174.22651447799956,2.052120586125484,1.1259317252835537,177.51505783522785,-27.78,-170.31,-172.25,259.22,2.050115872335026,1.1333882741585066,178.23018209753195,-32.11,-172.35,-177.12,253.13,178.42984996319055,2.013620128028125,1.1512915356242308,177.8641351814436,-42.8,-179.01,-182.77,233.38,1.0113326947026546,0.0213055021290737,31.541108478529523,4,2.506381024505252,6,4,114.70727721828004,1.8428644171506483,6,4,115.27604096495948,1.8305833878848563,6,3,113.54670819219956,1.823029879074943
XUTTUC_#[8],3512.25,3349.07,3473.57,3714.12,283.71,230.93,265.35,354.84,0.7918549226289708,0.007142376527053,12.741052361643696,83.60797542537921,178.45924500847502,2.0718717648541856,1.1127994967648036,178.41259251193594,-24.17,-163.75,-167.88,259.1,2.049992070716373,1.140731787056011,177.46146459203536,-33.55,-174.28,-179.06,252.68,178.04328867964094,2.032582756002815,1.150063719973811,178.88521962916528,-35.98,-178.92,-180.75,251.73,2.013389184931716,1.1456354175740209,179.55885313319217,-31.43,-174.82,-178.64,259.16,177.22070597449695,2.000902126541925,1.1487574722281462,175.89956163565424,-43.18,-178.64,-183.23,232.33,1.0193594173414064,0.0216678021728445,26.417496802469145,4,2.508860534186785,6,4,113.59604592562744,1.827621322922229,6,4,114.9688825604575,1.8341327242050944,6,3,112.5829886858957,1.8261087207502185
YARBUO_#[4],3750.96,3651.75,3747.5,3853.64,384.8,197.18,247.25,709.96,0.782887994303765,0.0069987988360919,26.750973855516094,104.58485899674076,174.72264786639704,2.033733138836067,1.136862401524476,175.24935204140155,-31.74,-170.18,-178.54,253.51,2.0312985649578947,1.138894889794488,177.2318575830647,-29.95,-170.99,-176.96,258.11,175.0598702549289,2.035285940599011,1.1510201475213195,178.32464955716816,-35.68,-178.22,-182.58,253.77,2.0262736685847744,1.1545979819833392,174.70200596690012,-34.23,-176.59,-183.8,257.71,177.3792373591123,1.9884161335092807,1.1512390976682465,178.14104146348913,-37.86,-174.99,-179.85,241.25,0.9847485905793087,0.0202459192653282,124.15718826541224,4,2.4927342858796644,6,4,134.56754999483005,1.827632493145162,6,4,127.69635414473068,1.8592055426982763,6,3,118.52245448127276,1.8218676406369367
YEDYIS_#[4],3501.74,3307.0,3474.81,3723.41,233.76,109.75,237.89,353.63,0.7773861488128575,0.0067755662903274,17.201242542912325,71.24294613604513,177.43968783202226,2.0305873066677047,1.136064351170302,177.79067110363212,-33.83,-173.56,-179.96,252.02,2.065547164796776,1.1214813997565898,179.07745241477213,-26.16,-167.13,-169.96,258.6,177.23359352750728,2.042740193955168,1.1365836660800652,179.59809850210266,-33.57,-173.17,-177.97,250.42,2.055334369391024,1.1317509001542696,179.04680551741973,-29.26,-169.37,-177.51,259.11,176.42985203791588,2.0179176717596765,1.138498612208202,178.74216972557363,-40.58,-177.77,-178.9,234.95,1.0855184685663402,0.026119720940403,36.07180405400112,4,2.508857030601785,7,2,108.68727074558956,1.699641826974143,6,4,119.11803109073948,1.8353368382942667,6,4,116.72006266582332,1.820555489404265
YEDYOY_#[4],3507.25,3325.07,3454.05,3742.63,235.38,119.86,237.24,349.05,0.805883247481527,0.0073008144668297,21.92223346635504,93.63145024105457,177.81022064742143,2.022457186197028,1.1586024814404638,178.30942373752305,-39.64,-182.88,-185.08,249.05,2.0328418064374807,1.144898152675599,179.53317975135013,-33.74,-174.8,-182.99,256.58,179.30084363539484,2.057613493832114,1.1312916600063836,179.56862054688472,-27.48,-169.13,-173.89,260.57,2.0371413500294966,1.1370147316547845,178.18374737293036,-32.92,-173.39,-177.94,252.57,172.64934215278507,2.0178667498127822,1.1431758219976489,177.14435466495917,-41.71,-179.53,-179.81,234.21,1.097420920567132,0.0266809065955952,44.68358181068953,4,2.517114065750696,7,2,103.89295848470516,1.6958659764262027,6,4,118.54615166723735,1.8273949381565,6,4,121.36400680481094,1.8332394415351203
YEDYUE_#[2],3486.55,3274.03,3454.21,3731.42,235.11,116.17,241.33,347.84,0.7827083374848391,0.0068842440930131,18.83360761460713,84.68609132200905,178.1413665896982,2.0386877789401687,1.1467607422649244,178.65324544735668,-36.01,-177.23,-182.63,251.83,2.0670114295765285,1.1312597137704494,179.16665341114927,-28.77,-170.26,-173.68,257.64,177.51481294167914,2.041662060675076,1.145100925682974,178.5424083720572,-34.99,-174.57,-183.26,252.85,2.029981788095647,1.144879814653049,178.43903618187076,-36.05,-177.18,-182.53,251.57,174.1307359354514,2.017052550133485,1.1414405372160223,178.64495524119894,-41.63,-178.06,-180.21,233.39,1.079703309956609,0.0257893690284051,32.93875979169647,4,2.5085041239750847,7,2,108.04961809853545,1.702272281393313,6,4,119.01889757655502,1.8303659634073184,6,4,115.4346840449216,1.833467507211404
YEDYUE_#[4],3512.82,3328.55,3469.1,3740.79,234.95,115.3,238.86,350.7,0.7761084275568053,0.0067889887427609,20.12976622693739,84.19433177400498,174.3839282358591,2.03759863319546,1.1389195274469557,177.01748799948615,-34.85,-175.01,-180.65,251.11,2.06219592667622,1.129629098421248,177.4375023883584,-29.85,-169.8,-175.06,255.31,179.9167551507009,2.0270826130180293,1.143357695561629,179.82151845088856,-35.68,-175.48,-182.65,251.09,2.0482589094155066,1.140673932375068,179.3777468308555,-31.53,-174.0,-177.65,257.07,176.1716296935481,2.0116388343835467,1.149207696632772,178.90645295938728,-43.21,-179.51,-183.53,233.41,1.072861236802418,0.0254800312986085,33.23428739063975,4,2.503020039871836,7,2,109.35719512212933,1.704194827477187,6,4,118.44897461049558,1.826670824204513,6,4,116.07692280279342,1.832471994328972
YEHMIJ_#[4],3453.14,3327.83,3380.46,3651.14,247.75,204.54,228.65,310.05,0.8730413772992935,0.0085510579725712,23.727295689282883,95.70565840276107,176.09329382801045,2.05286780382956,1.1393800507293423,177.25366197865625,-32.83,-175.32,-179.43,256.25,2.0390136169236337,1.144065745488431,176.6024796399907,-34.73,-176.87,-182.49,255.16,178.22855356024718,2.045296606851925,1.1386085279849254,178.9179207523218,-32.72,-172.73,-179.58,254.14,2.042087103920889,1.135334281170088,175.93208269245784,-30.04,-172.25,-175.66,257.78,178.39664232067378,1.9925334652145728,1.1510811048748928,178.74914641310363,-41.95,-180.14,-182.67,236.97,1.0766112914991246,0.0236817837095672,37.76620169364405,4,2.558184545727693,6,3,113.28702068374092,1.8319199818769367,6,3,112.88756744844524,1.8430746213867728,6,3,119.99910498346507,1.8463364509211209
YEHSAJ_#[2],3848.25,3722.83,3833.25,3988.66,214.07,225.66,334.99,81.57,0.7384102074480174,0.0060817253922458,14.910620301455864,73.55831728241606,178.1711568672433,2.044809330964626,1.1260167583122374,178.54441575833224,-30.4,-170.52,-177.07,256.39,2.06170124896892,1.1069660247722148,178.56241750240423,-21.77,-160.4,-168.57,263.66,177.10356168104008,2.033535313192274,1.144495998245515,176.6045603712059,-35.04,-176.1,-184.99,255.98,2.053682728660881,1.1166891689275036,175.934465300862,-26.42,-165.38,-174.53,260.64,177.64665969222662,2.039496423139791,1.1161473110660611,178.96781594610096,-30.28,-167.15,-170.74,247.07,0.952563889347306,0.0188167686864575,89.6796095063749,4,2.4896911334541083,6,4,123.69656846961192,1.8764762162095208,6,3,118.96912700096472,1.8125503965407408,6,4,126.42305924735206,1.874919008917452
YEHSAJ_#[4],3758.77,3695.31,3737.94,3843.06,220.27,145.55,197.08,318.16,0.7798005422012313,0.0068666001559302,28.23035830627886,109.31619512593608,173.47165981216227,2.0662757052242573,1.131583054839546,174.61990768930292,-31.3,-171.1,-177.28,254.48,2.0226545552812523,1.123772614900363,174.6166706837855,-26.86,-165.35,-174.21,258.98,176.49629854643686,2.047923604532162,1.135938611897667,177.05381938977337,-31.89,-173.02,-179.15,256.49,2.03372672943048,1.131293016861679,176.69388112184302,-29.06,-169.82,-176.32,258.96,176.81711294572173,2.012432182708277,1.1271230766868363,179.01238409950827,-33.09,-169.63,-171.85,242.23,0.9557610480849316,0.0187820168393092,97.31061048447678,4,2.5044828807560244,6,4,124.13213815630648,1.9087692631640945,6,3,127.35803553968658,1.8192998790743664,6,4,120.67500071747372,1.8738574038597493
YEHWIV_#[4],3927.96,3869.96,3889.13,4024.78,217.07,219.08,335.69,96.44,0.7392735504564054,0.0062242189971654,22.30503786434097,103.03806472580744,176.6063579333492,2.033241274418753,1.107328338840835,177.16944002159042,-23.31,-162.1,-169.0,261.17,2.0323470102322587,1.1347659406238826,179.42971723508066,-30.1,-172.39,-178.73,260.8,174.68552085673872,2.041587311382984,1.1262372485404657,173.50364429398934,-30.22,-168.2,-176.67,254.22,2.0578989601046977,1.1071407543758844,177.80509740660543,-22.36,-159.95,-169.99,262.85,176.7065197812294,1.9995632923216016,1.1405617650964788,178.5587087937076,-34.96,-173.4,-176.5,245.02,0.9452339831037756,0.0188660401544488,94.25659671877384,4,2.4764916999659023,6,4,124.21715984491632,1.8808121809473703,6,4,123.36049959940036,1.8704617959209968,6,3,123.3767578480962,1.787733156821789
YEHWIV_#[8],3890.99,3797.65,3837.48,4037.83,216.03,101.07,219.95,327.07,0.7491802797249552,0.0064232805548807,26.82837427046445,103.65042130863476,173.9822566117461,2.045819625480213,1.136610087057122,178.67766415074112,-32.08,-174.82,-180.13,258.7,2.057861146919296,1.1183907814355425,177.21786336994688,-26.27,-164.28,-174.78,260.25,174.82679088128148,2.0150491061013875,1.1520641127992832,179.4807254120453,-36.57,-178.56,-186.67,255.52,2.0480443476643755,1.0995840577236475,178.4009711999677,-18.73,-156.7,-164.0,264.5,177.3583614341315,1.995139656765911,1.1539717024260168,175.96406306706834,-42.88,-180.09,-183.45,234.91,0.933394259283676,0.0180186268802955,94.530126353141,4,2.48189094442121,6,3,121.19947014848714,1.8279728280256256,6,4,127.62631724397036,1.8556611786638209,6,4,122.34165381079605,1.8952503080068328
YEHXIW_#[2],3704.75,3631.69,3688.73,3793.83,218.78,137.05,204.16,315.12,0.7782281654225298,0.0067570819845952,19.08361303346372,91.87954575542274,177.31822526955003,2.064389260774237,1.12054510841822,178.68835820139273,-26.45,-165.31,-173.91,259.85,2.0364610578157376,1.1219717866328025,179.0386546062579,-29.82,-169.83,-173.45,253.83,174.6043987178051,2.049425065719652,1.1297311007492008,176.815180595025,-31.0,-170.8,-177.38,255.19,2.0408510920691887,1.1341897283964442,176.53087380816893,-33.57,-173.91,-181.53,254.73,179.35158880439403,2.027426876609857,1.1299521892540407,178.04348047601786,-33.59,-168.48,-174.61,242.34,0.9672470116562246,0.0192608729743202,91.13253635245464,4,2.5106475698512525,6,3,121.5649466277958,1.818478608617654,6,4,119.82101467232154,1.8635864267588984,6,4,127.9997663607052,1.915383650864756
YEHXIW_#[4],3837.82,3739.63,3802.84,3970.98,215.53,224.97,324.87,96.75,0.7368020325459703,0.0061425623375833,24.96465706463865,97.68028698761955,174.91082936234008,2.051136492289092,1.1206181954617738,175.286345032386,-29.31,-166.95,-177.39,256.41,2.0365185734483244,1.1378229255907983,179.23969760400985,-32.5,-174.61,-180.33,257.45,175.0013477481751,2.031911683612258,1.14620996767608,176.66820280215708,-35.98,-176.37,-184.74,253.17,2.066673128484522,1.1192351584899398,176.0744060002464,-28.54,-166.4,-177.84,258.63,177.56232013663077,2.0115131244911124,1.1386033066876282,178.84160922528247,-36.47,-173.28,-177.68,241.54,0.9528426768073628,0.0189337685701154,93.06277593877942,4,2.481631819992644,6,4,124.61544222309578,1.871444645187242,6,4,123.68989530622746,1.8556063456455416,6,3,122.12130231733066,1.8121591155304213
YEHXOC_#[2],3892.85,3803.27,3859.2,4016.08,199.15,202.47,330.31,64.67,0.7456319506796465,0.0063038799089104,34.64993556694182,130.0628411202524,171.72116887482775,2.070068643789379,1.0711127951807875,174.92747515529825,-14.9,-147.1,-159.88,262.28,2.051702497927027,1.1228879418713158,173.85598600958153,-31.12,-168.1,-176.51,251.25,173.2490790232182,2.0387299992887726,1.1051364621620257,176.04953508259717,-22.87,-160.58,-169.66,261.64,2.0060661255302623,1.1425733849517068,176.17928578476565,-34.03,-175.58,-181.94,255.41,177.92019437546114,2.031406030314964,1.117679717092513,177.5356480302362,-30.69,-165.64,-170.98,244.56,0.948565588468715,0.0186715649199586,87.32687403829453,4,2.486973829777869,6,4,123.01610206390052,1.8868897503563904,6,3,123.37096318533018,1.8154433425474887,6,4,121.63414155214896,1.861457219492299
YEHXOC_#[4],3864.73,3772.96,3878.09,3943.15,216.24,116.35,216.58,315.77,0.7467719459545057,0.006334134201638,18.14126335467192,80.60730259264932,176.94185692327062,2.049379854980525,1.1070245209569658,179.42762974835037,-22.17,-160.31,-167.24,261.05,2.0362072119506904,1.142591523686396,179.20597030285043,-33.58,-175.07,-181.94,256.28,179.42496505674325,2.0420094074220123,1.1228652367938017,179.09814497031346,-27.31,-167.52,-176.19,261.78,2.014676160081317,1.188329407193141,177.9857825226749,-46.27,-193.12,-200.55,254.87,177.87435569232952,2.010988674756775,1.1343840839856665,178.66787438008814,-34.55,-171.5,-174.05,241.91,0.9265379278708844,0.0177361948695374,90.6955116415762,4,2.4787154294109666,6,3,121.25381946368742,1.8276591285029065,6,4,121.1541598231802,1.8909749575285224,6,4,127.16094196037042,1.8644363464597025
YEHXUI_#[4],3908.69,3780.51,3917.95,4027.62,219.23,100.66,219.72,337.32,0.7312460027974352,0.0060967151676228,19.8585636620436,88.47769721801022,178.9367569194003,2.025137363242306,1.1300471715817884,178.67393018102982,-27.28,-168.0,-175.72,261.89,2.0403230283462475,1.1335475331894995,177.7051910495809,-28.9,-172.62,-177.16,263.09,177.17493796462077,2.0515265291972224,1.1284150034450973,178.83475994215686,-29.58,-170.54,-177.9,259.71,2.0631153094289227,1.1198682422499533,178.60501098171432,-27.79,-167.42,-177.3,261.34,175.6820528632981,2.0009599921037906,1.1209496866496729,178.2701478631172,-30.8,-167.67,-168.53,243.8,0.9390273944384588,0.0185139540258124,92.78603317367204,4,2.474960046142159,6,4,123.92155580105792,1.892777815804064,6,4,126.21086062285428,1.8497421577073927,6,3,120.25732785593176,1.8043053760381027
YEHXUI_#[8],3858.72,3749.8,3853.43,3972.92,218.75,107.33,225.35,323.59,0.7222935382283402,0.0058918762010227,20.738422540930102,100.33304416193069,176.7777666249885,2.050258717820754,1.1136744632072693,178.0153163017667,-24.13,-164.56,-171.22,263.4,2.0318938087409983,1.1463996772504774,178.6718340434113,-35.77,-177.44,-185.14,255.26,175.17958483714258,2.0715544356835034,1.113168167888391,175.39033264310888,-24.88,-162.37,-173.46,261.2,2.0313484880738706,1.1404038100602782,176.97704746524622,-34.08,-173.59,-182.26,253.63,176.29299599730803,2.0240427144702253,1.128183641966146,178.06705984834775,-32.79,-169.0,-173.6,244.22,0.941256801471026,0.0185244447058739,90.78819365538732,4,2.475195755894875,6,3,121.56985872585646,1.8093956477232955,6,4,123.77812639593186,1.85622998844432,6,4,124.14769740375591,1.8774480285749584
YEHYAP_#[4],3878.88,3754.02,3870.7,4011.94,221.86,106.17,227.32,332.1,0.7370670689921068,0.0061271091221794,17.246720861625803,80.31001247923984,176.60564153566088,2.026567556238873,1.1486355644850983,177.61154612595757,-37.2,-178.48,-185.46,252.33,2.046459374138661,1.1230694234997225,179.44211182016662,-26.55,-167.77,-175.55,263.68,176.6696487024552,2.040364550760476,1.1387621437332744,178.30892648630194,-33.46,-173.41,-185.55,258.56,2.0438251857729908,1.122787446491988,177.2047380813358,-28.89,-168.04,-176.29,257.66,179.1960488320209,2.01958673742922,1.134154636722876,178.54797550366644,-33.98,-172.34,-173.64,244.04,0.9434192030975884,0.0185662204638207,89.4671738711224,4,2.4776009222633086,6,4,121.09585943774766,1.8674705539847205,6,4,124.86795300961148,1.8675417558919536,6,3,122.9710732984648,1.810952050718076
YEHYAP_#[8],3745.55,3654.31,3753.21,3829.11,216.33,120.09,210.05,318.85,0.8102934590086504,0.0073809701646803,30.095127814941563,116.5926564245329,175.93244589874917,2.037979960647307,1.1344176391435388,177.055919716632,-27.68,-170.1,-174.97,262.01,2.0412373428878867,1.129323735693181,176.42900457460567,-29.24,-169.28,-175.78,257.35,175.00187999479553,2.0562440273469487,1.1145351407649742,177.74453300614732,-24.21,-162.46,-170.11,259.93,2.0395874803498866,1.1230491841411043,176.09822983711473,-27.01,-165.55,-174.73,259.25,172.30352572244095,2.004053394997249,1.120563416322343,178.28689174783844,-31.99,-168.5,-170.72,243.26,0.978608665488398,0.0197116604169175,94.66966707204254,4,2.5219965166510447,6,4,132.86951628075514,1.922149138334484,6,3,117.5134542941197,1.8085771147507093,6,4,120.23733672770932,1.878045965891144
YEHYET_#[4],3848.19,3718.75,3834.64,3991.19,219.88,101.11,224.71,333.82,0.7285062375979021,0.0059847812949407,26.8722037305253,110.34541225803356,174.61284247706482,2.034812033088069,1.134266220955204,174.5916187905258,-31.38,-170.46,-180.93,257.26,2.0628712150786344,1.1080861518853125,177.01146671895185,-22.43,-161.41,-168.45,262.57,176.3607118262819,2.047116432936827,1.116848534941064,175.61178481142105,-26.51,-164.17,-173.15,257.8,2.068977237670825,1.1027874727253657,176.9882923972748,-20.6,-159.55,-165.55,263.31,173.97655079519723,2.014354013077145,1.1269371721617845,177.6101441396851,-33.72,-171.42,-172.36,242.61,0.9490768131901476,0.0187209973886819,91.09480221976472,4,2.4827299289290417,6,4,127.44358308187364,1.864918352100165,6,3,118.54387709332048,1.8159843914527456,6,4,123.69546175458665,1.869133416853918
YEHYET_#[8],3837.14,3727.99,3800.54,3982.89,215.21,116.02,217.96,311.65,0.7514537705296047,0.0063323214159581,20.90703176688558,94.28207594217072,174.2514032915966,2.03167627588649,1.142913159430759,176.33323682754332,-35.98,-175.61,-182.89,250.57,2.0575006901578448,1.121001556644771,174.06657094618356,-28.26,-166.54,-177.31,259.06,177.48809347990166,2.040086483460935,1.1294005932351912,178.0269699181966,-30.97,-170.31,-178.46,255.85,2.044993369182403,1.128515236937455,175.7409052823274,-28.56,-168.38,-178.18,260.87,176.46537575435045,2.0262382016929803,1.1244270051897545,177.63769924995597,-30.55,-166.92,-171.88,247.14,0.9536126208778416,0.0187609842067621,90.78083377720742,4,2.4909712663938937,6,4,122.88302064403771,1.8733792888787888,6,3,124.4180600987442,1.8258693847041745,6,4,122.12928995967096,1.8664398838430345
YEHZEU_#[2],3841.35,3753.07,3852.99,3917.99,231.08,134.99,224.71,333.54,0.7110231120043498,0.005707673249099,18.36210608909495,82.335854903009,175.76569747375646,2.0634124187859304,1.1036091971345652,175.24213941887612,-23.25,-162.27,-167.97,260.5,2.076745266035293,1.1007105068999743,174.9434847507614,-21.66,-158.55,-167.76,261.32,176.2919880242125,2.032827159401409,1.1136157550968833,176.55172347990185,-25.1,-163.2,-172.22,260.12,2.062898969896489,1.1092911114761537,179.5033462872132,-22.71,-161.77,-168.87,262.52,179.26332681726726,2.016489625562204,1.1482220821774856,179.29104551291962,-38.75,-176.68,-181.44,241.87,0.9388793571236792,0.0183990428513957,93.87191521708364,4,2.4770885551388755,6,3,121.6583114046935,1.8136561360963657,6,4,124.88650855467412,1.8886123080187736,6,4,124.21568286194092,1.8512385070541288
YEHZEU_#[4],3834.52,3733.1,3802.36,3968.09,218.66,103.46,227.13,325.4,0.7356125882457327,0.0060923789656402,20.499216105907763,88.09318767479782,175.9005974192477,2.036456503341036,1.1395307191997937,175.0280780219493,-34.5,-174.14,-184.57,255.22,2.045664647492349,1.1287796994985335,178.11888807540555,-30.26,-168.72,-178.5,256.46,176.29951570980128,2.027433868218641,1.126230296165043,178.44194388039594,-30.37,-168.46,-177.69,255.03,2.060748672206293,1.125508587261776,177.47169017634388,-27.58,-167.57,-175.66,260.51,177.24377320582087,2.025743127842224,1.1299273383718087,178.34521491972552,-33.97,-170.35,-174.33,242.76,0.9421064108051584,0.0184000667145323,89.02104474579086,4,2.4805769167675487,6,4,124.6164877452041,1.868562174507448,6,4,121.83105359548652,1.866500613447529,6,3,122.33310289881392,1.822455140737351
YETLEO_#[4],3692.85,3450.35,3664.74,3963.47,456.39,261.53,277.6,830.05,0.751822302607529,0.0064196702125953,21.314159801007776,91.02824996367126,175.2261159448451,2.0194598634288323,1.1408333313854395,177.72068725569054,-31.86,-172.78,-178.11,255.31,2.014885478135172,1.1211673291708064,177.62160934953667,-23.24,-163.03,-167.07,260.37,177.95920544858748,2.0438120779562885,1.128849945741239,177.6918978156245,-29.6,-169.56,-174.54,255.3,2.058157564425037,1.1291833597782075,178.18240937758625,-28.74,-169.98,-174.48,258.24,176.92020621653262,2.0214390641322844,1.1095805063175896,174.2895611221261,-26.24,-159.5,-167.1,247.89,0.9837255803183618,0.0204635778433273,106.78818829454924,4,2.48264419118004,6,3,122.37442715353885,1.7946440622028637,6,4,124.19099170597568,1.854755948905408,6,4,123.8249160260087,1.831081401795125
YEVJEO_#[2],3633.84,3379.2,3625.34,3896.98,231.5,-66.06,186.92,573.63,0.7113654972952212,0.0057320104874517,15.637016091936474,80.53527431334417,175.7296070985113,2.027983209989668,1.149256098526347,175.88424607981267,-34.03,-178.17,-182.49,258.56,2.0322390090734905,1.138110407649451,178.07783059432057,-31.12,-172.31,-177.5,256.44,178.0798073990355,2.043066501609774,1.1450600551936128,178.6546495939376,-33.25,-174.3,-181.41,255.95,2.0529542225777955,1.1275223013315527,177.21426766236178,-27.58,-167.89,-174.27,259.44,178.49575395065327,2.0181705477981784,1.1418597286882486,177.77096260149193,-37.88,-175.29,-180.69,242.35,1.060902565707352,0.0259032204307838,101.87699222754584,4,2.461701996586914,8,2,119.28039778052629,1.6678539594341,6,4,127.76931884752317,1.8017563486775907,6,4,121.39694167676164,1.7936905502343483
YEZZIM_#[2],3651.26,3567.16,3626.1,3760.52,248.33,166.42,273.03,305.54,0.8267579222608621,0.0077139518667256,26.36871851176275,111.1612386319098,176.42712028896366,2.055212933007186,1.1301380712107705,176.80473061513095,-28.53,-170.51,-173.52,258.45,2.0401626748864907,1.1297363453478866,177.63486027592313,-32.43,-170.73,-178.98,252.43,175.0939795420426,2.0099384692074533,1.1397947929342367,178.10036856036618,-31.84,-171.49,-179.83,255.79,2.066282717829291,1.1212850395862777,175.74529244253725,-30.48,-167.9,-179.19,255.66,175.6095230761834,2.00888352325365,1.1325100352756268,178.72191365138954,-34.21,-170.82,-174.34,242.53,1.0358380123762612,0.0221310457243698,33.040830733470926,4,2.532150816993332,6,3,109.4621309442222,1.8287354237286488,6,3,122.85233343099112,1.8229935765108995,6,4,111.8192234844311,1.8730474259879275
YEZZIM_#[4],3634.92,3527.29,3629.5,3747.97,271.31,206.91,251.39,355.63,0.8164631419607276,0.0075603768849142,25.7319291850436,106.75545831511886,175.0216312056021,2.056750801628626,1.1294791897153305,177.54695733912448,-31.97,-171.77,-178.79,254.64,2.04038770335444,1.1249889510568527,177.3336258717756,-30.0,-169.29,-176.92,256.22,173.94633814596213,2.03308737884037,1.1390981959427386,175.73624562099133,-29.89,-171.52,-176.12,257.95,2.0307027034994545,1.144645678801961,173.8348946683482,-37.35,-176.47,-182.86,247.27,176.05394118158577,1.9909224118483355,1.148329338648108,179.17016186264,-39.03,-175.9,-180.49,239.28,1.0207346424477222,0.021512837378554,38.78639021790967,4,2.520248085010681,6,4,116.5283299658152,1.854225819580776,6,3,110.67862175261628,1.8332702310352376,6,3,119.62757790165936,1.8317789195205856
YILQOZ_#[8],3644.8,3509.74,3670.42,3754.22,253.88,216.64,226.54,318.46,0.8829072762879959,0.0089174346332363,26.70012278084716,116.44867161857864,172.57050762301003,2.000661955453744,1.161341056709872,177.1483404435457,-38.66,-181.11,-187.43,252.55,2.0513776590379456,1.113627859744897,171.77085159935635,-26.85,-161.51,-170.74,251.68,177.05878736350795,2.0339774654602247,1.1457770900135855,176.92237344302765,-32.34,-175.4,-179.7,258.07,2.0228227826480496,1.1405083691056368,175.10929194668643,-33.9,-174.92,-179.63,252.84,176.89415064665002,1.9773576054927453,1.1415225402943212,177.40372445195698,-36.63,-174.71,-177.72,242.54,1.0668627843425138,0.0234136359375075,44.29060578106089,4,2.5469838593913385,6,4,119.49183206576512,1.8248876513363776,6,3,117.10195784697449,1.832895182491351,6,3,112.54036917782126,1.8494431756612588
YIWWOR_#[2],3570.27,3409.03,3569.33,3732.44,324.55,165.09,225.17,583.38,0.8038116204554488,0.0072499430596573,24.66938253356011,103.87758661539176,176.89707939990112,2.0561200378382583,1.139126862996391,177.4606976718393,-31.48,-174.28,-178.1,257.96,2.035556046882523,1.1442816873480055,176.32445219073858,-35.59,-177.96,-181.61,252.79,176.98322872273303,2.047850250872852,1.1383846142670755,179.38325428122528,-31.66,-174.25,-178.59,257.88,2.044991232255043,1.1448281137358576,175.95065383404474,-33.71,-175.7,-180.91,255.48,176.26306107513142,2.007124238805362,1.1384971761054137,176.3957837616012,-38.53,-173.89,-177.05,235.35,1.0326084857227649,0.0221260489208432,103.49967254729307,4,2.5206153336040766,6,3,111.99832118330517,1.8254346496108809,6,4,121.76627237397796,1.8405475951466204,6,4,123.29080663306024,1.8306467846092
YOBPUA_#[4],3394.77,3193.41,3254.79,3736.11,41.31,-5.1,30.84,98.2,0.9944862777215892,0.0117037392710278,33.474705676489364,142.32428962436137,172.24256533977513,2.0190293237097867,1.163977615764152,172.15970706980536,-40.49,-179.34,-186.73,244.59,2.0235721830466047,1.1507858749567632,176.71797228656695,-38.2,-175.72,-179.45,240.56,175.89820569320457,2.0227569725500887,1.1464217112389332,178.3031134042514,-32.55,-172.87,-176.67,251.87,1.9688921885161703,1.185024210723139,177.93691453714692,-46.22,-186.6,-193.02,240.95,173.05570328018217,1.9115954880674944,1.2112471176436304,176.76514815231144,-56.17,-198.3,-199.61,229.38,0.2051510882595359,0.0006168321690318,164.45063651069384,4,2.5858609978109817,74,10,131.29695422975638,2.47609320099224,74,10,132.60517364176934,2.4287807599699063,74,10,135.49879476891653,2.4424068559517265
YOCMIP_#[2],3499.8,3358.49,3500.26,3640.66,161.12,-27.28,190.92,319.72,0.6999044726056258,0.0054954968360131,28.76388456455929,104.22725392892438,173.19170152903223,2.0466474684224454,1.1244222249671152,174.8736175931284,-27.56,-166.79,-171.02,255.13,2.0567752769809333,1.1395432330543678,174.75535567959446,-28.57,-169.02,-174.13,257.42,177.25039201731911,2.041829801917878,1.132994704312425,175.84929267232556,-28.83,-169.66,-175.77,258.95,2.064317160709565,1.1306734541856018,178.6770721844866,-27.06,-169.57,-173.92,262.31,176.55945307018985,2.026485810461056,1.105624298756137,176.70574449045833,-27.66,-162.78,-165.59,245.4,0.853238948323142,0.0156215447192421,49.63798259132098,4,2.4671537872617506,17,1,115.24769399299458,2.068571799575736,6,3,116.22837947750546,1.8071262518152964,6,4,120.0964335004832,1.875360386699048
YORHAQ_#[2],3518.48,3295.26,3596.34,3663.83,34.35,-232.82,144.88,191.0,0.7242708278142733,0.0059286080376483,24.968952447299515,92.65313259596446,175.47705905267546,2.040467831160296,1.1345637311319272,176.9087315535631,-31.48,-173.48,-175.99,255.03,2.0371605754088216,1.1351768408490366,177.57444139949175,-31.17,-171.51,-177.1,255.1,178.57955418763294,2.071035752950682,1.1313650074136112,176.93725390126934,-30.2,-170.78,-175.74,255.91,2.03330547877096,1.1413719113417855,179.17283691630732,-32.0,-174.37,-176.56,254.93,176.1413498559038,2.019911490635172,1.1441046018612115,179.21729454040957,-43.23,-180.65,-181.19,232.16,1.0177092898342002,0.0238966272649074,57.46267717730088,4,2.4749387224737505,8,2,111.48813947569086,1.676687833199727,6,4,124.77566976902632,1.8932611045495025,6,4,116.92097770215616,1.8194486500036209
YORHEU_#[4],3564.13,3365.41,3538.45,3788.55,110.21,-131.0,212.06,249.58,0.7483911142253863,0.0063055691426311,15.11721981784244,68.31871137327445,177.3246230126056,2.0336888011689505,1.1353484663309314,177.2259829134206,-31.96,-172.13,-175.14,251.4,2.046402142786212,1.1352247398643145,179.08322687220064,-30.04,-172.32,-175.63,257.82,179.27040420716105,2.0358462834899886,1.1341464940650308,176.9575411208417,-30.96,-172.75,-175.99,255.87,2.0434840689371674,1.1304538336438144,178.55222723180106,-28.57,-169.3,-172.87,256.47,177.46496444342762,2.0184395011988845,1.144333382367219,178.28586847821165,-42.49,-178.55,-182.91,233.97,1.0774894164479294,0.0264575833054092,55.01979798948305,4,2.484606828051473,8,2,113.73900335355744,1.6719435905556148,6,4,118.91794805669107,1.8270526812328087,6,4,117.9842524039736,1.7998453794701357
YORHIY_#[2],3474.71,3262.19,3442.64,3719.3,94.23,-155.27,200.62,237.34,0.7297177134615422,0.0060013004395105,18.36799491908961,80.6727598824969,177.96557033662205,2.029937563079219,1.156442004598588,179.4606862677518,-37.05,-181.62,-183.49,253.97,2.0358639370056144,1.1456260559187712,179.55295702952512,-34.28,-176.02,-180.42,253.61,178.49853655361548,2.0349138876129373,1.1484361758495767,179.60668270307735,-34.36,-175.48,-178.45,250.84,2.046374555158464,1.1405406524977528,178.2023105825127,-31.51,-174.05,-177.39,256.92,175.56897084674424,2.026811848692424,1.143543908208163,177.16368856944942,-42.83,-180.31,-182.01,233.84,1.0381515439302822,0.0243011588579089,54.08786907643386,4,2.4726109863866577,8,2,112.31128773856668,1.6930384933603844,6,4,120.30112100117243,1.835022343188224,6,4,117.65046918438526,1.813469034750801
YORHOE_#[4],3486.15,3307.39,3449.01,3702.06,228.07,116.06,237.45,330.69,0.7649936570125222,0.0065672562361402,23.77343621764105,85.07519992803579,176.95418818527895,2.0387223793346667,1.134975303696075,177.92015782620012,-30.95,-171.98,-177.67,256.81,2.052274706271068,1.1383149344535552,178.08100397055614,-35.97,-173.58,-182.67,248.35,173.67174611328403,2.051741465194872,1.1374108712334343,177.62017157635773,-33.7,-173.65,-178.76,251.31,2.0418483881032894,1.1333159180034489,176.71061291657938,-32.43,-173.45,-177.93,254.1,177.46304306932078,2.0148322957506903,1.1465721782774947,177.31369320958143,-43.09,-178.02,-183.16,231.9,1.0718741998018102,0.0254948547709959,38.788716439217765,4,2.4988800411384315,7,2,107.05948818088936,1.7028765339859502,6,4,118.70340812478324,1.8286170976997893,6,4,118.39767887627016,1.8213980921259345
YOWQUY_#[4],3626.05,3575.12,3607.0,3696.05,322.17,239.01,346.19,381.32,0.7360496201881475,0.0061130656814883,27.50950596555566,103.22706926925086,176.32879933480558,2.061480290955992,1.1278541084732552,177.90990347781596,-28.71,-171.22,-172.96,258.06,2.034072225856299,1.1446144853180922,178.45129556417135,-35.99,-178.72,-181.42,252.16,172.7967864339262,2.0503305318899194,1.1302080737634117,177.02845636915634,-30.68,-172.62,-175.88,256.45,2.0430743525383503,1.1409147952410814,176.09045957763388,-36.08,-175.58,-182.21,249.55,176.01997674287404,2.012496693164985,1.141930545173393,177.47276776953728,-37.69,-173.74,-177.72,238.4,1.176621612107089,0.0405393954816182,62.1135323894957,4,2.4819205909939974,6,4,122.0737988256048,1.8501472671114585,6,3,120.81688575533168,1.8273766032211325,1,1,114.4521875783816,1.4149946784352234
YUNQAA_#[2],3543.06,3408.31,3538.59,3682.28,155.79,-16.01,132.92,350.46,0.7807101741822873,0.0068967158325932,22.603145757076334,102.1182083827732,175.49120907838196,2.048893120687363,1.1482299464828467,178.2703475171056,-35.26,-178.23,-182.61,255.06,2.027707575070921,1.1454079360647018,177.97366412213117,-35.45,-176.14,-180.58,250.38,175.95497399967155,2.040019786668749,1.1460375822807904,177.01153226690568,-34.65,-173.99,-181.2,251.26,2.029970150026842,1.1448790809513456,177.34882971162807,-34.32,-176.48,-178.27,251.8,175.100998449372,2.004901718289452,1.16030872615869,179.0287199918761,-44.69,-182.44,-184.94,233.3,0.9549207752900106,0.0186710549186959,72.98854075702664,4,2.4987245746580387,6,3,120.74771959601422,1.873862470940704,6,3,114.70154902728255,1.8781208534064044,6,4,118.19155094513069,1.834348849046986
YUNQAA_#[4],3539.36,3404.66,3556.5,3656.92,170.38,138.98,15.23,356.93,0.7999712081086747,0.0073750341848908,23.07361267659317,93.87592541773752,175.5822654577547,2.0348302779347462,1.1422186042960432,177.95088400119585,-35.59,-176.11,-181.45,250.79,2.055476579774141,1.148855782942315,177.98332417467145,-36.8,-179.8,-183.15,252.55,176.0516059068993,2.0082837199957586,1.1722560513812663,177.68607566677545,-41.13,-186.14,-188.9,251.64,2.0045567739527854,1.1775143905702374,177.9484031268601,-43.19,-185.87,-194.2,250.5,176.89586127494647,1.98835803868418,1.1719235043295286,177.946896015599,-47.76,-185.49,-189.05,231.26,0.9640452064043504,0.019104535509851,73.06433326906145,4,2.4982838029335266,6,3,114.51654451269444,1.8671559495660768,6,3,120.30520032042116,1.868081339235528,6,4,117.96013712883772,1.831523707190273
YUNQEE_#[4],3523.89,3213.48,3586.85,3771.34,170.52,174.12,269.56,67.88,0.7865292756623925,0.0069728753767579,29.16485521447227,115.63887939603914,175.7247296437774,2.050871390409452,1.1367526599924895,177.5221134574643,-32.06,-173.16,-177.35,254.33,2.054560804649013,1.129317183080112,176.38341632928731,-31.06,-170.5,-174.36,251.68,174.95196090087867,2.052471400531564,1.13618738771384,177.86955974076943,-29.32,-171.24,-176.17,259.46,2.038864590893667,1.139002748021268,178.38930603147935,-34.2,-176.97,-178.09,252.45,174.62523483753057,1.999943371698308,1.146734097339048,177.51280194625153,-42.01,-177.61,-181.95,233.53,1.101288155737565,0.0267129398414416,40.05378615126493,4,2.511259877033837,7,2,105.67545770060146,1.712328175321542,6,3,116.39442385748777,1.8001012193762889,6,4,118.54550926908352,1.8187739249285493
YUVZOE_#[2],3526.78,3427.8,3483.19,3669.36,163.02,183.37,298.74,6.95,0.7468247530946313,0.0063042329385939,20.35917796383396,90.31625922250174,177.06562697692354,2.046092277977708,1.138684635884756,178.80085154369678,-31.85,-172.14,-179.13,255.72,2.0310652229802963,1.1446210814064182,179.73379740191936,-32.54,-176.92,-180.3,259.6,175.7406586678075,2.0388341129184595,1.1551565694744583,176.57221122276133,-39.28,-180.71,-188.04,250.9,2.0497464087052326,1.1342602919965068,177.86712717828587,-29.58,-171.6,-176.13,258.98,176.3268519479862,2.0093281513978747,1.143091684861717,178.94296453468525,-38.54,-177.95,-179.62,241.95,0.8479469465450924,0.0158942068452576,46.61365125193099,4,2.4831080866526936,17,1,112.52121589293888,2.054336340524599,6,4,116.78768936640644,1.8806721006065887,6,3,120.74799231608236,1.818421925736708
ZADWEJ_#[4],3660.37,3501.74,3602.59,3876.77,580.6,436.74,596.43,708.63,1.013685081352265,0.0114453006790593,37.11323878882348,147.40105027564545,176.27418652594483,2.049236543203346,1.1251717779965869,178.40300172743804,-34.07,-167.06,-181.13,245.98,2.042762066418897,1.132804524178819,176.93484455967695,-37.33,-170.35,-177.38,235.74,176.56874501189054,2.053173672634637,1.1357079950409787,178.1474404765091,-31.78,-172.09,-176.2,252.96,2.0093033643529288,1.1600039482691429,175.9049700619019,-45.49,-179.3,-186.79,229.62,170.85779502298786,1.988007007029905,1.142206277342232,178.36114704985866,-36.21,-168.17,-176.8,236.34,1.3326181642184722,0.0577250820332223,26.62252328362274,3,2.6367075795393013,14,4,105.58530634089122,2.2105077561501565,1,1,101.8482959020377,1.4241440446808746,0,0,0.0,0.0
ZAFGIW_#[4],3362.4,3098.1,3259.64,3729.57,226.25,106.87,237.22,334.71,1.0243713013768363,0.0118021044893517,27.54159354438933,128.45786396307298,171.96237041182033,2.046019755525347,1.131498342906431,173.82808796772142,-25.7,-165.98,-167.78,256.63,2.0113829023833327,1.1495809714848275,175.3612904849932,-40.13,-176.53,-178.92,235.06,176.18636544200265,2.020425205247648,1.1470515332800006,178.72157174652946,-37.19,-176.14,-181.47,246.03,2.041045629083289,1.1362576204364927,179.33667199408606,-32.46,-172.42,-174.53,249.56,175.96282506535744,1.9709474777375475,1.1546762836397049,178.95943228070735,-46.29,-179.97,-183.45,224.56,1.26072277951938,0.0235823321253714,39.62261106674872,4,2.6325869748215345,26,8,118.7474702111232,2.331061451356442,6,3,101.17511646638832,1.851345224424661,6,3,111.84967250152896,1.8515804222339352
ZALNOS_#[4],3454.85,3317.26,3493.48,3553.81,88.36,-168.21,164.78,268.52,0.7782334959540722,0.0068387421886856,30.29681852073704,108.16048203088847,171.78558090760976,2.0336684734734907,1.137130186038521,175.38344977354976,-31.18,-172.21,-175.06,253.72,2.0486513661431025,1.1454469433369672,174.14909851581018,-32.7,-172.98,-179.14,254.03,176.68638192933625,2.027513681828065,1.147232539636146,174.9522390670517,-29.18,-169.73,-173.74,255.92,2.0565083442573244,1.1403742631259268,179.908085000339,-32.09,-175.27,-175.44,254.44,179.04941872606472,2.0078073737288653,1.1398169546027992,179.2405875571727,-38.92,-176.01,-179.49,238.75,1.021472559776864,0.0233373388491317,63.79879370996599,4,2.501769945458614,8,2,119.36306588380032,1.7061421541008828,6,4,118.9649133070909,1.8424793458815216,6,4,117.58955123930892,1.9137432168397093
ZALNOS_#[8],3438.33,3251.92,3506.36,3556.7,93.95,-182.01,177.39,286.47,0.7577938240495015,0.006460359219398,29.584238958754568,106.26229391313524,171.4118375810018,2.038125032965348,1.1438116409619203,174.31575033075396,-33.99,-173.36,-179.84,251.23,2.0385426313913584,1.1429027123950657,174.30401179280335,-32.47,-174.73,-176.73,254.05,177.62463476992846,2.048766433735187,1.137327617707405,177.70969369000687,-32.29,-173.96,-176.18,253.28,2.043557990368759,1.1348167517269043,175.24235875099603,-26.27,-165.62,-170.65,257.47,176.42674517506566,2.01434214819628,1.1469655443822186,179.04602352473128,-40.16,-177.93,-181.24,238.69,1.024393942707583,0.023607144961905,65.45096879330531,4,2.4913431417610865,8,2,120.44134094225868,1.7127504342431208,6,4,119.57857045099638,1.9126239410819896,6,4,115.4431045890843,1.7998671645429836
ZALPAG_#[2],3346.14,3197.57,3344.48,3496.38,129.07,-34.34,136.36,285.19,0.8409944646089063,0.0079253429392873,35.73186196677406,161.9115532254606,166.07245796798915,2.043734750401822,1.144208661040459,170.16013854257008,-30.05,-163.42,-170.75,244.01,2.03022473879125,1.1439309856805175,171.57604179361056,-37.34,-175.2,-176.75,239.93,177.97921189414134,2.043992507324819,1.1428435063472162,179.32275479607193,-34.53,-176.4,-180.94,253.74,2.040089127954953,1.1442936380142996,178.6445166463489,-33.67,-176.97,-179.63,255.59,177.29994266314998,2.0071771371754914,1.1384828061942782,176.97676847391728,-39.32,-175.31,-182.07,239.41,1.08219821047172,0.0282419012536505,43.52483677125973,4,2.5376403310950115,8,2,113.69516225678124,1.6228958346116975,6,4,120.27561728117132,1.956912897908336,6,4,114.96659327545903,1.8687158398215609
ZALPEK_#[2],3356.96,3168.67,3385.76,3516.45,128.31,-33.33,136.68,281.59,0.8543160430498447,0.0081993652014768,35.15004650056456,161.24357459430882,166.1272241774983,2.032956750646703,1.1406305317674077,171.89760089460498,-36.45,-172.9,-175.42,238.96,2.048028041800209,1.1386176619041175,170.0012802932291,-28.2,-160.82,-168.6,244.82,178.3938652044143,2.03968071275874,1.141293292716644,179.05171203342246,-32.75,-176.19,-178.41,256.36,2.0371061852539745,1.1475937608753368,178.88762756404802,-36.62,-178.93,-182.55,251.61,177.28422367519923,1.9985233673890328,1.1461339406893072,176.9336540607808,-41.33,-177.67,-184.53,238.21,1.092295342012905,0.0290006517447739,41.63048068145612,4,2.543848637399639,8,2,113.93727911155644,1.612795569810384,6,4,114.23910987180224,1.8751555695461648,6,4,119.95862497028116,1.9590040888165592
ZAPMIM01_#[4],3658.89,3490.7,3724.38,3761.6,250.18,241.72,432.41,76.4,0.8024702054672996,0.0073746673228135,24.64734674547149,95.04562227075468,177.36565560178084,2.0041301604436788,1.1771050675279584,179.6760029458567,-41.68,-186.49,-189.1,250.53,2.024603593299191,1.1520175606300451,178.16987287369346,-31.84,-174.81,-177.55,256.85,174.814741674601,2.0141422268548954,1.1679590104108974,177.9934422801489,-39.04,-181.77,-186.56,251.2,2.0084595938181087,1.1727615017555777,177.18970001423148,-39.03,-184.18,-187.01,254.1,177.4536558507091,2.003270188966032,1.12824824839217,178.76822756351348,-31.11,-166.91,-171.32,244.9,1.5058367288157584,0.0308829811079274,203.95889910736943,4,2.4924032759567623,74,8,142.33661486251953,2.5523168729607213,6,4,135.5472382331712,1.7786644933769826,6,4,136.17442941706253,1.7602189267247426
ZAPMIM01_#[6],3493.61,3195.38,3542.68,3742.76,-17.63,-145.99,-615.87,708.97,0.7302217625259191,0.0060869636791081,23.704559946660453,93.55755232222124,175.04100928062076,2.042062281126607,1.1266140998585092,178.01180542179307,-28.9,-167.35,-170.2,250.84,2.016831400985218,1.1459851177044145,174.63249207440617,-31.98,-174.29,-179.31,257.67,176.66436259027043,2.0171771637612803,1.1377650196767355,176.08538778344305,-28.02,-168.54,-174.15,258.64,2.0210090796431364,1.147338206458757,179.72902337445416,-33.56,-174.95,-178.46,252.72,177.4985827927961,2.01745282472726,1.1436243482892448,178.53963812077637,-42.56,-173.84,-180.26,226.42,1.0087760722527428,0.0274767470511831,125.30518010220644,3,2.461039607564252,74,8,157.10728205837506,2.36993796754261,6,3,138.6303399435017,1.6589067333638738,0,0,0.0,0.0
ZAPMIM01_#[10],3706.8,3516.84,3753.88,3849.67,227.13,209.03,38.71,433.66,0.7991596688399365,0.0074854253640466,23.317251333456014,103.30084439256198,178.34984582214972,2.0090828653890807,1.1400231795889058,176.08091907601505,-28.24,-169.4,-172.82,257.5,2.0311177243084666,1.1263099750956644,179.2277084828736,-28.4,-166.3,-170.87,251.97,172.7110460064159,1.9830270673896544,1.1749147756326812,178.4212758341751,-40.33,-184.46,-188.06,251.54,2.004415411036344,1.1797128591314074,174.28681076158628,-42.16,-186.89,-190.48,250.9,178.21950400121662,1.9664554177504256,1.164596621152577,177.9964750273774,-42.61,-180.62,-183.93,236.72,1.4184626346225269,0.0269880143491973,204.4218811166193,4,2.478315498478756,74,8,139.9767074693528,2.564384505100588,6,4,136.44401502313048,1.8189596174736813,6,4,137.04520911815138,1.8052777514831355
ZAPMIM01_#[12],3435.26,3193.72,3498.77,3613.3,-13.31,-129.42,-635.5,724.98,0.6825924236205645,0.0053671855258247,12.740708678422491,67.5738823146415,177.99148045238246,2.0567470748733307,1.1296004603398482,175.3888134083568,-29.44,-170.59,-175.98,258.24,2.065600859314307,1.1309107878166158,176.45080162527807,-30.21,-169.48,-173.93,252.79,176.48068422698165,2.0319601718537665,1.1478818972350784,177.75826022204183,-32.88,-175.57,-179.1,256.03,2.0271672008001715,1.1609498438778467,176.39896099217592,-36.61,-177.07,-185.3,252.54,178.31705064409863,1.9984534520473587,1.139069550115356,177.6851625909696,-40.97,-171.07,-176.65,224.81,0.9861713525232868,0.0260107789581567,129.31029865271438,3,2.445541205950126,74,8,159.1858502634232,2.382907522334849,6,3,140.14030806648947,1.6745958497500222,0,0,0.0,0.0
ZAQFOM_#[2],3638.16,3466.26,3571.2,3877.02,218.5,101.84,232.97,320.7,0.92527414796306,0.0101583064328441,23.157556912906585,104.6121617161168,174.7890327711681,1.9668127618052504,1.185176919282518,179.43217848046123,-41.99,-190.29,-194.15,258.47,1.9319165949905808,1.2161719286350925,172.72110330812728,-53.24,-200.71,-203.93,244.92,177.81043667025972,2.0138793136630606,1.1308363984237508,177.88962028354393,-30.83,-169.3,-175.92,252.72,2.008832349898816,1.1245628884148722,176.27364724330366,-25.4,-165.5,-169.76,259.07,175.248956511381,1.9703029259481912,1.161242248628597,176.8256778599864,-41.9,-180.05,-186.57,240.94,1.0354041195202732,0.0221095947417821,39.88918135261317,4,2.533513278039016,6,3,115.79867874831152,1.8231426960059924,6,3,110.54304045821668,1.8798360832796035,6,3,120.9810301475579,1.8267528157909048
ZECJUP_#[2],3449.33,3302.77,3444.78,3600.44,133.41,-55.41,199.29,256.34,0.7387635756259292,0.0061589220800505,26.24288430843937,96.7037089439371,175.97496021559846,2.0240775750943945,1.1494667459304768,175.4148888838343,-36.25,-178.67,-182.61,252.52,2.046518255476846,1.1480522026458564,177.65621907239486,-31.09,-174.8,-179.56,261.08,177.1731851331704,2.0642521212293814,1.1270025998195397,178.69136688182914,-29.43,-168.75,-174.55,255.02,2.03927059754217,1.149119702206867,178.85414042444424,-37.15,-180.4,-184.68,253.65,175.90381338860965,2.020985860910461,1.1407773621526682,179.4193999774169,-41.6,-178.0,-179.68,232.87,1.0871370261152329,0.0273293117395221,26.200810325080752,4,2.482279027426208,8,2,109.95100928873364,1.6513011415244656,6,3,120.1884963369704,1.810691619243873,6,3,110.62544168776924,1.81057026927982
ZECJUP_#[4],3459.98,3319.04,3433.96,3626.94,138.39,-55.38,212.34,258.21,0.7561461961499591,0.0064293615286451,35.28184889097024,121.4713428527461,172.9284685449124,2.057774190721616,1.1274618131005594,177.66153069180274,-26.55,-167.03,-173.6,260.98,2.0475819421942547,1.135118081963283,174.2767859568433,-34.22,-174.06,-179.03,250.42,174.17643314873288,2.0368220589928807,1.1352557685385265,176.1746506805489,-31.96,-174.02,-175.92,254.07,2.028123874421876,1.1495923712342566,177.5141201779256,-35.31,-176.59,-180.64,251.29,177.0514130850512,2.021316588266173,1.1398180074029352,179.10465816863635,-40.67,-177.36,-179.75,235.09,1.1081897041444828,0.0286168849663541,28.8417896665014,4,2.492011448609336,8,2,110.75236797077896,1.6364979712789134,6,3,112.695199633862,1.818222612883252,6,3,118.68499043629836,1.8049343533768751
ZECKAW_#[4],3495.9,3309.05,3537.97,3640.69,145.25,-30.62,180.95,285.43,0.7523621349900487,0.0064102162467565,20.58096041748088,92.4038688228143,178.18960766609402,2.0161583221562736,1.143556723560314,178.84997601706112,-32.93,-175.6,-181.11,257.93,2.060247640454904,1.1317711915400577,179.37450305090948,-30.42,-170.98,-176.21,255.94,176.16611782667192,2.0464056538233084,1.1341204609740545,177.59610297866476,-28.14,-168.97,-174.72,259.26,2.0540589524159234,1.137412563672478,174.8542923615881,-33.78,-173.38,-180.18,252.22,175.15703614690034,2.0128207818879456,1.1422199788131882,177.41220036713764,-41.45,-176.9,-181.3,233.84,1.0902880507161117,0.0273054569737853,44.16682195137527,4,2.4893555511417,8,2,118.55054246176756,1.6573138296653411,6,3,119.08127602644568,1.8179249379443592,6,3,111.41429287536478,1.8122517843831745
ZECKEA_#[4],3550.82,3368.58,3616.39,3667.49,152.56,-18.41,179.06,297.03,0.7449758095763506,0.0062284278539582,20.53307843690133,91.13629273339096,176.56644303847554,2.048446860428651,1.1368008488737158,175.9843093992506,-30.27,-171.65,-177.34,258.19,2.0400057867564985,1.14687827165746,178.623771680959,-32.64,-174.49,-178.58,255.16,177.43887640931385,2.039176257707998,1.1408603858492063,177.3999186295601,-31.77,-172.55,-176.48,253.71,2.0494917052771897,1.1389598983282954,179.44249140287098,-30.71,-172.74,-178.19,258.8,175.36883439114376,2.0208688453237142,1.1441544825765435,176.5497210203056,-38.82,-176.47,-179.96,239.98,1.097274663579441,0.028843826038352,41.881320751722185,4,2.486583376844621,8,2,115.65460694000475,1.6092911420871,6,3,119.39885251149794,1.8348255748163087,6,3,113.01772988380024,1.8210840864715712
ZECKIE_#[4],3566.0,3368.54,3628.9,3700.58,153.17,-14.11,180.71,292.9,0.7623589416602661,0.0065389617421995,22.589322409451626,92.48657048348292,176.38220126933402,2.0497488651051854,1.1299712651213745,176.30320134397377,-29.18,-169.2,-175.86,257.52,2.0450461755178058,1.14143903910809,178.25860137545243,-32.11,-172.6,-177.34,253.62,178.03860491975922,2.034186594194346,1.1455715473072834,178.7899691902933,-33.07,-174.42,-177.96,253.17,2.043666924917072,1.1425407476322234,179.44319881468476,-31.76,-174.23,-179.51,258.46,175.57288625805154,2.012786200767483,1.148546982060378,176.50188357890542,-40.46,-177.99,-181.44,238.06,1.1133618144875657,0.02982686426275,39.48174792106491,4,2.494502317096538,8,2,116.60895901002016,1.5999068504134863,6,3,118.45724009423236,1.8304845287518816,6,3,111.8465258804152,1.826391943149115
ZECKOK_#[4],3529.87,3301.67,3585.46,3702.47,160.24,14.02,185.96,280.74,0.7698397916962376,0.0066863564775938,24.1568964188874,100.26723769217816,179.0784871569346,2.022870396243912,1.143770330966842,179.32570707733555,-36.35,-178.39,-181.83,251.18,2.053172708273709,1.1351693485995824,179.3932253498713,-32.35,-175.12,-176.47,254.55,175.7980335524902,2.0431340484657383,1.1448720103138168,177.3454639207627,-36.62,-175.51,-181.82,247.46,2.0503792478466023,1.14192933669295,178.36950015586237,-29.83,-171.33,-177.12,258.97,174.35202506856672,2.0111368924068795,1.1456387606920428,178.6607391136422,-43.58,-179.57,-182.06,230.88,1.1293088464254446,0.0311001981674822,31.671118519028084,4,2.4980425336651098,8,2,111.59438776953378,1.5821963531749148,6,3,119.86678720827864,1.831921971591585,6,3,111.9765296521808,1.8213915833779404
ZESWOJ_#[4],3607.09,3520.66,3619.01,3681.59,236.25,181.35,212.57,314.83,0.8813147868690459,0.0087394415216512,18.25940573693813,93.82753061135938,176.2172547194622,2.063938535906532,1.1298624518055287,177.4570976249157,-29.43,-171.17,-177.1,259.99,2.0279503075765937,1.137621277051374,177.13855212822875,-32.95,-174.08,-179.0,254.22,177.79839899078587,2.031802276305448,1.1375076175569108,177.8944012512783,-31.79,-173.55,-179.25,257.45,2.0424310735004005,1.1347982023249774,179.47979166407097,-30.72,-172.85,-177.68,258.37,178.5896249255556,1.993159143169455,1.1433866275236924,178.45906652068467,-38.69,-177.56,-178.2,239.7,1.0740781134807456,0.0234875707843488,42.334129692057004,4,2.5606451394131127,6,3,116.29182733332024,1.8398829826921064,6,3,116.42859821968112,1.8554177588888168,6,3,115.67682958162229,1.838478449696923
ZEWFEO_#[4],3451.9,3310.5,3436.56,3608.63,444.84,330.31,385.18,619.03,0.9645570721542928,0.0103044076599887,28.01862217694628,119.88358886800124,173.1972783595111,2.069536020464492,1.1312631435700538,177.04069857172374,-31.04,-170.02,-173.07,249.96,2.0481954447757174,1.1320340851758837,173.40352223395686,-33.42,-169.25,-172.89,241.89,177.20184348187342,2.039046129934289,1.1414725445668852,175.2007616714104,-36.03,-175.73,-178.7,246.35,2.084237764747583,1.131042859488534,179.0336215619485,-31.99,-171.84,-177.4,253.28,176.17061124512003,1.9928926463811345,1.1497765000207645,178.62268806791857,-40.11,-170.77,-181.95,232.4,0.9412939541320546,0.0152306592096353,60.42692846293218,4,2.625515844553219,13,4,107.46901745373329,2.391008191119386,13,4,129.79190884024993,2.4179895223098056,6,3,115.89385443745785,1.8506418832394336
ZEWFOY_#[2],3738.89,3620.78,3784.08,3811.81,509.6,430.82,499.78,598.19,0.8886326843985903,0.0088948148342838,18.3039609014955,96.72285687326732,178.65586183400666,2.0449255463219185,1.1343843484463283,179.2700498244659,-32.13,-172.84,-176.94,253.39,2.031021068329918,1.1417408331140648,178.1803322166264,-32.98,-175.33,-180.62,257.0,175.36133636165303,2.028340587771196,1.12680411784835,178.37605626788363,-28.42,-169.42,-174.43,258.6,2.035316655953073,1.1563841489747262,175.7905038271774,-40.3,-181.51,-187.43,248.06,176.90348295697248,1.9899124427974213,1.1401357901583475,178.04508190404056,-35.76,-171.14,-175.14,238.99,2.106503073400801,0.0742029176943363,48.0921567448178,4,2.55908287087386,13,4,127.0211124426193,2.386551949989776,1,1,110.7560903201859,1.4195541624045196,1,1,112.12402846951622,1.4195775850583157
ZIHBIB_#[2],3549.44,3296.0,3626.3,3726.01,51.07,-201.31,152.96,201.55,0.72271825705345,0.0059296258636741,23.641651652408115,86.05090588961767,177.09476439399307,2.038517348466772,1.127381851902896,177.6108823860511,-26.7,-168.82,-169.7,258.44,2.043921559160233,1.1377806906429728,178.49602342446622,-31.47,-173.9,-174.71,254.2,179.62760130335786,2.0576577217797896,1.1265728782462323,177.8752223133169,-27.06,-167.53,-170.29,256.65,2.039402152592765,1.1405642156406623,177.418100968187,-32.89,-174.4,-175.26,250.98,175.13126711088077,2.0042775306828147,1.1518961802176444,178.6914317034801,-44.75,-180.13,-182.56,228.42,0.8306375417338769,0.0231149575894076,68.77957203020854,3,2.4703862167685444,15,3,125.47857821214768,2.157586429323285,6,3,143.391688645719,1.691008166745507,0,0,0.0,0.0
ZIHDEZ_#[2],3670.25,3542.61,3638.05,3830.09,360.38,202.92,239.81,638.41,0.8382872612251155,0.0082116453429167,37.634514569073744,152.58908579284864,173.5813944697229,1.9727798483358456,1.177541481222636,179.25439357135016,-42.71,-187.22,-190.4,249.51,1.996315300747856,1.1739822187750546,177.1673087300238,-39.77,-186.64,-187.26,254.59,169.29661013629158,2.011064347553304,1.1792286758724977,174.87747911418708,-45.1,-188.78,-190.03,243.5,1.9789969226858328,1.1288349790824168,172.66331090191656,-30.08,-168.83,-171.77,250.36,177.26230482037292,1.9866444800215253,1.160966381942217,176.0153487478625,-41.25,-179.55,-181.21,237.0,0.9290751545787032,0.0146024310935825,182.13195923370773,4,2.492132536603943,15,4,130.04909252832448,2.196256287412741,6,4,139.28508287091648,1.901500110439124,6,4,134.0846483940109,1.857813558998857
ZIHDEZ_#[4],3578.12,3375.97,3623.82,3734.55,439.44,231.12,446.68,640.51,0.7896625178391361,0.0075949245171334,51.38204410822556,184.93602566490216,168.54023786218434,2.091746722239575,1.075377059454031,172.29491817463392,-16.11,-148.82,-154.96,255.45,2.067111126669294,1.0879839337049055,178.4998010294673,-15.85,-150.64,-153.89,256.99,175.47933346023547,1.9934874817765973,1.1818008673207168,166.2919457668068,-42.84,-187.98,-190.29,249.73,2.0218949799631027,1.1610584610604244,176.61102541548726,-37.32,-181.06,-184.84,253.94,171.10174621420796,1.940954347737216,1.182549098346449,171.2628096706603,-47.09,-184.04,-186.53,229.3,0.6968988997921921,0.0112651073911304,165.00380600666773,4,2.496836442380637,15,3,122.33921226376371,2.228645079414845,15,4,138.9451975379963,2.196256287412741,6,4,137.38977897409953,1.842646669874613
ZIHMUY_#[4],3555.05,3349.46,3521.4,3794.29,245.44,185.26,27.1,523.96,1.0216389699568742,0.011795616984664,48.24312959799313,182.4829375378807,174.46707052445743,2.002773529383689,1.150545288113423,178.81298767759947,-30.19,-168.62,-176.51,254.55,2.021149187962136,1.156782957170445,173.2848137443546,-38.27,-176.36,-178.29,239.85,176.25570562173488,2.0310551765030898,1.1585664245091871,176.36541913174682,-42.63,-181.33,-186.38,239.82,2.0325252175557385,1.1407279474090215,178.5456224214139,-36.56,-174.96,-179.17,244.44,168.4304510399144,1.9676014916644056,1.1487602621957302,176.82916770082568,-41.29,-171.43,-180.39,227.96,0.820724513932306,0.021032130036093,77.51410830828598,3,2.6240043025879367,15,4,129.18790631527233,2.1766718838630696,6,3,129.72691019628698,1.8402499504143448,0,0,0.0,0.0
ZIRHER_#[2],3462.56,3318.59,3444.88,3624.23,278.86,134.46,287.65,414.45,0.9716018344757869,0.0105564742627062,44.27831758020481,150.60225343407913,170.50201932832212,2.0300343396110327,1.1395784571498355,173.5118802291282,-37.6,-173.4,-176.07,236.66,2.0462428448256085,1.1476085830979137,173.41169616783537,-35.19,-169.88,-177.68,241.99,176.59558650885816,2.0544059798394287,1.1318857097781558,177.7519351382944,-30.26,-172.11,-175.52,256.86,2.051690939201126,1.1382766667203537,177.0942784418754,-37.15,-174.36,-181.47,244.37,171.69191848951354,1.978369970455476,1.1608466263895496,179.04147940310452,-45.97,-176.7,-185.16,223.96,0.7425675938672367,0.0150190797100729,16.819505837442307,3,2.615109915472006,15,4,109.87258587506815,2.15837080224877,6,4,119.37265498306536,1.9579976378943864,0,0,0.0,0.0
ZIRHOB_#[4],3511.88,3388.71,3482.79,3664.15,272.27,132.93,296.41,387.48,1.0100965984909245,0.0113566915765277,42.71628779562779,150.86535164987046,179.27050781171866,2.0512235202434663,1.134827956123747,177.2597464975627,-30.21,-171.21,-175.07,255.66,2.036532192232668,1.1470357274296223,176.1903125257347,-39.83,-177.34,-184.86,242.71,167.66648246775986,2.0225945762806745,1.146132788990874,172.08378702816862,-39.72,-172.71,-181.19,234.74,2.062246069216765,1.1384805400181426,171.3267474652591,-31.75,-166.53,-174.05,245.34,175.01777005916233,1.983752519847169,1.1493616228150298,179.18090615950447,-40.8,-176.58,-179.49,233.68,0.7694867680670312,0.0163400998956876,13.425779583010396,3,2.6373277346587027,15,4,109.34315069544898,2.175742898414241,6,4,116.69472284355264,1.9446824188026173,0,0,0.0,0.0
ZOWGAV_#[2],3490.66,3239.04,3565.71,3667.24,225.0,132.54,257.29,285.17,0.7598633182625365,0.006496085052173144,15.230027471689596,81.90697970203543,178.2898481826668,2.0411946232537455,1.141726560959322,178.0822394535373,-32.78,-175.96,-178.96,256.57,2.0556841829425068,1.1374977626351623,178.5279586507917,-31.24,-171.82,-176.91,255.00,178.2857149374654,2.039786493729185,1.1432266879320123,179.00981596782933,-34.68,-176.11,-182.17,254.26,2.0536207683016845,1.1429785124839398,177.80323539982254,-33.36,-176.17,-177.43,253.54,176.2299392221402,2.010300017410337,1.1481975091420464,179.33644573840255,-42.53,-178.78,-181.12,232.30,0.9125191664552865,0.01682130963156149,38.92630710055664,4,2.4960352080850137,16,2,112.27038514235599,2.097490009511368,6,4,115.79347614568675,1.853500250876703,6,3,118.72498008456863,1.8275058002643925
